transaction_id,date,channel,business_unit,amount_usd,is_fraud,fraud_type,detection_method,loss_amount_usd,recovered_amount_usd,status
TXN-500136,2024-08-01 01:15:43,ATM,Retail Banking,26817.41,N,,,0.0,0.0,Cleared - False Positive
TXN-500720,2024-08-01 01:53:52,Mobile,Digital Banking,14487.35,Y,Synthetic Identity,Customer Reported,13559.25,151.52,Recovered
TXN-501470,2024-08-01 02:24:40,Card,Payments & Cards,1705.0,N,,,0.0,0.0,Cleared - False Positive
TXN-502152,2024-08-01 07:44:59,Card,Payments & Cards,15534.21,Y,Synthetic Identity,Manual Review,9045.69,2794.35,Charged Off
TXN-501133,2024-08-01 09:09:57,Online,Digital Banking,27068.91,N,,,0.0,0.0,Cleared - False Positive
TXN-501817,2024-08-01 12:26:31,Card,Payments & Cards,11203.17,N,,,0.0,0.0,Cleared - False Positive
TXN-500630,2024-08-02 03:31:37,Card,Payments & Cards,31340.33,N,,,0.0,0.0,Cleared - False Positive
TXN-502011,2024-08-02 10:27:40,Wire,Payments & Cards,118683.51,N,,,0.0,0.0,Cleared - False Positive
TXN-501740,2024-08-03 06:48:03,Mobile,Digital Banking,19817.57,Y,Synthetic Identity,Customer Reported,9364.64,2372.04,Confirmed Fraud
TXN-501483,2024-08-03 17:09:22,Card,Payments & Cards,6024.08,N,,,0.0,0.0,Cleared - False Positive
TXN-500731,2024-08-04 05:49:31,Mobile,Digital Banking,26653.23,Y,Synthetic Identity,ML Model,17395.83,1946.71,Recovered
TXN-501051,2024-08-04 11:19:44,Card,Payments & Cards,15793.8,Y,Synthetic Identity,Rule Engine,13981.84,671.9,Confirmed Fraud
TXN-501643,2024-08-04 12:32:58,ATM,Retail Banking,39929.98,Y,Card Skimming,Rule Engine,37197.73,5486.91,Charged Off
TXN-501314,2024-08-04 15:45:50,Online,Digital Banking,10503.75,Y,Account Takeover,ML Model,5995.86,433.45,Under Review
TXN-502255,2024-08-04 18:47:33,ACH,Commercial Banking,34569.95,N,,,0.0,0.0,Cleared - False Positive
TXN-500521,2024-08-05 00:20:55,Mobile,Digital Banking,18604.07,N,,,0.0,0.0,Cleared - False Positive
TXN-500621,2024-08-05 00:28:02,Online,Digital Banking,32871.98,Y,Card Not Present,Manual Review,31162.1,17061.99,Under Review
TXN-501535,2024-08-05 03:53:22,Online,Digital Banking,1932.77,N,,,0.0,0.0,Cleared - False Positive
TXN-501263,2024-08-05 08:45:08,Mobile,Digital Banking,41187.72,Y,Account Takeover,Customer Reported,40815.38,7525.69,Confirmed Fraud
TXN-502388,2024-08-05 20:47:32,Mobile,Digital Banking,29699.82,N,,,0.0,0.0,Cleared - False Positive
TXN-501144,2024-08-06 14:42:43,Card,Payments & Cards,18407.27,N,,,0.0,0.0,Cleared - False Positive
TXN-501539,2024-08-06 19:02:27,Online,Digital Banking,25959.55,N,,,0.0,0.0,Cleared - False Positive
TXN-500292,2024-08-07 00:15:46,Card,Payments & Cards,4029.57,N,,,0.0,0.0,Cleared - False Positive
TXN-501718,2024-08-07 01:26:04,Card,Payments & Cards,36076.93,Y,Card Not Present,ML Model,25630.2,982.7,Charged Off
TXN-500198,2024-08-07 04:08:40,Mobile,Digital Banking,15374.44,N,,,0.0,0.0,Cleared - False Positive
TXN-501710,2024-08-07 09:53:29,Wire,Payments & Cards,59134.98,N,,,0.0,0.0,Cleared - False Positive
TXN-501136,2024-08-07 11:37:19,Online,Digital Banking,22939.47,N,,,0.0,0.0,Cleared - False Positive
TXN-501568,2024-08-07 17:49:26,Online,Digital Banking,9751.81,Y,Card Not Present,Manual Review,3608.81,250.12,Confirmed Fraud
TXN-502454,2024-08-07 19:26:18,ACH,Commercial Banking,37374.02,N,,,0.0,0.0,Cleared - False Positive
TXN-502554,2024-08-08 13:37:34,Mobile,Digital Banking,2231.94,Y,Account Takeover,Rule Engine,2222.29,784.38,Recovered
TXN-500696,2024-08-08 15:28:22,Online,Digital Banking,33740.06,Y,Account Takeover,ML Model,24466.99,9552.05,Charged Off
TXN-500106,2024-08-08 19:57:35,Wire,Payments & Cards,103228.1,N,,,0.0,0.0,Cleared - False Positive
TXN-500526,2024-08-09 04:32:33,ACH,Commercial Banking,42132.43,N,,,0.0,0.0,Cleared - False Positive
TXN-501311,2024-08-10 00:29:22,Online,Digital Banking,15364.24,N,,,0.0,0.0,Cleared - False Positive
TXN-500635,2024-08-10 02:13:22,Card,Payments & Cards,42985.51,N,,,0.0,0.0,Cleared - False Positive
TXN-500749,2024-08-10 03:52:18,Mobile,Digital Banking,36825.13,N,,,0.0,0.0,Cleared - False Positive
TXN-502247,2024-08-10 18:12:42,ACH,Commercial Banking,14052.03,Y,Synthetic Identity,Rule Engine,8527.13,3283.88,Confirmed Fraud
TXN-501429,2024-08-11 04:03:25,Wire,Payments & Cards,156277.83,Y,Business Email Compromise,Manual Review,73212.44,5845.41,Recovered
TXN-500238,2024-08-12 02:36:43,Mobile,Digital Banking,6496.93,N,,,0.0,0.0,Cleared - False Positive
TXN-501943,2024-08-12 02:39:12,ACH,Commercial Banking,44341.86,Y,Synthetic Identity,Manual Review,41202.05,480.18,Charged Off
TXN-500667,2024-08-12 04:22:08,Card,Payments & Cards,5509.88,N,,,0.0,0.0,Cleared - False Positive
TXN-502493,2024-08-12 11:59:49,Mobile,Digital Banking,31929.75,Y,Account Takeover,Customer Reported,14798.56,228.77,Under Review
TXN-501405,2024-08-12 13:32:20,Card,Payments & Cards,35468.16,Y,Synthetic Identity,ML Model,17241.83,1664.84,Recovered
TXN-502433,2024-08-12 18:49:27,Card,Payments & Cards,1864.62,N,,,0.0,0.0,Cleared - False Positive
TXN-500912,2024-08-12 21:08:12,Card,Payments & Cards,29037.0,N,,,0.0,0.0,Cleared - False Positive
TXN-500626,2024-08-13 04:15:00,Online,Digital Banking,29004.99,N,,,0.0,0.0,Cleared - False Positive
TXN-501074,2024-08-13 05:51:27,Card,Payments & Cards,25869.21,Y,Card Skimming,Customer Reported,7970.62,2095.56,Confirmed Fraud
TXN-500082,2024-08-13 07:40:23,Wire,Payments & Cards,25636.58,Y,Business Email Compromise,Manual Review,11049.54,469.48,Recovered
TXN-502098,2024-08-13 09:51:55,ACH,Commercial Banking,36203.69,Y,Account Takeover,Manual Review,26417.64,3036.78,Confirmed Fraud
TXN-500256,2024-08-13 10:30:52,ATM,Retail Banking,20207.95,N,,,0.0,0.0,Cleared - False Positive
TXN-502197,2024-08-13 11:35:35,Card,Payments & Cards,30306.59,Y,Synthetic Identity,Rule Engine,11670.36,3173.46,Confirmed Fraud
TXN-500261,2024-08-13 14:58:23,Card,Payments & Cards,4693.75,N,,,0.0,0.0,Cleared - False Positive
TXN-502597,2024-08-13 21:15:30,Online,Digital Banking,28715.89,N,,,0.0,0.0,Cleared - False Positive
TXN-500747,2024-08-13 21:57:54,Card,Payments & Cards,17291.89,Y,Card Not Present,ML Model,14428.56,244.04,Confirmed Fraud
TXN-500360,2024-08-14 04:59:10,ACH,Commercial Banking,16798.18,N,,,0.0,0.0,Cleared - False Positive
TXN-500609,2024-08-14 08:28:08,Card,Payments & Cards,34157.17,Y,Card Not Present,Rule Engine,27890.67,7853.71,Charged Off
TXN-501614,2024-08-14 08:53:52,Mobile,Digital Banking,15036.66,N,,,0.0,0.0,Cleared - False Positive
TXN-500004,2024-08-14 09:09:03,Card,Payments & Cards,39100.87,N,,,0.0,0.0,Cleared - False Positive
TXN-500375,2024-08-14 17:54:01,Mobile,Digital Banking,17848.71,N,,,0.0,0.0,Cleared - False Positive
TXN-502402,2024-08-14 22:02:42,Online,Digital Banking,18799.39,Y,Card Not Present,Manual Review,6163.01,0.37,Confirmed Fraud
TXN-501040,2024-08-14 22:05:31,Card,Payments & Cards,29131.87,N,,,0.0,0.0,Cleared - False Positive
TXN-501183,2024-08-15 05:12:17,Mobile,Digital Banking,37595.35,Y,Synthetic Identity,Manual Review,19766.61,3282.85,Charged Off
TXN-502220,2024-08-15 09:08:28,Card,Payments & Cards,32291.36,N,,,0.0,0.0,Cleared - False Positive
TXN-500423,2024-08-15 19:08:42,ACH,Commercial Banking,41401.11,N,,,0.0,0.0,Cleared - False Positive
TXN-500370,2024-08-15 19:15:15,Card,Payments & Cards,8635.81,Y,Synthetic Identity,Customer Reported,2616.91,1052.61,Recovered
TXN-500171,2024-08-16 09:49:30,ATM,Retail Banking,10030.49,N,,,0.0,0.0,Cleared - False Positive
TXN-502450,2024-08-16 17:16:42,Card,Payments & Cards,36435.11,N,,,0.0,0.0,Cleared - False Positive
TXN-501380,2024-08-17 01:07:56,Card,Payments & Cards,9334.79,N,,,0.0,0.0,Cleared - False Positive
TXN-500282,2024-08-17 01:20:55,Wire,Payments & Cards,84760.79,N,,,0.0,0.0,Cleared - False Positive
TXN-500315,2024-08-17 17:28:06,Mobile,Digital Banking,7297.89,N,,,0.0,0.0,Cleared - False Positive
TXN-501760,2024-08-18 03:32:16,Card,Payments & Cards,20428.97,Y,Card Not Present,Manual Review,12190.04,857.71,Under Review
TXN-502138,2024-08-18 05:29:09,Online,Digital Banking,16971.63,N,,,0.0,0.0,Cleared - False Positive
TXN-502153,2024-08-18 13:00:49,Wire,Payments & Cards,24724.31,Y,Wire Fraud,Manual Review,21703.68,8475.3,Under Review
TXN-500767,2024-08-18 13:11:40,Mobile,Digital Banking,43093.56,N,,,0.0,0.0,Cleared - False Positive
TXN-501521,2024-08-18 13:33:49,Mobile,Digital Banking,18710.71,N,,,0.0,0.0,Cleared - False Positive
TXN-501883,2024-08-18 16:38:25,Online,Digital Banking,18204.41,Y,Card Not Present,Customer Reported,15877.14,875.39,Under Review
TXN-501012,2024-08-18 18:05:47,Online,Digital Banking,42816.55,N,,,0.0,0.0,Cleared - False Positive
TXN-501778,2024-08-18 20:34:32,ACH,Commercial Banking,15715.03,N,,,0.0,0.0,Cleared - False Positive
TXN-502032,2024-08-18 20:44:15,ATM,Retail Banking,4127.75,N,,,0.0,0.0,Cleared - False Positive
TXN-501331,2024-08-19 16:16:39,Wire,Payments & Cards,61904.41,N,,,0.0,0.0,Cleared - False Positive
TXN-500938,2024-08-19 20:06:56,ACH,Commercial Banking,17432.87,Y,Synthetic Identity,Customer Reported,10473.72,369.54,Confirmed Fraud
TXN-502569,2024-08-19 23:35:35,Online,Digital Banking,21306.46,N,,,0.0,0.0,Cleared - False Positive
TXN-501164,2024-08-20 00:18:39,Card,Payments & Cards,19233.19,Y,Card Not Present,ML Model,13637.55,3344.51,Recovered
TXN-502332,2024-08-20 05:35:20,Card,Payments & Cards,13186.49,N,,,0.0,0.0,Cleared - False Positive
TXN-500204,2024-08-20 07:34:57,Mobile,Digital Banking,14940.73,N,,,0.0,0.0,Cleared - False Positive
TXN-502358,2024-08-20 07:51:56,Online,Digital Banking,3635.72,N,,,0.0,0.0,Cleared - False Positive
TXN-501350,2024-08-20 18:34:39,Online,Digital Banking,22160.38,N,,,0.0,0.0,Cleared - False Positive
TXN-502155,2024-08-20 23:47:52,Card,Payments & Cards,21255.24,Y,Synthetic Identity,ML Model,18333.75,216.78,Under Review
TXN-501555,2024-08-21 02:17:33,Mobile,Digital Banking,39818.69,Y,Synthetic Identity,ML Model,18972.38,2663.21,Under Review
TXN-502420,2024-08-21 03:09:03,Online,Digital Banking,22258.75,N,,,0.0,0.0,Cleared - False Positive
TXN-501053,2024-08-21 06:09:55,Online,Digital Banking,9804.31,Y,Account Takeover,ML Model,8961.52,1560.98,Charged Off
TXN-502594,2024-08-21 08:55:32,Wire,Payments & Cards,11872.68,N,,,0.0,0.0,Cleared - False Positive
TXN-500618,2024-08-21 13:53:13,ACH,Commercial Banking,3763.81,N,,,0.0,0.0,Cleared - False Positive
TXN-501163,2024-08-22 14:37:00,Mobile,Digital Banking,305.8,N,,,0.0,0.0,Cleared - False Positive
TXN-501398,2024-08-22 19:07:15,Online,Digital Banking,16585.61,N,,,0.0,0.0,Cleared - False Positive
TXN-501226,2024-08-22 22:17:24,ACH,Commercial Banking,19763.97,N,,,0.0,0.0,Cleared - False Positive
TXN-500461,2024-08-23 04:14:24,Card,Payments & Cards,6875.95,N,,,0.0,0.0,Cleared - False Positive
TXN-500729,2024-08-23 06:04:40,Mobile,Digital Banking,31357.85,Y,Account Takeover,ML Model,30387.7,1077.91,Under Review
TXN-500328,2024-08-23 08:27:31,Online,Digital Banking,23392.53,Y,Card Not Present,Customer Reported,17755.69,4075.07,Under Review
TXN-500138,2024-08-23 10:02:50,ATM,Retail Banking,23016.99,N,,,0.0,0.0,Cleared - False Positive
TXN-501815,2024-08-23 22:41:29,Online,Digital Banking,4031.4,Y,Account Takeover,Manual Review,2864.51,942.58,Charged Off
TXN-501604,2024-08-24 08:13:24,Online,Digital Banking,16589.36,N,,,0.0,0.0,Cleared - False Positive
TXN-501102,2024-08-24 11:50:01,Mobile,Digital Banking,7507.32,N,,,0.0,0.0,Cleared - False Positive
TXN-500507,2024-08-24 12:22:38,ACH,Commercial Banking,18683.84,N,,,0.0,0.0,Cleared - False Positive
TXN-501639,2024-08-24 20:18:46,ACH,Commercial Banking,17921.76,Y,Account Takeover,ML Model,17574.79,142.25,Recovered
TXN-501366,2024-08-24 20:30:23,ACH,Commercial Banking,32919.9,Y,Synthetic Identity,Customer Reported,19036.83,160.2,Under Review
TXN-502193,2024-08-24 22:28:17,Mobile,Digital Banking,38993.66,N,,,0.0,0.0,Cleared - False Positive
TXN-501213,2024-08-25 22:57:23,ATM,Retail Banking,4464.21,N,,,0.0,0.0,Cleared - False Positive
TXN-501590,2024-08-27 01:36:26,Mobile,Digital Banking,145.75,Y,Account Takeover,Manual Review,82.28,2.79,Charged Off
TXN-501652,2024-08-27 01:44:40,ATM,Retail Banking,16896.11,Y,Card Not Present,Manual Review,6016.25,166.35,Confirmed Fraud
TXN-501800,2024-08-27 09:26:53,Mobile,Digital Banking,18857.07,Y,Account Takeover,Rule Engine,16597.38,338.31,Recovered
TXN-502505,2024-08-27 16:09:46,Online,Digital Banking,24063.84,N,,,0.0,0.0,Cleared - False Positive
TXN-501225,2024-08-27 18:00:14,Card,Payments & Cards,31284.66,Y,Card Not Present,Manual Review,19028.87,1346.98,Charged Off
TXN-500949,2024-08-27 22:09:48,Online,Digital Banking,15143.1,N,,,0.0,0.0,Cleared - False Positive
TXN-501583,2024-08-28 00:52:52,Online,Digital Banking,32544.59,Y,Account Takeover,Rule Engine,27021.48,7674.25,Charged Off
TXN-501070,2024-08-28 08:04:17,Online,Digital Banking,8033.64,Y,Card Not Present,Customer Reported,4321.26,1303.23,Confirmed Fraud
TXN-500250,2024-08-28 10:26:33,ACH,Commercial Banking,5724.42,Y,Account Takeover,Manual Review,2727.32,277.33,Confirmed Fraud
TXN-502063,2024-08-29 05:08:58,Online,Digital Banking,39361.38,Y,Account Takeover,Customer Reported,17430.33,3011.04,Recovered
TXN-502349,2024-08-29 08:46:59,Online,Digital Banking,23723.05,Y,Account Takeover,ML Model,15035.66,5817.65,Under Review
TXN-502102,2024-08-29 23:48:56,Wire,Payments & Cards,181419.37,Y,Business Email Compromise,Customer Reported,69287.31,11595.81,Charged Off
TXN-501733,2024-08-30 11:51:46,Card,Payments & Cards,7000.52,N,,,0.0,0.0,Cleared - False Positive
TXN-501214,2024-08-30 16:37:30,Online,Digital Banking,11423.07,N,,,0.0,0.0,Cleared - False Positive
TXN-502160,2024-08-31 09:24:57,ACH,Commercial Banking,21628.41,Y,Account Takeover,Customer Reported,16855.32,1967.27,Recovered
TXN-501175,2024-08-31 18:06:55,Card,Payments & Cards,18176.37,Y,Card Skimming,Rule Engine,13365.8,5.9,Under Review
TXN-500163,2024-08-31 20:12:17,ATM,Retail Banking,10166.71,Y,Card Not Present,ML Model,7725.2,155.54,Under Review
TXN-500634,2024-08-31 21:19:21,Card,Payments & Cards,21844.04,N,,,0.0,0.0,Cleared - False Positive
TXN-501238,2024-08-31 23:38:39,ATM,Retail Banking,32795.45,Y,Card Skimming,Customer Reported,31559.16,10315.03,Under Review
TXN-502042,2024-09-01 18:39:33,Mobile,Digital Banking,35357.98,N,,,0.0,0.0,Cleared - False Positive
TXN-501782,2024-09-02 02:05:47,ATM,Retail Banking,18146.24,N,,,0.0,0.0,Cleared - False Positive
TXN-500581,2024-09-02 05:03:56,Card,Payments & Cards,42869.64,Y,Synthetic Identity,Customer Reported,36842.26,11591.67,Under Review
TXN-501488,2024-09-02 14:19:22,Online,Digital Banking,29932.09,N,,,0.0,0.0,Cleared - False Positive
TXN-502418,2024-09-02 15:21:51,Online,Digital Banking,9395.1,Y,Card Not Present,Customer Reported,4002.71,1916.63,Confirmed Fraud
TXN-500776,2024-09-02 21:59:50,Online,Digital Banking,22658.23,Y,Card Not Present,Manual Review,17581.26,5120.66,Recovered
TXN-501767,2024-09-03 09:05:28,Card,Payments & Cards,778.37,Y,Card Skimming,Customer Reported,754.72,196.4,Recovered
TXN-502068,2024-09-03 20:06:13,Online,Digital Banking,44486.17,N,,,0.0,0.0,Cleared - False Positive
TXN-502492,2024-09-03 21:32:00,Mobile,Digital Banking,19576.35,Y,Synthetic Identity,ML Model,9944.51,2954.7,Recovered
TXN-502378,2024-09-04 08:13:47,Online,Digital Banking,26148.67,N,,,0.0,0.0,Cleared - False Positive
TXN-501176,2024-09-05 05:15:19,ATM,Retail Banking,2111.55,Y,Card Skimming,Rule Engine,867.26,6.97,Under Review
TXN-501182,2024-09-05 14:01:06,Mobile,Digital Banking,35742.88,N,,,0.0,0.0,Cleared - False Positive
TXN-502374,2024-09-05 21:17:28,Card,Payments & Cards,40445.88,Y,Card Not Present,ML Model,19134.39,1904.99,Recovered
TXN-502233,2024-09-05 23:49:26,ACH,Commercial Banking,7227.94,Y,Account Takeover,Rule Engine,5033.97,1060.96,Under Review
TXN-501912,2024-09-06 09:23:12,Wire,Payments & Cards,38855.4,N,,,0.0,0.0,Cleared - False Positive
TXN-500935,2024-09-06 18:04:49,ACH,Commercial Banking,29272.16,N,,,0.0,0.0,Cleared - False Positive
TXN-501492,2024-09-07 02:53:34,Card,Payments & Cards,39383.87,Y,Card Skimming,Manual Review,15291.84,1873.23,Recovered
TXN-500285,2024-09-07 05:09:18,ACH,Commercial Banking,877.45,N,,,0.0,0.0,Cleared - False Positive
TXN-500403,2024-09-07 07:21:15,Card,Payments & Cards,6156.65,Y,Card Skimming,Customer Reported,4685.64,421.8,Confirmed Fraud
TXN-501442,2024-09-07 13:53:16,Wire,Payments & Cards,190297.21,Y,Wire Fraud,Rule Engine,69394.49,1449.41,Recovered
TXN-501784,2024-09-08 00:42:55,Online,Digital Banking,11835.98,Y,Account Takeover,Manual Review,10349.18,2446.59,Confirmed Fraud
TXN-500785,2024-09-08 10:33:46,Card,Payments & Cards,30713.18,Y,Synthetic Identity,ML Model,11219.64,4277.44,Charged Off
TXN-500141,2024-09-08 20:58:54,Wire,Payments & Cards,195140.42,N,,,0.0,0.0,Cleared - False Positive
TXN-501526,2024-09-09 03:52:48,Card,Payments & Cards,13523.23,N,,,0.0,0.0,Cleared - False Positive
TXN-501692,2024-09-09 23:25:19,ACH,Commercial Banking,30676.69,Y,Synthetic Identity,Manual Review,23855.33,4181.52,Confirmed Fraud
TXN-501112,2024-09-10 13:13:48,Wire,Payments & Cards,231883.78,N,,,0.0,0.0,Cleared - False Positive
TXN-501503,2024-09-10 16:33:51,ATM,Retail Banking,26602.06,Y,Card Not Present,Rule Engine,8809.53,716.12,Under Review
TXN-501981,2024-09-10 19:26:06,Online,Digital Banking,42712.48,N,,,0.0,0.0,Cleared - False Positive
TXN-500042,2024-09-10 23:36:43,Wire,Payments & Cards,176082.2,N,,,0.0,0.0,Cleared - False Positive
TXN-502108,2024-09-11 01:35:15,Card,Payments & Cards,24058.78,N,,,0.0,0.0,Cleared - False Positive
TXN-501083,2024-09-11 02:47:11,Wire,Payments & Cards,10052.7,N,,,0.0,0.0,Cleared - False Positive
TXN-501745,2024-09-11 07:21:15,Card,Payments & Cards,44009.98,Y,Card Skimming,Manual Review,33086.03,13830.55,Confirmed Fraud
TXN-501506,2024-09-11 08:04:31,ATM,Retail Banking,20227.26,Y,Card Not Present,Customer Reported,6744.47,247.39,Confirmed Fraud
TXN-501533,2024-09-11 11:21:20,ATM,Retail Banking,18919.3,N,,,0.0,0.0,Cleared - False Positive
TXN-501975,2024-09-11 13:57:02,Card,Payments & Cards,17742.17,Y,Synthetic Identity,Manual Review,11683.25,998.19,Recovered
TXN-500435,2024-09-11 16:04:30,Wire,Payments & Cards,177402.77,N,,,0.0,0.0,Cleared - False Positive
TXN-500636,2024-09-12 03:31:33,Card,Payments & Cards,35634.56,Y,Synthetic Identity,Customer Reported,35307.71,15034.5,Recovered
TXN-501250,2024-09-12 13:02:45,Card,Payments & Cards,44205.91,N,,,0.0,0.0,Cleared - False Positive
TXN-502103,2024-09-13 05:31:15,Mobile,Digital Banking,14224.89,N,,,0.0,0.0,Cleared - False Positive
TXN-500365,2024-09-13 07:08:56,Card,Payments & Cards,35691.62,N,,,0.0,0.0,Cleared - False Positive
TXN-502200,2024-09-13 10:19:06,Wire,Payments & Cards,219890.24,Y,Business Email Compromise,Customer Reported,97765.15,1402.97,Charged Off
TXN-500351,2024-09-13 10:59:42,Online,Digital Banking,13690.07,N,,,0.0,0.0,Cleared - False Positive
TXN-501589,2024-09-13 11:26:11,Wire,Payments & Cards,10575.6,N,,,0.0,0.0,Cleared - False Positive
TXN-500078,2024-09-13 17:33:34,Wire,Payments & Cards,79196.52,N,,,0.0,0.0,Cleared - False Positive
TXN-500015,2024-09-14 10:47:34,Online,Digital Banking,8679.21,N,,,0.0,0.0,Cleared - False Positive
TXN-500966,2024-09-15 10:35:25,ATM,Retail Banking,41036.03,Y,Card Skimming,Manual Review,35521.77,8501.08,Charged Off
TXN-500499,2024-09-15 15:12:12,ACH,Commercial Banking,13950.39,N,,,0.0,0.0,Cleared - False Positive
TXN-500918,2024-09-16 01:04:29,Online,Digital Banking,7179.9,Y,Account Takeover,ML Model,4664.09,615.29,Charged Off
TXN-502306,2024-09-16 03:49:17,Online,Digital Banking,34100.01,N,,,0.0,0.0,Cleared - False Positive
TXN-501173,2024-09-16 05:07:26,Online,Digital Banking,7997.58,Y,Account Takeover,ML Model,3184.27,35.0,Recovered
TXN-501898,2024-09-16 11:36:46,ACH,Commercial Banking,22770.78,Y,Synthetic Identity,Rule Engine,8844.85,2293.46,Confirmed Fraud
TXN-500197,2024-09-16 12:09:10,Wire,Payments & Cards,201607.86,Y,Wire Fraud,Manual Review,157861.36,1634.69,Recovered
TXN-501262,2024-09-16 13:53:22,Card,Payments & Cards,31028.74,N,,,0.0,0.0,Cleared - False Positive
TXN-501933,2024-09-16 18:26:25,Mobile,Digital Banking,43754.23,Y,Account Takeover,ML Model,29749.93,10180.8,Recovered
TXN-500562,2024-09-17 22:25:44,Mobile,Digital Banking,38452.51,Y,Account Takeover,ML Model,20355.85,517.53,Under Review
TXN-501664,2024-09-18 05:07:41,Online,Digital Banking,13244.86,Y,Account Takeover,Customer Reported,7970.91,72.04,Charged Off
TXN-502072,2024-09-18 05:56:53,Card,Payments & Cards,25167.62,N,,,0.0,0.0,Cleared - False Positive
TXN-501777,2024-09-18 10:28:32,Wire,Payments & Cards,132908.19,Y,Business Email Compromise,ML Model,58432.58,1604.07,Confirmed Fraud
TXN-501216,2024-09-18 11:48:54,ACH,Commercial Banking,44594.09,Y,Synthetic Identity,Manual Review,19914.24,5040.45,Under Review
TXN-501881,2024-09-18 17:34:13,Card,Payments & Cards,35241.07,N,,,0.0,0.0,Cleared - False Positive
TXN-501628,2024-09-18 18:28:25,Wire,Payments & Cards,141333.21,N,,,0.0,0.0,Cleared - False Positive
TXN-500782,2024-09-19 11:27:12,Card,Payments & Cards,13901.05,N,,,0.0,0.0,Cleared - False Positive
TXN-501079,2024-09-19 16:55:17,Card,Payments & Cards,5487.38,N,,,0.0,0.0,Cleared - False Positive
TXN-501157,2024-09-19 19:14:18,Card,Payments & Cards,44534.15,Y,Synthetic Identity,Manual Review,26989.69,261.97,Under Review
TXN-501899,2024-09-20 02:18:25,Mobile,Digital Banking,9895.69,N,,,0.0,0.0,Cleared - False Positive
TXN-502304,2024-09-20 02:55:09,Card,Payments & Cards,12435.49,N,,,0.0,0.0,Cleared - False Positive
TXN-500961,2024-09-20 08:28:16,Card,Payments & Cards,1751.81,N,,,0.0,0.0,Cleared - False Positive
TXN-501087,2024-09-20 13:37:31,Mobile,Digital Banking,9700.11,N,,,0.0,0.0,Cleared - False Positive
TXN-501877,2024-09-20 21:02:49,Mobile,Digital Banking,9559.86,Y,Account Takeover,Rule Engine,8329.98,17.13,Confirmed Fraud
TXN-502405,2024-09-21 03:04:22,Mobile,Digital Banking,11067.55,N,,,0.0,0.0,Cleared - False Positive
TXN-502070,2024-09-21 05:34:12,Online,Digital Banking,29428.76,N,,,0.0,0.0,Cleared - False Positive
TXN-500717,2024-09-22 13:50:53,Wire,Payments & Cards,76958.26,N,,,0.0,0.0,Cleared - False Positive
TXN-502308,2024-09-22 18:28:16,Card,Payments & Cards,26190.91,Y,Synthetic Identity,Rule Engine,16412.84,4474.63,Confirmed Fraud
TXN-501792,2024-09-22 18:46:16,ACH,Commercial Banking,40685.36,N,,,0.0,0.0,Cleared - False Positive
TXN-502463,2024-09-23 03:44:54,Wire,Payments & Cards,212803.06,N,,,0.0,0.0,Cleared - False Positive
TXN-501030,2024-09-23 04:59:13,ACH,Commercial Banking,19797.21,N,,,0.0,0.0,Cleared - False Positive
TXN-501343,2024-09-23 11:53:19,Mobile,Digital Banking,16609.61,Y,Synthetic Identity,Customer Reported,11379.06,2775.15,Charged Off
TXN-500712,2024-09-23 12:27:25,ACH,Commercial Banking,26876.97,Y,Account Takeover,ML Model,13509.08,2996.94,Charged Off
TXN-502531,2024-09-23 14:19:19,Card,Payments & Cards,17842.27,Y,Card Not Present,Rule Engine,9985.88,411.18,Under Review
TXN-502343,2024-09-23 14:47:52,Online,Digital Banking,31239.84,N,,,0.0,0.0,Cleared - False Positive
TXN-502302,2024-09-24 02:07:41,Card,Payments & Cards,2830.44,N,,,0.0,0.0,Cleared - False Positive
TXN-500901,2024-09-24 07:27:58,ACH,Commercial Banking,25300.98,N,,,0.0,0.0,Cleared - False Positive
TXN-501896,2024-09-24 09:37:26,Online,Digital Banking,16502.53,N,,,0.0,0.0,Cleared - False Positive
TXN-502520,2024-09-24 15:43:43,ACH,Commercial Banking,22761.4,N,,,0.0,0.0,Cleared - False Positive
TXN-501922,2024-09-25 06:26:59,Card,Payments & Cards,1090.21,N,,,0.0,0.0,Cleared - False Positive
TXN-500800,2024-09-25 07:42:00,Online,Digital Banking,42869.97,N,,,0.0,0.0,Cleared - False Positive
TXN-500305,2024-09-25 15:52:09,Card,Payments & Cards,41756.36,N,,,0.0,0.0,Cleared - False Positive
TXN-500181,2024-09-25 18:49:20,ATM,Retail Banking,20871.78,N,,,0.0,0.0,Cleared - False Positive
TXN-500404,2024-09-26 03:03:20,Card,Payments & Cards,13423.1,Y,Card Skimming,Customer Reported,12453.16,4445.13,Charged Off
TXN-500544,2024-09-26 10:58:34,Mobile,Digital Banking,19444.12,Y,Account Takeover,Rule Engine,13445.23,907.53,Under Review
TXN-500952,2024-09-28 03:58:34,Mobile,Digital Banking,42862.26,N,,,0.0,0.0,Cleared - False Positive
TXN-500702,2024-09-28 12:57:08,Card,Payments & Cards,20726.72,Y,Card Not Present,Manual Review,6292.8,625.69,Confirmed Fraud
TXN-500263,2024-09-28 21:37:54,Mobile,Digital Banking,37598.95,N,,,0.0,0.0,Cleared - False Positive
TXN-501585,2024-09-28 22:58:06,Online,Digital Banking,27227.09,N,,,0.0,0.0,Cleared - False Positive
TXN-501150,2024-09-30 03:41:35,Card,Payments & Cards,15434.28,N,,,0.0,0.0,Cleared - False Positive
TXN-501196,2024-09-30 14:56:28,Card,Payments & Cards,21652.33,Y,Card Not Present,ML Model,12425.55,498.08,Charged Off
TXN-500366,2024-09-30 17:04:43,Card,Payments & Cards,11400.5,Y,Synthetic Identity,ML Model,3502.13,25.1,Charged Off
TXN-501015,2024-09-30 17:57:53,Card,Payments & Cards,14029.24,Y,Card Not Present,Rule Engine,4567.31,1130.47,Recovered
TXN-501763,2024-10-01 06:03:24,Mobile,Digital Banking,2787.1,N,,,0.0,0.0,Cleared - False Positive
TXN-500947,2024-10-01 10:09:41,Online,Digital Banking,17289.45,Y,Card Not Present,ML Model,9842.27,53.96,Under Review
TXN-501111,2024-10-01 10:39:59,Online,Digital Banking,37277.28,N,,,0.0,0.0,Cleared - False Positive
TXN-500768,2024-10-01 12:43:09,Wire,Payments & Cards,212407.62,N,,,0.0,0.0,Cleared - False Positive
TXN-500387,2024-10-02 01:01:29,Mobile,Digital Banking,5786.35,Y,Account Takeover,Customer Reported,4835.28,690.24,Recovered
TXN-500900,2024-10-02 04:25:17,Online,Digital Banking,30355.1,N,,,0.0,0.0,Cleared - False Positive
TXN-502060,2024-10-02 06:18:39,Card,Payments & Cards,21553.6,Y,Card Skimming,Manual Review,11012.83,1956.88,Under Review
TXN-501128,2024-10-02 07:33:47,Card,Payments & Cards,26363.77,N,,,0.0,0.0,Cleared - False Positive
TXN-502357,2024-10-02 15:22:32,Mobile,Digital Banking,39078.45,N,,,0.0,0.0,Cleared - False Positive
TXN-501316,2024-10-02 16:06:41,Card,Payments & Cards,303.98,Y,Card Not Present,ML Model,147.21,44.63,Confirmed Fraud
TXN-502125,2024-10-03 02:10:17,ACH,Commercial Banking,24038.5,N,,,0.0,0.0,Cleared - False Positive
TXN-501830,2024-10-03 08:16:02,Online,Digital Banking,24211.03,N,,,0.0,0.0,Cleared - False Positive
TXN-500933,2024-10-03 08:34:42,ACH,Commercial Banking,36258.68,N,,,0.0,0.0,Cleared - False Positive
TXN-500162,2024-10-03 22:47:03,Card,Payments & Cards,17434.93,N,,,0.0,0.0,Cleared - False Positive
TXN-501187,2024-10-04 13:18:16,ACH,Commercial Banking,1163.12,N,,,0.0,0.0,Cleared - False Positive
TXN-501878,2024-10-04 19:00:22,Wire,Payments & Cards,108775.65,Y,Wire Fraud,Customer Reported,71307.47,18138.65,Under Review
TXN-502131,2024-10-04 19:14:12,ACH,Commercial Banking,31876.95,N,,,0.0,0.0,Cleared - False Positive
TXN-500920,2024-10-05 02:15:16,Mobile,Digital Banking,5169.03,N,,,0.0,0.0,Cleared - False Positive
TXN-501345,2024-10-05 02:28:19,Card,Payments & Cards,4619.35,Y,Synthetic Identity,Manual Review,2145.73,944.68,Confirmed Fraud
TXN-500471,2024-10-05 12:17:47,ACH,Commercial Banking,27797.98,Y,Synthetic Identity,Rule Engine,17803.37,8331.04,Recovered
TXN-501688,2024-10-05 22:51:29,Mobile,Digital Banking,20774.04,N,,,0.0,0.0,Cleared - False Positive
TXN-501232,2024-10-06 06:14:18,Card,Payments & Cards,20192.1,N,,,0.0,0.0,Cleared - False Positive
TXN-501234,2024-10-06 10:03:07,Mobile,Digital Banking,42631.85,N,,,0.0,0.0,Cleared - False Positive
TXN-501931,2024-10-07 01:45:10,Card,Payments & Cards,17682.32,N,,,0.0,0.0,Cleared - False Positive
TXN-501177,2024-10-07 04:05:33,ATM,Retail Banking,20910.21,Y,Card Not Present,Manual Review,8240.37,1899.55,Under Review
TXN-501471,2024-10-07 07:58:37,ACH,Commercial Banking,44154.25,N,,,0.0,0.0,Cleared - False Positive
TXN-501512,2024-10-07 09:49:56,ATM,Retail Banking,5119.42,N,,,0.0,0.0,Cleared - False Positive
TXN-500903,2024-10-08 00:00:04,Card,Payments & Cards,39597.86,N,,,0.0,0.0,Cleared - False Positive
TXN-502375,2024-10-08 01:28:59,Card,Payments & Cards,16853.29,N,,,0.0,0.0,Cleared - False Positive
TXN-501400,2024-10-08 02:22:22,Card,Payments & Cards,39502.59,N,,,0.0,0.0,Cleared - False Positive
TXN-501447,2024-10-08 03:41:45,Card,Payments & Cards,35245.8,N,,,0.0,0.0,Cleared - False Positive
TXN-502031,2024-10-08 13:24:32,Card,Payments & Cards,43981.38,Y,Card Not Present,Customer Reported,30626.81,5774.97,Recovered
TXN-500995,2024-10-08 17:51:55,Mobile,Digital Banking,9400.44,Y,Synthetic Identity,ML Model,7347.26,1706.29,Recovered
TXN-501403,2024-10-08 23:53:37,Card,Payments & Cards,18608.24,N,,,0.0,0.0,Cleared - False Positive
TXN-500607,2024-10-09 12:12:02,Card,Payments & Cards,41046.4,N,,,0.0,0.0,Cleared - False Positive
TXN-501954,2024-10-09 12:50:12,ATM,Retail Banking,23608.99,Y,Card Not Present,Customer Reported,19027.73,4431.78,Confirmed Fraud
TXN-501409,2024-10-09 17:23:31,ACH,Commercial Banking,44431.53,N,,,0.0,0.0,Cleared - False Positive
TXN-502065,2024-10-10 09:30:21,Online,Digital Banking,24873.72,Y,Card Not Present,Manual Review,14366.67,138.25,Confirmed Fraud
TXN-501166,2024-10-10 11:55:20,Online,Digital Banking,41782.38,N,,,0.0,0.0,Cleared - False Positive
TXN-501946,2024-10-11 00:33:16,Online,Digital Banking,1457.03,Y,Card Not Present,Customer Reported,1292.75,8.79,Recovered
TXN-502269,2024-10-11 18:05:27,Card,Payments & Cards,14627.78,Y,Card Not Present,Customer Reported,12474.1,2605.28,Recovered
TXN-501312,2024-10-12 05:41:19,Mobile,Digital Banking,43454.68,N,,,0.0,0.0,Cleared - False Positive
TXN-502573,2024-10-12 10:17:37,Mobile,Digital Banking,12041.62,N,,,0.0,0.0,Cleared - False Positive
TXN-501109,2024-10-12 15:11:08,ATM,Retail Banking,39753.4,N,,,0.0,0.0,Cleared - False Positive
TXN-500442,2024-10-12 19:55:16,ATM,Retail Banking,17174.96,Y,Card Skimming,Rule Engine,8038.84,1483.24,Charged Off
TXN-501237,2024-10-12 22:20:58,Card,Payments & Cards,18628.74,Y,Card Not Present,ML Model,8833.0,2419.09,Charged Off
TXN-500679,2024-10-12 22:55:18,Online,Digital Banking,44791.26,N,,,0.0,0.0,Cleared - False Positive
TXN-502508,2024-10-13 17:09:23,Mobile,Digital Banking,43986.02,N,,,0.0,0.0,Cleared - False Positive
TXN-501261,2024-10-14 07:24:47,ACH,Commercial Banking,25710.12,N,,,0.0,0.0,Cleared - False Positive
TXN-500921,2024-10-14 16:04:32,Online,Digital Banking,27301.87,N,,,0.0,0.0,Cleared - False Positive
TXN-501892,2024-10-14 16:47:02,Wire,Payments & Cards,127868.94,N,,,0.0,0.0,Cleared - False Positive
TXN-502187,2024-10-15 05:00:43,Card,Payments & Cards,24329.35,N,,,0.0,0.0,Cleared - False Positive
TXN-501971,2024-10-15 17:06:01,Card,Payments & Cards,38936.21,Y,Card Not Present,Rule Engine,27544.57,3446.22,Recovered
TXN-500538,2024-10-16 09:06:05,Card,Payments & Cards,14828.52,Y,Synthetic Identity,Manual Review,5452.57,1268.84,Recovered
TXN-501884,2024-10-16 12:03:58,Card,Payments & Cards,31012.64,N,,,0.0,0.0,Cleared - False Positive
TXN-500697,2024-10-16 13:21:50,Online,Digital Banking,23125.53,N,,,0.0,0.0,Cleared - False Positive
TXN-500929,2024-10-16 19:27:27,Mobile,Digital Banking,38396.72,N,,,0.0,0.0,Cleared - False Positive
TXN-500034,2024-10-17 00:40:41,Online,Digital Banking,28430.56,N,,,0.0,0.0,Cleared - False Positive
TXN-500075,2024-10-17 20:11:26,ATM,Retail Banking,21455.46,Y,Card Not Present,ML Model,9181.85,3823.96,Under Review
TXN-500267,2024-10-17 23:15:26,ACH,Commercial Banking,44786.23,N,,,0.0,0.0,Cleared - False Positive
TXN-500941,2024-10-18 02:03:45,Card,Payments & Cards,8143.09,Y,Card Skimming,ML Model,5876.8,3133.71,Under Review
TXN-501855,2024-10-18 04:03:21,Card,Payments & Cards,8725.84,N,,,0.0,0.0,Cleared - False Positive
TXN-502309,2024-10-18 07:30:05,ATM,Retail Banking,15345.86,Y,Card Skimming,Customer Reported,12189.5,152.73,Confirmed Fraud
TXN-500599,2024-10-19 00:24:29,Mobile,Digital Banking,6924.27,Y,Account Takeover,Customer Reported,5540.03,1579.5,Confirmed Fraud
TXN-500780,2024-10-19 13:12:20,Mobile,Digital Banking,38100.49,Y,Synthetic Identity,Rule Engine,15771.02,213.49,Recovered
TXN-502423,2024-10-19 18:03:59,Card,Payments & Cards,12104.7,N,,,0.0,0.0,Cleared - False Positive
TXN-502447,2024-10-19 19:50:42,Online,Digital Banking,30732.07,N,,,0.0,0.0,Cleared - False Positive
TXN-500244,2024-10-19 23:04:18,ACH,Commercial Banking,26091.69,N,,,0.0,0.0,Cleared - False Positive
TXN-502522,2024-10-20 03:20:42,Card,Payments & Cards,38530.03,Y,Card Skimming,Manual Review,21769.49,675.24,Confirmed Fraud
TXN-500077,2024-10-20 17:56:14,Mobile,Digital Banking,34395.7,N,,,0.0,0.0,Cleared - False Positive
TXN-501661,2024-10-20 21:57:06,Card,Payments & Cards,17104.73,Y,Card Skimming,ML Model,7980.74,1645.88,Under Review
TXN-501320,2024-10-21 16:14:09,Card,Payments & Cards,33497.21,Y,Synthetic Identity,Rule Engine,28136.66,10777.03,Recovered
TXN-500450,2024-10-21 17:23:21,Card,Payments & Cards,44288.7,N,,,0.0,0.0,Cleared - False Positive
TXN-501531,2024-10-21 19:59:10,ATM,Retail Banking,39166.11,N,,,0.0,0.0,Cleared - False Positive
TXN-500189,2024-10-21 21:53:22,Mobile,Digital Banking,11027.2,N,,,0.0,0.0,Cleared - False Positive
TXN-500112,2024-10-22 05:19:08,Card,Payments & Cards,34908.87,Y,Card Skimming,Customer Reported,14910.37,2003.92,Confirmed Fraud
TXN-500491,2024-10-23 03:21:31,Card,Payments & Cards,39985.15,N,,,0.0,0.0,Cleared - False Positive
TXN-501651,2024-10-23 07:02:20,Online,Digital Banking,15081.15,N,,,0.0,0.0,Cleared - False Positive
TXN-501241,2024-10-23 12:22:07,ACH,Commercial Banking,4249.37,Y,Synthetic Identity,ML Model,4195.86,55.56,Confirmed Fraud
TXN-500644,2024-10-23 12:40:56,ACH,Commercial Banking,41918.13,N,,,0.0,0.0,Cleared - False Positive
TXN-502191,2024-10-23 21:02:55,Card,Payments & Cards,44373.5,N,,,0.0,0.0,Cleared - False Positive
TXN-501482,2024-10-24 03:39:53,Card,Payments & Cards,35832.82,Y,Synthetic Identity,ML Model,21498.97,10806.36,Confirmed Fraud
TXN-501073,2024-10-24 12:36:28,Mobile,Digital Banking,4581.2,N,,,0.0,0.0,Cleared - False Positive
TXN-501717,2024-10-24 15:35:12,ATM,Retail Banking,1162.3,N,,,0.0,0.0,Cleared - False Positive
TXN-501600,2024-10-24 16:49:10,Online,Digital Banking,36995.22,Y,Card Not Present,Manual Review,15155.85,3214.92,Confirmed Fraud
TXN-501255,2024-10-24 17:51:26,Card,Payments & Cards,4712.25,N,,,0.0,0.0,Cleared - False Positive
TXN-501921,2024-10-25 03:38:42,ACH,Commercial Banking,22847.82,Y,Synthetic Identity,Customer Reported,9130.6,3107.1,Under Review
TXN-500098,2024-10-25 03:47:02,Card,Payments & Cards,7004.24,N,,,0.0,0.0,Cleared - False Positive
TXN-501303,2024-10-25 12:54:52,Mobile,Digital Banking,35973.31,Y,Synthetic Identity,Manual Review,35764.35,1980.54,Confirmed Fraud
TXN-501611,2024-10-25 22:16:39,Online,Digital Banking,22360.05,N,,,0.0,0.0,Cleared - False Positive
TXN-500673,2024-10-26 04:32:26,ACH,Commercial Banking,16372.91,N,,,0.0,0.0,Cleared - False Positive
TXN-501574,2024-10-26 05:44:08,Card,Payments & Cards,6935.21,Y,Card Not Present,Manual Review,5477.3,389.79,Under Review
TXN-500568,2024-10-26 10:44:32,ACH,Commercial Banking,15833.84,N,,,0.0,0.0,Cleared - False Positive
TXN-502562,2024-10-26 11:57:05,Online,Digital Banking,31058.16,Y,Card Not Present,Rule Engine,10569.26,1900.27,Charged Off
TXN-500872,2024-10-26 12:54:15,ACH,Commercial Banking,6794.89,N,,,0.0,0.0,Cleared - False Positive
TXN-500280,2024-10-26 23:02:21,ACH,Commercial Banking,8542.11,Y,Synthetic Identity,Rule Engine,6866.3,1195.1,Recovered
TXN-500542,2024-10-27 02:12:34,ATM,Retail Banking,16995.23,N,,,0.0,0.0,Cleared - False Positive
TXN-500750,2024-10-27 07:21:58,Card,Payments & Cards,34190.04,N,,,0.0,0.0,Cleared - False Positive
TXN-500048,2024-10-27 07:53:09,ACH,Commercial Banking,44675.06,N,,,0.0,0.0,Cleared - False Positive
TXN-501764,2024-10-27 15:42:01,ACH,Commercial Banking,26594.75,Y,Synthetic Identity,Rule Engine,10333.07,1134.17,Recovered
TXN-501676,2024-10-28 14:19:18,Mobile,Digital Banking,29686.79,Y,Synthetic Identity,Manual Review,20108.41,566.1,Under Review
TXN-500309,2024-10-28 14:59:21,Online,Digital Banking,22024.82,N,,,0.0,0.0,Cleared - False Positive
TXN-501387,2024-10-28 17:17:22,Card,Payments & Cards,4160.36,Y,Synthetic Identity,Manual Review,3086.61,66.13,Charged Off
TXN-502502,2024-10-28 20:57:24,Online,Digital Banking,8086.65,Y,Card Not Present,Rule Engine,7143.17,1862.19,Charged Off
TXN-500343,2024-10-29 18:38:01,Wire,Payments & Cards,122871.11,N,,,0.0,0.0,Cleared - False Positive
TXN-500897,2024-10-30 05:07:06,Mobile,Digital Banking,13621.5,Y,Synthetic Identity,Manual Review,5300.02,977.09,Confirmed Fraud
TXN-500159,2024-10-30 06:47:14,Card,Payments & Cards,43506.28,N,,,0.0,0.0,Cleared - False Positive
TXN-500243,2024-10-30 08:55:42,ACH,Commercial Banking,33381.04,N,,,0.0,0.0,Cleared - False Positive
TXN-501911,2024-10-30 22:44:02,Online,Digital Banking,23169.87,Y,Card Not Present,ML Model,10230.17,1027.34,Confirmed Fraud
TXN-501752,2024-10-31 04:13:15,Card,Payments & Cards,18133.28,Y,Card Not Present,ML Model,5971.21,70.61,Recovered
TXN-502274,2024-10-31 06:23:59,Card,Payments & Cards,40685.5,N,,,0.0,0.0,Cleared - False Positive
TXN-500430,2024-10-31 11:33:11,Online,Digital Banking,19493.18,Y,Card Not Present,Manual Review,6450.56,431.4,Recovered
TXN-502319,2024-10-31 11:43:06,Card,Payments & Cards,5212.49,Y,Card Skimming,Rule Engine,4568.31,4.7,Charged Off
TXN-500517,2024-10-31 14:23:33,Mobile,Digital Banking,37375.8,N,,,0.0,0.0,Cleared - False Positive
TXN-501970,2024-10-31 15:08:08,Mobile,Digital Banking,36586.7,N,,,0.0,0.0,Cleared - False Positive
TXN-502256,2024-11-01 04:25:01,Card,Payments & Cards,18290.6,Y,Synthetic Identity,ML Model,17713.74,3475.04,Charged Off
TXN-501903,2024-11-01 04:57:38,ATM,Retail Banking,3280.51,N,,,0.0,0.0,Cleared - False Positive
TXN-501052,2024-11-01 06:38:40,Online,Digital Banking,8370.94,N,,,0.0,0.0,Cleared - False Positive
TXN-502547,2024-11-01 15:24:24,ACH,Commercial Banking,4243.15,N,,,0.0,0.0,Cleared - False Positive
TXN-501773,2024-11-01 17:48:12,Card,Payments & Cards,23242.27,N,,,0.0,0.0,Cleared - False Positive
TXN-500182,2024-11-01 18:13:42,Card,Payments & Cards,35047.33,N,,,0.0,0.0,Cleared - False Positive
TXN-500602,2024-11-02 00:35:02,ACH,Commercial Banking,44518.29,Y,Synthetic Identity,Rule Engine,34544.93,1255.34,Charged Off
TXN-500185,2024-11-02 04:09:23,Online,Digital Banking,28540.58,Y,Card Not Present,ML Model,23083.95,8267.12,Under Review
TXN-502427,2024-11-02 14:13:44,Online,Digital Banking,10565.82,N,,,0.0,0.0,Cleared - False Positive
TXN-501432,2024-11-02 20:47:53,Online,Digital Banking,44040.69,Y,Card Not Present,ML Model,17052.3,1023.68,Under Review
TXN-502407,2024-11-04 03:09:42,ATM,Retail Banking,10014.23,N,,,0.0,0.0,Cleared - False Positive
TXN-501025,2024-11-05 02:13:29,Mobile,Digital Banking,26758.56,Y,Account Takeover,Manual Review,14488.96,23.66,Under Review
TXN-501188,2024-11-05 08:16:09,ATM,Retail Banking,37356.91,Y,Card Not Present,Rule Engine,14509.78,1369.63,Charged Off
TXN-502512,2024-11-06 11:41:08,Online,Digital Banking,20346.09,Y,Card Not Present,Customer Reported,15633.0,1555.66,Confirmed Fraud
TXN-502395,2024-11-06 13:01:59,Online,Digital Banking,42425.17,Y,Card Not Present,Manual Review,34003.27,13035.12,Confirmed Fraud
TXN-500856,2024-11-06 15:06:45,Online,Digital Banking,12374.82,N,,,0.0,0.0,Cleared - False Positive
TXN-500606,2024-11-06 21:50:25,Wire,Payments & Cards,157903.04,Y,Wire Fraud,Manual Review,84072.72,28330.73,Under Review
TXN-500297,2024-11-06 22:32:03,Wire,Payments & Cards,190401.5,N,,,0.0,0.0,Cleared - False Positive
TXN-502133,2024-11-06 23:41:21,Card,Payments & Cards,34003.18,N,,,0.0,0.0,Cleared - False Positive
TXN-502035,2024-11-07 04:56:59,Online,Digital Banking,4059.45,Y,Account Takeover,Customer Reported,2842.03,551.32,Under Review
TXN-500016,2024-11-07 06:05:40,ATM,Retail Banking,34803.87,N,,,0.0,0.0,Cleared - False Positive
TXN-502501,2024-11-08 00:27:48,Card,Payments & Cards,22068.84,Y,Card Not Present,ML Model,7752.61,1610.92,Under Review
TXN-502330,2024-11-09 04:52:41,Card,Payments & Cards,16757.78,N,,,0.0,0.0,Cleared - False Positive
TXN-500258,2024-11-09 09:17:48,Mobile,Digital Banking,17614.1,N,,,0.0,0.0,Cleared - False Positive
TXN-502385,2024-11-09 21:20:02,Card,Payments & Cards,17810.63,Y,Card Not Present,ML Model,6588.37,1063.6,Under Review
TXN-500126,2024-11-10 01:09:30,Mobile,Digital Banking,37636.75,N,,,0.0,0.0,Cleared - False Positive
TXN-500725,2024-11-10 02:43:34,ATM,Retail Banking,27863.09,Y,Card Not Present,Rule Engine,27661.12,2416.39,Charged Off
TXN-500815,2024-11-10 03:11:24,Online,Digital Banking,4689.47,N,,,0.0,0.0,Cleared - False Positive
TXN-500828,2024-11-10 04:35:58,ACH,Commercial Banking,28422.22,N,,,0.0,0.0,Cleared - False Positive
TXN-501788,2024-11-10 05:24:16,Card,Payments & Cards,12913.74,Y,Card Skimming,Manual Review,9035.91,1118.29,Under Review
TXN-500474,2024-11-10 05:37:03,Mobile,Digital Banking,15070.65,Y,Account Takeover,ML Model,9153.55,1755.97,Under Review
TXN-502226,2024-11-10 23:05:37,ATM,Retail Banking,6506.04,Y,Card Not Present,ML Model,2080.06,508.53,Under Review
TXN-500881,2024-11-11 11:05:24,Online,Digital Banking,15118.77,N,,,0.0,0.0,Cleared - False Positive
TXN-501247,2024-11-11 18:07:08,Card,Payments & Cards,7003.26,N,,,0.0,0.0,Cleared - False Positive
TXN-502135,2024-11-11 23:49:05,Online,Digital Banking,11146.36,Y,Account Takeover,Customer Reported,6988.35,763.85,Confirmed Fraud
TXN-502298,2024-11-12 01:35:33,Card,Payments & Cards,7261.68,N,,,0.0,0.0,Cleared - False Positive
TXN-500974,2024-11-12 04:36:07,Online,Digital Banking,37526.96,Y,Account Takeover,Customer Reported,37262.52,2565.65,Under Review
TXN-501396,2024-11-12 05:59:12,Card,Payments & Cards,33321.23,N,,,0.0,0.0,Cleared - False Positive
TXN-500703,2024-11-12 15:41:06,ACH,Commercial Banking,3831.78,N,,,0.0,0.0,Cleared - False Positive
TXN-500377,2024-11-13 06:08:34,Card,Payments & Cards,43884.83,Y,Synthetic Identity,Customer Reported,39093.51,2208.31,Under Review
TXN-501627,2024-11-13 13:29:30,ACH,Commercial Banking,31234.64,N,,,0.0,0.0,Cleared - False Positive
TXN-500272,2024-11-14 01:16:09,Card,Payments & Cards,25719.08,Y,Card Skimming,Rule Engine,8053.55,1570.11,Confirmed Fraud
TXN-501028,2024-11-14 07:52:49,Card,Payments & Cards,11846.93,Y,Synthetic Identity,Manual Review,8424.61,1278.45,Under Review
TXN-501698,2024-11-14 12:23:08,Wire,Payments & Cards,65551.74,N,,,0.0,0.0,Cleared - False Positive
TXN-502543,2024-11-14 15:17:30,Online,Digital Banking,13945.67,N,,,0.0,0.0,Cleared - False Positive
TXN-500715,2024-11-14 18:17:21,Mobile,Digital Banking,8506.33,N,,,0.0,0.0,Cleared - False Positive
TXN-500752,2024-11-14 18:37:28,Online,Digital Banking,18699.5,Y,Account Takeover,Manual Review,5924.01,223.75,Charged Off
TXN-501995,2024-11-15 00:39:28,Card,Payments & Cards,29059.83,N,,,0.0,0.0,Cleared - False Positive
TXN-501043,2024-11-15 01:23:26,Wire,Payments & Cards,153423.66,N,,,0.0,0.0,Cleared - False Positive
TXN-501208,2024-11-15 17:45:45,Mobile,Digital Banking,37686.79,Y,Synthetic Identity,Rule Engine,12416.7,673.16,Confirmed Fraud
TXN-500919,2024-11-16 06:20:06,Online,Digital Banking,17296.07,N,,,0.0,0.0,Cleared - False Positive
TXN-501897,2024-11-16 20:09:15,Wire,Payments & Cards,73765.29,N,,,0.0,0.0,Cleared - False Positive
TXN-502303,2024-11-16 21:39:05,ACH,Commercial Banking,37266.68,N,,,0.0,0.0,Cleared - False Positive
TXN-501793,2024-11-17 03:14:28,Wire,Payments & Cards,210336.35,N,,,0.0,0.0,Cleared - False Positive
TXN-501377,2024-11-17 08:13:17,Mobile,Digital Banking,20425.36,N,,,0.0,0.0,Cleared - False Positive
TXN-502151,2024-11-17 20:08:46,Wire,Payments & Cards,246069.88,Y,Wire Fraud,Rule Engine,233229.47,23183.25,Confirmed Fraud
TXN-502083,2024-11-17 22:39:25,Online,Digital Banking,27040.4,N,,,0.0,0.0,Cleared - False Positive
TXN-500132,2024-11-17 23:15:05,Mobile,Digital Banking,30358.68,N,,,0.0,0.0,Cleared - False Positive
TXN-502271,2024-11-18 19:59:12,Card,Payments & Cards,18851.91,Y,Card Not Present,Rule Engine,16031.88,3243.07,Recovered
TXN-501013,2024-11-19 16:27:59,Card,Payments & Cards,43884.07,Y,Card Not Present,Manual Review,26899.17,838.4,Recovered
TXN-500875,2024-11-20 01:48:56,Mobile,Digital Banking,43154.55,Y,Account Takeover,Rule Engine,39984.46,3295.03,Recovered
TXN-502287,2024-11-20 18:34:40,Card,Payments & Cards,25461.83,N,,,0.0,0.0,Cleared - False Positive
TXN-502093,2024-11-21 17:59:08,Card,Payments & Cards,7914.12,N,,,0.0,0.0,Cleared - False Positive
TXN-502049,2024-11-21 23:07:09,Mobile,Digital Banking,16127.04,N,,,0.0,0.0,Cleared - False Positive
TXN-500861,2024-11-22 01:44:51,ATM,Retail Banking,3395.4,Y,Card Not Present,Customer Reported,1660.14,23.37,Confirmed Fraud
TXN-501302,2024-11-22 07:10:38,ATM,Retail Banking,14445.02,N,,,0.0,0.0,Cleared - False Positive
TXN-500530,2024-11-22 10:05:52,Mobile,Digital Banking,22240.63,N,,,0.0,0.0,Cleared - False Positive
TXN-502236,2024-11-22 20:44:02,Card,Payments & Cards,36352.28,N,,,0.0,0.0,Cleared - False Positive
TXN-500931,2024-11-22 21:13:05,ACH,Commercial Banking,41284.26,Y,Synthetic Identity,Rule Engine,13317.98,675.19,Charged Off
TXN-501795,2024-11-23 03:02:24,ATM,Retail Banking,43314.11,N,,,0.0,0.0,Cleared - False Positive
TXN-501271,2024-11-23 08:19:28,Card,Payments & Cards,17475.11,Y,Synthetic Identity,Customer Reported,15106.99,1348.34,Charged Off
TXN-501955,2024-11-23 18:19:06,ACH,Commercial Banking,24108.16,Y,Synthetic Identity,Customer Reported,19557.29,5880.22,Under Review
TXN-502524,2024-11-23 21:37:36,Mobile,Digital Banking,1475.04,N,,,0.0,0.0,Cleared - False Positive
TXN-500251,2024-11-23 21:59:04,Card,Payments & Cards,26637.82,Y,Card Skimming,ML Model,14886.19,1225.92,Under Review
TXN-501529,2024-11-25 03:27:52,ATM,Retail Banking,34564.59,Y,Card Skimming,ML Model,14787.88,1507.72,Confirmed Fraud
TXN-502353,2024-11-25 10:31:13,Card,Payments & Cards,24870.87,N,,,0.0,0.0,Cleared - False Positive
TXN-500014,2024-11-25 14:02:57,Card,Payments & Cards,32584.42,Y,Synthetic Identity,Customer Reported,28526.89,5152.34,Under Review
TXN-501953,2024-11-26 03:18:25,Online,Digital Banking,37886.58,Y,Account Takeover,Rule Engine,16164.41,4006.36,Charged Off
TXN-502025,2024-11-26 19:21:14,Card,Payments & Cards,17868.95,N,,,0.0,0.0,Cleared - False Positive
TXN-500230,2024-11-26 21:33:36,Mobile,Digital Banking,14655.51,Y,Synthetic Identity,Rule Engine,6204.0,247.68,Under Review
TXN-500999,2024-11-27 06:24:54,ACH,Commercial Banking,14364.39,Y,Account Takeover,Customer Reported,11396.32,2559.11,Under Review
TXN-502167,2024-11-27 18:17:24,Wire,Payments & Cards,92376.73,Y,Wire Fraud,Rule Engine,31252.65,9090.29,Recovered
TXN-501979,2024-11-29 03:13:14,Card,Payments & Cards,6625.68,Y,Card Skimming,Manual Review,5074.11,2068.61,Recovered
TXN-502382,2024-11-29 05:11:36,Card,Payments & Cards,22348.66,Y,Card Skimming,Rule Engine,13897.51,1362.33,Confirmed Fraud
TXN-500771,2024-11-29 05:12:33,Wire,Payments & Cards,7073.55,N,,,0.0,0.0,Cleared - False Positive
TXN-501209,2024-11-29 08:41:15,Wire,Payments & Cards,168316.04,N,,,0.0,0.0,Cleared - False Positive
TXN-501421,2024-11-29 10:36:42,Mobile,Digital Banking,9273.91,N,,,0.0,0.0,Cleared - False Positive
TXN-501893,2024-11-29 16:46:07,ACH,Commercial Banking,13099.61,Y,Synthetic Identity,Rule Engine,8407.26,359.14,Confirmed Fraud
TXN-502514,2024-11-29 19:38:43,Card,Payments & Cards,846.51,N,,,0.0,0.0,Cleared - False Positive
TXN-502327,2024-11-30 10:03:13,ATM,Retail Banking,18939.09,N,,,0.0,0.0,Cleared - False Positive
TXN-500976,2024-11-30 12:15:46,Online,Digital Banking,40427.96,N,,,0.0,0.0,Cleared - False Positive
TXN-500496,2024-11-30 21:54:12,Online,Digital Banking,4982.92,Y,Card Not Present,Manual Review,1635.38,55.88,Recovered
TXN-502004,2024-12-01 15:29:20,Card,Payments & Cards,13564.55,N,,,0.0,0.0,Cleared - False Positive
TXN-500990,2024-12-01 16:10:49,Online,Digital Banking,22206.63,Y,Account Takeover,Manual Review,22099.02,1129.81,Confirmed Fraud
TXN-501156,2024-12-01 23:22:59,Wire,Payments & Cards,99378.84,N,,,0.0,0.0,Cleared - False Positive
TXN-500143,2024-12-02 08:15:16,Online,Digital Banking,38229.53,N,,,0.0,0.0,Cleared - False Positive
TXN-502014,2024-12-02 18:24:38,Online,Digital Banking,37342.83,Y,Account Takeover,Rule Engine,13782.09,633.78,Recovered
TXN-501879,2024-12-03 00:24:28,Mobile,Digital Banking,36805.99,Y,Synthetic Identity,ML Model,31572.24,5017.6,Recovered
TXN-500838,2024-12-03 07:01:16,Mobile,Digital Banking,24127.22,N,,,0.0,0.0,Cleared - False Positive
TXN-500113,2024-12-03 09:03:51,Wire,Payments & Cards,243755.57,Y,Wire Fraud,ML Model,107112.51,4440.32,Under Review
TXN-500593,2024-12-03 13:25:30,Card,Payments & Cards,4753.0,N,,,0.0,0.0,Cleared - False Positive
TXN-500859,2024-12-03 13:36:48,ATM,Retail Banking,4641.41,Y,Card Skimming,Customer Reported,1843.17,946.46,Charged Off
TXN-501513,2024-12-03 18:13:16,Online,Digital Banking,35083.6,N,,,0.0,0.0,Cleared - False Positive
TXN-500833,2024-12-04 03:53:54,Card,Payments & Cards,11804.52,Y,Card Not Present,Customer Reported,7625.38,1386.13,Confirmed Fraud
TXN-501992,2024-12-04 10:24:35,Card,Payments & Cards,30053.05,Y,Synthetic Identity,Customer Reported,21291.53,2840.53,Confirmed Fraud
TXN-502329,2024-12-04 11:39:10,ACH,Commercial Banking,24840.39,Y,Synthetic Identity,Customer Reported,9831.11,4116.56,Recovered
TXN-502334,2024-12-04 13:10:02,Wire,Payments & Cards,66261.82,N,,,0.0,0.0,Cleared - False Positive
TXN-501514,2024-12-04 17:31:17,Mobile,Digital Banking,12537.96,Y,Account Takeover,Manual Review,6861.63,302.29,Confirmed Fraud
TXN-501097,2024-12-05 03:31:51,Wire,Payments & Cards,53220.64,Y,Business Email Compromise,Customer Reported,22620.67,1679.15,Under Review
TXN-500657,2024-12-05 09:57:21,ATM,Retail Banking,31799.37,N,,,0.0,0.0,Cleared - False Positive
TXN-502216,2024-12-05 16:30:42,Card,Payments & Cards,8860.64,N,,,0.0,0.0,Cleared - False Positive
TXN-500957,2024-12-06 11:10:25,Mobile,Digital Banking,14458.1,Y,Account Takeover,Rule Engine,8829.07,0.81,Recovered
TXN-500811,2024-12-06 18:10:22,Mobile,Digital Banking,20530.77,Y,Synthetic Identity,Manual Review,18061.54,4495.23,Confirmed Fraud
TXN-502062,2024-12-07 01:21:27,Card,Payments & Cards,1950.12,Y,Card Skimming,ML Model,1742.98,25.57,Confirmed Fraud
TXN-500100,2024-12-08 04:46:46,ACH,Commercial Banking,7693.95,Y,Account Takeover,Manual Review,6941.93,644.96,Under Review
TXN-500711,2024-12-08 05:39:47,Wire,Payments & Cards,3905.41,N,,,0.0,0.0,Cleared - False Positive
TXN-500294,2024-12-08 07:30:21,Card,Payments & Cards,12207.32,N,,,0.0,0.0,Cleared - False Positive
TXN-500862,2024-12-08 11:37:35,Online,Digital Banking,33891.51,N,,,0.0,0.0,Cleared - False Positive
TXN-502392,2024-12-08 13:37:48,Mobile,Digital Banking,11324.57,Y,Account Takeover,Manual Review,7374.59,855.82,Confirmed Fraud
TXN-500548,2024-12-08 23:12:20,ACH,Commercial Banking,16005.5,N,,,0.0,0.0,Cleared - False Positive
TXN-501966,2024-12-09 03:45:31,Card,Payments & Cards,32309.0,Y,Card Not Present,Customer Reported,21076.35,4684.33,Recovered
TXN-500960,2024-12-09 08:16:48,Mobile,Digital Banking,6627.64,N,,,0.0,0.0,Cleared - False Positive
TXN-500653,2024-12-09 11:24:34,ATM,Retail Banking,25969.72,Y,Card Skimming,Customer Reported,18517.5,818.76,Recovered
TXN-502364,2024-12-09 16:49:17,Online,Digital Banking,44608.97,N,,,0.0,0.0,Cleared - False Positive
TXN-500927,2024-12-09 18:49:56,Card,Payments & Cards,5324.38,Y,Synthetic Identity,Manual Review,3611.93,40.12,Recovered
TXN-501622,2024-12-10 15:31:44,Online,Digital Banking,828.24,Y,Account Takeover,Manual Review,755.67,22.22,Under Review
TXN-500125,2024-12-11 06:30:14,Online,Digital Banking,9109.51,N,,,0.0,0.0,Cleared - False Positive
TXN-502116,2024-12-11 07:55:35,Card,Payments & Cards,8129.56,N,,,0.0,0.0,Cleared - False Positive
TXN-501691,2024-12-11 11:39:18,ACH,Commercial Banking,8842.99,N,,,0.0,0.0,Cleared - False Positive
TXN-500793,2024-12-11 16:03:00,Wire,Payments & Cards,211286.49,N,,,0.0,0.0,Cleared - False Positive
TXN-500008,2024-12-12 05:51:33,Mobile,Digital Banking,11490.63,Y,Account Takeover,Manual Review,3768.45,1253.27,Under Review
TXN-500586,2024-12-12 07:29:18,Card,Payments & Cards,36808.97,N,,,0.0,0.0,Cleared - False Positive
TXN-500722,2024-12-12 12:03:32,Wire,Payments & Cards,202603.79,N,,,0.0,0.0,Cleared - False Positive
TXN-501064,2024-12-12 12:07:46,Online,Digital Banking,2439.93,Y,Account Takeover,Rule Engine,2100.88,95.6,Charged Off
TXN-500265,2024-12-12 13:41:17,Mobile,Digital Banking,40497.38,N,,,0.0,0.0,Cleared - False Positive
TXN-502080,2024-12-13 01:41:56,Card,Payments & Cards,13334.31,Y,Synthetic Identity,Rule Engine,11556.17,5070.03,Confirmed Fraud
TXN-500222,2024-12-13 03:22:58,Online,Digital Banking,41387.61,N,,,0.0,0.0,Cleared - False Positive
TXN-501965,2024-12-13 04:45:15,Online,Digital Banking,22421.26,N,,,0.0,0.0,Cleared - False Positive
TXN-502019,2024-12-13 05:17:04,Card,Payments & Cards,43644.51,Y,Synthetic Identity,Rule Engine,43109.0,591.23,Confirmed Fraud
TXN-501007,2024-12-13 09:49:49,Online,Digital Banking,3462.19,N,,,0.0,0.0,Cleared - False Positive
TXN-500467,2024-12-13 10:40:55,Online,Digital Banking,17578.9,Y,Card Not Present,ML Model,15068.3,6106.44,Recovered
TXN-502587,2024-12-14 00:16:11,Card,Payments & Cards,14532.87,N,,,0.0,0.0,Cleared - False Positive
TXN-501969,2024-12-14 02:35:11,Mobile,Digital Banking,29336.22,N,,,0.0,0.0,Cleared - False Positive
TXN-500212,2024-12-14 07:28:14,Online,Digital Banking,20682.39,N,,,0.0,0.0,Cleared - False Positive
TXN-502039,2024-12-14 15:56:29,Mobile,Digital Banking,30379.25,Y,Synthetic Identity,Customer Reported,23902.91,7392.1,Under Review
TXN-501544,2024-12-15 07:56:31,Card,Payments & Cards,5085.36,Y,Card Not Present,Rule Engine,4078.79,27.95,Recovered
TXN-501222,2024-12-15 14:01:34,Card,Payments & Cards,43024.25,N,,,0.0,0.0,Cleared - False Positive
TXN-500736,2024-12-15 14:52:02,Online,Digital Banking,13284.39,N,,,0.0,0.0,Cleared - False Positive
TXN-500611,2024-12-16 10:07:34,Card,Payments & Cards,35417.95,Y,Card Skimming,Manual Review,26692.12,109.46,Recovered
TXN-500037,2024-12-16 16:55:09,ACH,Commercial Banking,4093.12,Y,Synthetic Identity,ML Model,3126.63,1283.04,Charged Off
TXN-500047,2024-12-16 22:55:15,ACH,Commercial Banking,40088.08,Y,Synthetic Identity,Rule Engine,19273.62,1995.04,Recovered
TXN-502199,2024-12-16 23:31:54,Online,Digital Banking,15743.29,Y,Card Not Present,Rule Engine,5188.73,97.67,Confirmed Fraud
TXN-501023,2024-12-17 05:58:47,ACH,Commercial Banking,37326.77,Y,Account Takeover,Rule Engine,15880.97,4453.14,Recovered
TXN-501729,2024-12-17 13:47:44,Card,Payments & Cards,25713.42,Y,Card Not Present,Customer Reported,18848.66,4481.09,Under Review
TXN-500147,2024-12-17 17:30:35,Mobile,Digital Banking,21963.99,N,,,0.0,0.0,Cleared - False Positive
TXN-502209,2024-12-17 17:51:19,ATM,Retail Banking,392.1,Y,Card Not Present,Rule Engine,174.87,12.08,Recovered
TXN-500101,2024-12-17 19:38:05,Card,Payments & Cards,26899.34,N,,,0.0,0.0,Cleared - False Positive
TXN-502568,2024-12-17 22:56:38,Card,Payments & Cards,32762.12,Y,Card Skimming,Customer Reported,27970.98,267.85,Recovered
TXN-501452,2024-12-18 00:01:15,Card,Payments & Cards,23809.61,N,,,0.0,0.0,Cleared - False Positive
TXN-502074,2024-12-18 00:35:28,Card,Payments & Cards,18069.24,N,,,0.0,0.0,Cleared - False Positive
TXN-500902,2024-12-18 08:08:20,Online,Digital Banking,28792.27,Y,Card Not Present,ML Model,23131.69,10471.51,Confirmed Fraud
TXN-501194,2024-12-18 10:55:20,Card,Payments & Cards,11324.79,N,,,0.0,0.0,Cleared - False Positive
TXN-500694,2024-12-18 17:27:49,ACH,Commercial Banking,30836.78,N,,,0.0,0.0,Cleared - False Positive
TXN-501402,2024-12-19 04:24:21,Card,Payments & Cards,3905.26,Y,Card Not Present,Manual Review,2391.08,533.71,Under Review
TXN-500350,2024-12-19 07:15:17,Card,Payments & Cards,17191.99,N,,,0.0,0.0,Cleared - False Positive
TXN-501527,2024-12-19 09:24:13,Online,Digital Banking,44967.65,Y,Card Not Present,Customer Reported,44379.35,9445.82,Recovered
TXN-502159,2024-12-19 11:29:03,ATM,Retail Banking,34569.97,Y,Card Skimming,Manual Review,13393.06,15.0,Under Review
TXN-501961,2024-12-20 06:07:16,Online,Digital Banking,21465.21,Y,Account Takeover,ML Model,14721.7,2915.47,Charged Off
TXN-500321,2024-12-20 12:11:39,Card,Payments & Cards,5127.82,N,,,0.0,0.0,Cleared - False Positive
TXN-500476,2024-12-20 15:36:46,Wire,Payments & Cards,102622.68,N,,,0.0,0.0,Cleared - False Positive
TXN-500501,2024-12-20 18:22:40,Mobile,Digital Banking,34280.31,N,,,0.0,0.0,Cleared - False Positive
TXN-500894,2024-12-21 07:15:49,Card,Payments & Cards,18745.73,Y,Card Skimming,ML Model,6746.94,1441.33,Under Review
TXN-500769,2024-12-21 10:43:46,ACH,Commercial Banking,37589.65,N,,,0.0,0.0,Cleared - False Positive
TXN-502257,2024-12-21 18:00:11,Card,Payments & Cards,20564.45,N,,,0.0,0.0,Cleared - False Positive
TXN-500339,2024-12-21 20:03:35,Card,Payments & Cards,1135.31,N,,,0.0,0.0,Cleared - False Positive
TXN-500490,2024-12-22 13:45:01,ACH,Commercial Banking,11158.55,Y,Synthetic Identity,Customer Reported,9774.78,207.62,Under Review
TXN-501145,2024-12-22 16:38:05,Online,Digital Banking,896.19,N,,,0.0,0.0,Cleared - False Positive
TXN-500033,2024-12-22 19:36:37,Card,Payments & Cards,33014.84,N,,,0.0,0.0,Cleared - False Positive
TXN-501459,2024-12-22 23:37:55,Online,Digital Banking,17848.31,Y,Account Takeover,Customer Reported,16644.7,1008.42,Recovered
TXN-500154,2024-12-23 00:40:10,Wire,Payments & Cards,226557.05,N,,,0.0,0.0,Cleared - False Positive
TXN-501249,2024-12-23 08:43:05,ATM,Retail Banking,22094.75,N,,,0.0,0.0,Cleared - False Positive
TXN-500217,2024-12-23 10:18:48,Mobile,Digital Banking,7723.95,Y,Synthetic Identity,Rule Engine,5239.96,4.62,Confirmed Fraud
TXN-502301,2024-12-24 03:39:30,Online,Digital Banking,28890.86,N,,,0.0,0.0,Cleared - False Positive
TXN-501115,2024-12-24 08:50:59,Online,Digital Banking,9469.62,Y,Account Takeover,Manual Review,5878.45,1882.0,Recovered
TXN-500677,2024-12-24 10:54:43,Online,Digital Banking,9700.28,Y,Account Takeover,Customer Reported,6928.41,840.76,Confirmed Fraud
TXN-500514,2024-12-24 13:35:29,Mobile,Digital Banking,7585.11,Y,Synthetic Identity,Customer Reported,7379.91,102.73,Recovered
TXN-501666,2024-12-24 16:51:53,Online,Digital Banking,22494.63,N,,,0.0,0.0,Cleared - False Positive
TXN-502077,2024-12-24 17:25:03,Mobile,Digital Banking,15644.86,N,,,0.0,0.0,Cleared - False Positive
TXN-500211,2024-12-25 03:34:38,Online,Digital Banking,42212.31,N,,,0.0,0.0,Cleared - False Positive
TXN-501283,2024-12-26 01:32:57,ACH,Commercial Banking,31986.65,N,,,0.0,0.0,Cleared - False Positive
TXN-501438,2024-12-26 02:48:59,Mobile,Digital Banking,31457.82,Y,Synthetic Identity,ML Model,13998.47,1069.1,Recovered
TXN-501281,2024-12-26 10:26:39,Mobile,Digital Banking,7862.41,N,,,0.0,0.0,Cleared - False Positive
TXN-501722,2024-12-26 18:11:21,ATM,Retail Banking,31072.42,N,,,0.0,0.0,Cleared - False Positive
TXN-501014,2024-12-26 22:56:04,ATM,Retail Banking,4310.6,Y,Card Not Present,Customer Reported,3083.75,62.58,Charged Off
TXN-500760,2024-12-27 03:17:35,Wire,Payments & Cards,32320.17,N,,,0.0,0.0,Cleared - False Positive
TXN-500092,2024-12-27 06:06:04,Mobile,Digital Banking,41786.93,N,,,0.0,0.0,Cleared - False Positive
TXN-500409,2024-12-27 13:12:58,ACH,Commercial Banking,16560.91,Y,Synthetic Identity,ML Model,14723.16,5503.97,Recovered
TXN-500335,2024-12-27 16:40:36,ATM,Retail Banking,7039.28,N,,,0.0,0.0,Cleared - False Positive
TXN-502346,2024-12-27 17:16:02,Card,Payments & Cards,18827.04,Y,Card Skimming,Rule Engine,13505.14,3464.86,Recovered
TXN-500166,2024-12-27 23:53:33,ATM,Retail Banking,41271.7,Y,Card Skimming,Rule Engine,17701.21,1297.53,Recovered
TXN-502288,2024-12-28 04:34:16,Card,Payments & Cards,38886.97,N,,,0.0,0.0,Cleared - False Positive
TXN-500039,2024-12-28 17:36:13,ATM,Retail Banking,1838.08,N,,,0.0,0.0,Cleared - False Positive
TXN-502413,2024-12-29 08:07:00,Mobile,Digital Banking,9267.26,N,,,0.0,0.0,Cleared - False Positive
TXN-502351,2024-12-29 17:33:15,Card,Payments & Cards,34275.72,N,,,0.0,0.0,Cleared - False Positive
TXN-502489,2024-12-29 22:27:43,Online,Digital Banking,42476.4,N,,,0.0,0.0,Cleared - False Positive
TXN-502009,2024-12-30 06:09:08,Card,Payments & Cards,31201.26,N,,,0.0,0.0,Cleared - False Positive
TXN-500152,2024-12-30 10:28:27,Card,Payments & Cards,31226.91,Y,Card Skimming,ML Model,19667.75,2898.16,Charged Off
TXN-502338,2024-12-30 16:24:56,Card,Payments & Cards,23238.42,Y,Card Not Present,Customer Reported,14270.4,499.49,Under Review
TXN-500743,2024-12-30 17:26:24,Card,Payments & Cards,8184.48,Y,Card Not Present,Manual Review,3537.35,759.45,Confirmed Fraud
TXN-500973,2024-12-30 20:58:19,ACH,Commercial Banking,39667.23,Y,Synthetic Identity,Manual Review,36235.38,40.74,Under Review
TXN-501775,2024-12-30 21:34:52,Card,Payments & Cards,32396.27,N,,,0.0,0.0,Cleared - False Positive
TXN-500502,2024-12-31 11:50:26,Card,Payments & Cards,28122.17,N,,,0.0,0.0,Cleared - False Positive
TXN-502268,2024-12-31 14:14:19,Card,Payments & Cards,23898.91,N,,,0.0,0.0,Cleared - False Positive
TXN-500665,2024-12-31 22:49:38,Online,Digital Banking,11040.15,Y,Card Not Present,Customer Reported,7088.2,2792.97,Confirmed Fraud
TXN-501077,2025-01-01 00:15:11,Wire,Payments & Cards,233577.18,N,,,0.0,0.0,Cleared - False Positive
TXN-501945,2025-01-01 07:58:03,Online,Digital Banking,13861.03,N,,,0.0,0.0,Cleared - False Positive
TXN-501588,2025-01-02 06:23:52,Online,Digital Banking,13018.19,N,,,0.0,0.0,Cleared - False Positive
TXN-501291,2025-01-02 14:58:28,Card,Payments & Cards,11071.52,N,,,0.0,0.0,Cleared - False Positive
TXN-500472,2025-01-02 18:45:52,Mobile,Digital Banking,4704.31,Y,Synthetic Identity,Rule Engine,4042.37,1764.58,Confirmed Fraud
TXN-501811,2025-01-03 02:21:28,ACH,Commercial Banking,6899.66,Y,Account Takeover,ML Model,2757.36,577.22,Under Review
TXN-501009,2025-01-03 03:28:44,Online,Digital Banking,35672.05,Y,Card Not Present,Manual Review,30297.71,5746.15,Recovered
TXN-501296,2025-01-03 05:56:38,Wire,Payments & Cards,133310.14,N,,,0.0,0.0,Cleared - False Positive
TXN-501469,2025-01-03 15:32:36,Mobile,Digital Banking,11496.55,N,,,0.0,0.0,Cleared - False Positive
TXN-501161,2025-01-03 23:40:54,Wire,Payments & Cards,45827.62,N,,,0.0,0.0,Cleared - False Positive
TXN-502284,2025-01-04 04:44:02,Card,Payments & Cards,3464.95,N,,,0.0,0.0,Cleared - False Positive
TXN-500839,2025-01-04 07:52:31,Online,Digital Banking,5183.18,Y,Card Not Present,ML Model,2057.7,71.25,Recovered
TXN-502001,2025-01-04 15:59:43,ATM,Retail Banking,2848.42,N,,,0.0,0.0,Cleared - False Positive
TXN-501573,2025-01-05 02:18:12,Online,Digital Banking,7174.92,Y,Account Takeover,Customer Reported,4033.56,882.93,Confirmed Fraud
TXN-502592,2025-01-05 06:22:33,Online,Digital Banking,38773.64,Y,Card Not Present,ML Model,36953.89,87.78,Charged Off
TXN-500704,2025-01-05 14:57:13,Card,Payments & Cards,21943.8,Y,Synthetic Identity,Manual Review,10425.37,1102.09,Under Review
TXN-501310,2025-01-05 20:49:21,Online,Digital Banking,35053.87,N,,,0.0,0.0,Cleared - False Positive
TXN-502105,2025-01-05 23:30:40,Wire,Payments & Cards,206753.7,N,,,0.0,0.0,Cleared - False Positive
TXN-500795,2025-01-06 03:50:01,Card,Payments & Cards,7136.1,Y,Card Not Present,Manual Review,3255.03,1142.41,Under Review
TXN-501244,2025-01-06 21:50:06,Wire,Payments & Cards,44643.61,N,,,0.0,0.0,Cleared - False Positive
TXN-501762,2025-01-07 00:56:01,Card,Payments & Cards,21693.72,Y,Card Not Present,Customer Reported,12002.61,269.19,Recovered
TXN-500151,2025-01-07 03:07:27,Card,Payments & Cards,2473.12,N,,,0.0,0.0,Cleared - False Positive
TXN-501264,2025-01-07 05:09:28,Mobile,Digital Banking,27986.93,Y,Synthetic Identity,Manual Review,21725.61,8350.95,Charged Off
TXN-502307,2025-01-07 12:55:01,Mobile,Digital Banking,27765.42,N,,,0.0,0.0,Cleared - False Positive
TXN-502328,2025-01-07 17:51:41,ACH,Commercial Banking,36381.15,N,,,0.0,0.0,Cleared - False Positive
TXN-501094,2025-01-07 22:45:02,Mobile,Digital Banking,28099.45,N,,,0.0,0.0,Cleared - False Positive
TXN-501997,2025-01-08 07:36:49,Wire,Payments & Cards,242380.52,Y,Wire Fraud,Manual Review,146170.46,63357.85,Recovered
TXN-501942,2025-01-08 12:10:00,Wire,Payments & Cards,54882.57,N,,,0.0,0.0,Cleared - False Positive
TXN-501494,2025-01-08 14:13:42,Card,Payments & Cards,2991.17,Y,Card Skimming,Customer Reported,1713.02,387.08,Recovered
TXN-500302,2025-01-09 01:03:29,ACH,Commercial Banking,5240.61,N,,,0.0,0.0,Cleared - False Positive
TXN-501413,2025-01-09 08:47:12,Mobile,Digital Banking,12957.49,N,,,0.0,0.0,Cleared - False Positive
TXN-501575,2025-01-09 21:38:12,ACH,Commercial Banking,25536.87,N,,,0.0,0.0,Cleared - False Positive
TXN-501549,2025-01-10 02:14:08,Online,Digital Banking,37519.38,N,,,0.0,0.0,Cleared - False Positive
TXN-501268,2025-01-10 17:47:13,Card,Payments & Cards,24171.55,Y,Synthetic Identity,Customer Reported,11591.45,4407.05,Recovered
TXN-501297,2025-01-10 20:26:58,Mobile,Digital Banking,21141.15,N,,,0.0,0.0,Cleared - False Positive
TXN-500587,2025-01-10 21:58:49,Mobile,Digital Banking,13977.91,Y,Synthetic Identity,Rule Engine,6888.44,4.39,Under Review
TXN-500660,2025-01-11 00:47:06,Mobile,Digital Banking,15196.71,N,,,0.0,0.0,Cleared - False Positive
TXN-501219,2025-01-11 06:08:11,Wire,Payments & Cards,28314.41,N,,,0.0,0.0,Cleared - False Positive
TXN-502270,2025-01-11 08:05:33,Wire,Payments & Cards,113881.23,Y,Wire Fraud,ML Model,46876.85,2055.19,Recovered
TXN-502452,2025-01-11 17:51:35,Card,Payments & Cards,6943.25,N,,,0.0,0.0,Cleared - False Positive
TXN-500836,2025-01-12 06:32:47,Card,Payments & Cards,40665.64,N,,,0.0,0.0,Cleared - False Positive
TXN-500026,2025-01-12 06:41:56,Card,Payments & Cards,37566.98,Y,Card Not Present,Customer Reported,28914.72,535.28,Confirmed Fraud
TXN-501840,2025-01-12 06:47:56,Card,Payments & Cards,6863.97,Y,Card Skimming,Customer Reported,4116.51,1510.63,Recovered
TXN-501105,2025-01-13 16:40:00,Wire,Payments & Cards,218725.22,Y,Wire Fraud,ML Model,115029.11,18086.47,Under Review
TXN-501451,2025-01-13 23:18:23,Mobile,Digital Banking,1921.46,N,,,0.0,0.0,Cleared - False Positive
TXN-500443,2025-01-14 14:08:41,Online,Digital Banking,12836.42,N,,,0.0,0.0,Cleared - False Positive
TXN-501875,2025-01-14 18:59:09,Card,Payments & Cards,25569.23,Y,Card Not Present,Customer Reported,25306.67,5006.85,Charged Off
TXN-500356,2025-01-15 01:55:32,Card,Payments & Cards,18889.74,N,,,0.0,0.0,Cleared - False Positive
TXN-500751,2025-01-15 11:11:29,Wire,Payments & Cards,39051.07,Y,Business Email Compromise,Rule Engine,28868.12,1758.55,Recovered
TXN-500681,2025-01-15 15:16:49,Online,Digital Banking,14249.89,N,,,0.0,0.0,Cleared - False Positive
TXN-500434,2025-01-15 17:00:28,ACH,Commercial Banking,44784.17,N,,,0.0,0.0,Cleared - False Positive
TXN-501570,2025-01-16 00:58:45,Online,Digital Banking,44132.11,N,,,0.0,0.0,Cleared - False Positive
TXN-501848,2025-01-16 01:56:48,Card,Payments & Cards,11320.26,N,,,0.0,0.0,Cleared - False Positive
TXN-500479,2025-01-16 15:48:14,Card,Payments & Cards,34168.47,N,,,0.0,0.0,Cleared - False Positive
TXN-501649,2025-01-16 17:25:07,Online,Digital Banking,64.0,N,,,0.0,0.0,Cleared - False Positive
TXN-501847,2025-01-16 23:15:01,Online,Digital Banking,3444.76,N,,,0.0,0.0,Cleared - False Positive
TXN-502372,2025-01-17 06:46:41,Online,Digital Banking,40687.24,N,,,0.0,0.0,Cleared - False Positive
TXN-500844,2025-01-17 07:29:38,ATM,Retail Banking,21962.67,N,,,0.0,0.0,Cleared - False Positive
TXN-500692,2025-01-17 20:56:47,Card,Payments & Cards,33458.56,N,,,0.0,0.0,Cleared - False Positive
TXN-501191,2025-01-18 13:38:02,Card,Payments & Cards,30624.25,N,,,0.0,0.0,Cleared - False Positive
TXN-500096,2025-01-18 14:27:21,Card,Payments & Cards,2889.38,N,,,0.0,0.0,Cleared - False Positive
TXN-501859,2025-01-18 17:48:51,Card,Payments & Cards,8639.43,N,,,0.0,0.0,Cleared - False Positive
TXN-500603,2025-01-19 01:36:08,Wire,Payments & Cards,27367.12,Y,Wire Fraud,Customer Reported,20176.99,4468.63,Confirmed Fraud
TXN-501956,2025-01-19 03:25:46,Wire,Payments & Cards,129432.63,N,,,0.0,0.0,Cleared - False Positive
TXN-501950,2025-01-19 14:23:25,Card,Payments & Cards,42897.24,Y,Synthetic Identity,ML Model,37014.95,33.71,Under Review
TXN-500564,2025-01-19 18:31:05,Wire,Payments & Cards,220664.31,N,,,0.0,0.0,Cleared - False Positive
TXN-502122,2025-01-20 00:04:39,Card,Payments & Cards,15665.64,Y,Card Not Present,Rule Engine,10612.98,487.7,Confirmed Fraud
TXN-500987,2025-01-20 00:59:44,Mobile,Digital Banking,1807.73,N,,,0.0,0.0,Cleared - False Positive
TXN-502252,2025-01-20 02:24:00,ATM,Retail Banking,8984.6,N,,,0.0,0.0,Cleared - False Positive
TXN-500429,2025-01-21 18:20:27,ACH,Commercial Banking,15276.17,N,,,0.0,0.0,Cleared - False Positive
TXN-500860,2025-01-22 03:12:16,Card,Payments & Cards,40604.4,Y,Synthetic Identity,Manual Review,40307.81,19609.47,Confirmed Fraud
TXN-502161,2025-01-22 03:30:33,Online,Digital Banking,36803.8,N,,,0.0,0.0,Cleared - False Positive
TXN-500049,2025-01-22 07:59:12,Online,Digital Banking,27045.73,N,,,0.0,0.0,Cleared - False Positive
TXN-502079,2025-01-22 08:33:20,Card,Payments & Cards,12202.98,N,,,0.0,0.0,Cleared - False Positive
TXN-500226,2025-01-22 10:16:36,Online,Digital Banking,27207.72,Y,Account Takeover,Rule Engine,15888.77,728.47,Recovered
TXN-500909,2025-01-22 18:37:25,Online,Digital Banking,24609.71,N,,,0.0,0.0,Cleared - False Positive
TXN-500824,2025-01-22 20:49:57,ATM,Retail Banking,10897.56,N,,,0.0,0.0,Cleared - False Positive
TXN-502147,2025-01-23 04:18:21,Online,Digital Banking,44396.6,Y,Account Takeover,Rule Engine,43190.15,405.35,Confirmed Fraud
TXN-501675,2025-01-23 06:34:11,Card,Payments & Cards,15731.69,N,,,0.0,0.0,Cleared - False Positive
TXN-500585,2025-01-23 11:53:50,Online,Digital Banking,18500.54,Y,Account Takeover,Customer Reported,7222.54,1347.47,Charged Off
TXN-501431,2025-01-23 13:57:16,Card,Payments & Cards,27741.02,N,,,0.0,0.0,Cleared - False Positive
TXN-502455,2025-01-23 14:45:13,Mobile,Digital Banking,7114.92,Y,Account Takeover,Manual Review,6977.84,281.18,Recovered
TXN-502470,2025-01-23 17:11:38,Wire,Payments & Cards,33541.71,N,,,0.0,0.0,Cleared - False Positive
TXN-500853,2025-01-23 21:53:50,Wire,Payments & Cards,96022.95,N,,,0.0,0.0,Cleared - False Positive
TXN-502400,2025-01-24 20:06:53,Wire,Payments & Cards,147451.11,Y,Wire Fraud,ML Model,110925.02,5705.34,Charged Off
TXN-502273,2025-01-25 07:58:33,Card,Payments & Cards,19202.65,Y,Card Not Present,Rule Engine,7478.49,155.83,Confirmed Fraud
TXN-500827,2025-01-25 14:40:37,ATM,Retail Banking,23287.12,N,,,0.0,0.0,Cleared - False Positive
TXN-501725,2025-01-25 19:46:59,Online,Digital Banking,4781.64,Y,Account Takeover,Rule Engine,1857.22,593.92,Recovered
TXN-500893,2025-01-25 20:31:52,ACH,Commercial Banking,39419.44,N,,,0.0,0.0,Cleared - False Positive
TXN-501678,2025-01-26 02:38:55,ATM,Retail Banking,6260.71,N,,,0.0,0.0,Cleared - False Positive
TXN-500922,2025-01-26 11:41:34,Card,Payments & Cards,20238.94,Y,Synthetic Identity,Customer Reported,14200.57,429.7,Recovered
TXN-501393,2025-01-26 16:26:48,Card,Payments & Cards,7340.32,Y,Card Skimming,Rule Engine,4394.74,1754.07,Charged Off
TXN-501082,2025-01-27 03:03:36,ACH,Commercial Banking,5689.94,Y,Account Takeover,ML Model,3424.04,548.46,Under Review
TXN-500209,2025-01-27 04:05:10,Wire,Payments & Cards,9830.06,Y,Wire Fraud,ML Model,6002.65,43.35,Charged Off
TXN-501636,2025-01-27 06:55:52,Card,Payments & Cards,37766.6,N,,,0.0,0.0,Cleared - False Positive
TXN-501624,2025-01-27 07:57:32,Card,Payments & Cards,15337.19,Y,Card Skimming,Customer Reported,10066.61,633.68,Under Review
TXN-500684,2025-01-27 19:10:06,Online,Digital Banking,13808.6,N,,,0.0,0.0,Cleared - False Positive
TXN-500032,2025-01-27 23:30:13,Mobile,Digital Banking,37883.85,N,,,0.0,0.0,Cleared - False Positive
TXN-500299,2025-01-28 05:49:00,Mobile,Digital Banking,1959.34,N,,,0.0,0.0,Cleared - False Positive
TXN-500738,2025-01-28 09:19:12,ATM,Retail Banking,24191.74,N,,,0.0,0.0,Cleared - False Positive
TXN-501445,2025-01-28 10:29:40,Mobile,Digital Banking,42391.88,N,,,0.0,0.0,Cleared - False Positive
TXN-501134,2025-01-28 11:57:55,ACH,Commercial Banking,23148.73,N,,,0.0,0.0,Cleared - False Positive
TXN-500812,2025-01-28 16:42:18,ACH,Commercial Banking,7976.74,N,,,0.0,0.0,Cleared - False Positive
TXN-500874,2025-01-28 21:37:43,Card,Payments & Cards,27343.02,N,,,0.0,0.0,Cleared - False Positive
TXN-501127,2025-01-29 01:27:53,ATM,Retail Banking,11974.03,Y,Card Skimming,ML Model,9738.91,4857.89,Recovered
TXN-501917,2025-01-29 11:34:30,Online,Digital Banking,17230.48,N,,,0.0,0.0,Cleared - False Positive
TXN-501806,2025-01-29 17:44:58,Card,Payments & Cards,40221.45,N,,,0.0,0.0,Cleared - False Positive
TXN-501245,2025-01-29 18:28:16,Card,Payments & Cards,36858.42,Y,Card Not Present,Rule Engine,35188.92,14883.74,Recovered
TXN-501716,2025-01-30 18:16:42,Card,Payments & Cards,43111.07,N,,,0.0,0.0,Cleared - False Positive
TXN-500270,2025-01-30 23:30:04,ACH,Commercial Banking,6491.39,N,,,0.0,0.0,Cleared - False Positive
TXN-501137,2025-01-31 02:23:13,Online,Digital Banking,30290.47,Y,Card Not Present,ML Model,16347.83,5542.54,Confirmed Fraud
TXN-502185,2025-01-31 05:13:23,Card,Payments & Cards,33538.75,N,,,0.0,0.0,Cleared - False Positive
TXN-500184,2025-01-31 16:31:04,Mobile,Digital Banking,32074.29,Y,Synthetic Identity,ML Model,11647.0,1468.83,Confirmed Fraud
TXN-500791,2025-01-31 16:46:30,Card,Payments & Cards,21307.28,Y,Card Skimming,Customer Reported,16091.35,168.1,Confirmed Fraud
TXN-500659,2025-01-31 17:44:58,Online,Digital Banking,13473.6,N,,,0.0,0.0,Cleared - False Positive
TXN-500353,2025-01-31 17:54:32,ATM,Retail Banking,29022.47,Y,Card Not Present,Manual Review,18723.42,6530.34,Under Review
TXN-502085,2025-02-01 05:39:48,Card,Payments & Cards,1823.84,N,,,0.0,0.0,Cleared - False Positive
TXN-500959,2025-02-01 09:23:37,Online,Digital Banking,12440.97,N,,,0.0,0.0,Cleared - False Positive
TXN-500260,2025-02-01 11:24:20,Mobile,Digital Banking,30282.63,N,,,0.0,0.0,Cleared - False Positive
TXN-501739,2025-02-01 16:16:06,Mobile,Digital Banking,38160.52,N,,,0.0,0.0,Cleared - False Positive
TXN-501089,2025-02-02 10:22:24,Card,Payments & Cards,18335.08,Y,Card Skimming,Manual Review,13935.56,1062.43,Confirmed Fraud
TXN-500252,2025-02-02 19:12:05,Online,Digital Banking,15441.3,Y,Account Takeover,Customer Reported,11069.57,4571.43,Under Review
TXN-500109,2025-02-03 04:58:27,Card,Payments & Cards,28667.43,N,,,0.0,0.0,Cleared - False Positive
TXN-502043,2025-02-03 08:29:22,Card,Payments & Cards,2074.72,Y,Card Not Present,Customer Reported,1133.59,5.58,Recovered
TXN-502314,2025-02-03 10:26:30,Mobile,Digital Banking,30324.66,N,,,0.0,0.0,Cleared - False Positive
TXN-501243,2025-02-03 19:29:11,Card,Payments & Cards,15549.25,N,,,0.0,0.0,Cleared - False Positive
TXN-500705,2025-02-03 19:31:50,Online,Digital Banking,4909.1,N,,,0.0,0.0,Cleared - False Positive
TXN-500050,2025-02-03 22:41:25,Mobile,Digital Banking,11918.14,N,,,0.0,0.0,Cleared - False Positive
TXN-501789,2025-02-04 07:40:47,Online,Digital Banking,43517.5,N,,,0.0,0.0,Cleared - False Positive
TXN-502361,2025-02-04 09:14:26,ATM,Retail Banking,16965.55,Y,Card Skimming,Customer Reported,15338.86,2283.61,Under Review
TXN-502399,2025-02-04 12:45:22,Card,Payments & Cards,4800.9,Y,Synthetic Identity,Manual Review,4114.71,935.4,Under Review
TXN-500689,2025-02-04 15:58:55,ATM,Retail Banking,35935.13,N,,,0.0,0.0,Cleared - False Positive
TXN-501126,2025-02-04 23:41:42,Online,Digital Banking,10290.73,N,,,0.0,0.0,Cleared - False Positive
TXN-501497,2025-02-05 00:16:15,Online,Digital Banking,7404.78,Y,Account Takeover,ML Model,4745.18,416.94,Charged Off
TXN-500906,2025-02-05 08:33:12,Online,Digital Banking,24611.43,N,,,0.0,0.0,Cleared - False Positive
TXN-501839,2025-02-05 15:14:44,Wire,Payments & Cards,72653.02,Y,Business Email Compromise,Rule Engine,52495.83,10114.44,Under Review
TXN-500083,2025-02-05 18:09:34,ACH,Commercial Banking,18870.8,N,,,0.0,0.0,Cleared - False Positive
TXN-502034,2025-02-06 02:11:30,ACH,Commercial Banking,43.75,Y,Account Takeover,Rule Engine,18.29,7.14,Under Review
TXN-500266,2025-02-06 04:02:08,Mobile,Digital Banking,11415.04,N,,,0.0,0.0,Cleared - False Positive
TXN-500367,2025-02-06 12:47:56,Card,Payments & Cards,6567.15,N,,,0.0,0.0,Cleared - False Positive
TXN-502088,2025-02-07 03:37:51,Card,Payments & Cards,3886.15,Y,Synthetic Identity,Manual Review,2411.44,175.13,Under Review
TXN-500632,2025-02-07 07:18:57,Card,Payments & Cards,8239.17,N,,,0.0,0.0,Cleared - False Positive
TXN-502300,2025-02-07 08:59:52,Online,Digital Banking,5348.5,Y,Card Not Present,ML Model,3893.23,941.71,Under Review
TXN-501667,2025-02-08 02:44:13,Card,Payments & Cards,7283.23,Y,Card Skimming,Rule Engine,6744.17,1971.81,Charged Off
TXN-500584,2025-02-08 07:14:43,Card,Payments & Cards,43335.5,Y,Card Not Present,Manual Review,21831.29,3123.06,Confirmed Fraud
TXN-501601,2025-02-08 14:40:58,Online,Digital Banking,32456.16,Y,Account Takeover,Rule Engine,16412.53,8609.32,Confirmed Fraud
TXN-501378,2025-02-09 00:01:18,Online,Digital Banking,43618.24,N,,,0.0,0.0,Cleared - False Positive
TXN-500745,2025-02-09 02:31:43,Card,Payments & Cards,19199.25,N,,,0.0,0.0,Cleared - False Positive
TXN-502175,2025-02-09 10:39:03,Card,Payments & Cards,17180.59,Y,Card Skimming,Customer Reported,10478.19,387.3,Confirmed Fraud
TXN-501259,2025-02-09 12:48:26,ATM,Retail Banking,2378.54,N,,,0.0,0.0,Cleared - False Positive
TXN-501540,2025-02-09 17:56:12,Mobile,Digital Banking,2690.54,Y,Synthetic Identity,Customer Reported,1169.66,127.51,Under Review
TXN-500781,2025-02-09 20:05:11,Card,Payments & Cards,41815.5,Y,Card Not Present,Customer Reported,41132.41,7857.89,Confirmed Fraud
TXN-501339,2025-02-09 21:45:26,Mobile,Digital Banking,13316.97,Y,Account Takeover,Customer Reported,8875.12,666.37,Under Review
TXN-500433,2025-02-10 05:24:40,Card,Payments & Cards,8257.7,N,,,0.0,0.0,Cleared - False Positive
TXN-502421,2025-02-10 06:16:41,Card,Payments & Cards,8240.19,N,,,0.0,0.0,Cleared - False Positive
TXN-501273,2025-02-10 07:39:41,Online,Digital Banking,1988.23,Y,Account Takeover,Manual Review,1071.54,563.28,Under Review
TXN-500552,2025-02-10 17:19:14,Mobile,Digital Banking,44186.91,N,,,0.0,0.0,Cleared - False Positive
TXN-501978,2025-02-11 04:42:50,Online,Digital Banking,17352.61,N,,,0.0,0.0,Cleared - False Positive
TXN-500460,2025-02-12 03:08:04,Card,Payments & Cards,20864.88,N,,,0.0,0.0,Cleared - False Positive
TXN-501037,2025-02-12 13:55:29,Wire,Payments & Cards,233331.52,N,,,0.0,0.0,Cleared - False Positive
TXN-500532,2025-02-13 00:50:30,ATM,Retail Banking,31190.5,N,,,0.0,0.0,Cleared - False Positive
TXN-500924,2025-02-13 03:07:54,Mobile,Digital Banking,28317.62,N,,,0.0,0.0,Cleared - False Positive
TXN-500528,2025-02-13 03:16:32,Online,Digital Banking,28143.14,N,,,0.0,0.0,Cleared - False Positive
TXN-501485,2025-02-13 06:11:13,Online,Digital Banking,37092.11,N,,,0.0,0.0,Cleared - False Positive
TXN-501647,2025-02-13 09:43:22,Wire,Payments & Cards,37663.53,N,,,0.0,0.0,Cleared - False Positive
TXN-500726,2025-02-13 15:13:35,Mobile,Digital Banking,11378.6,N,,,0.0,0.0,Cleared - False Positive
TXN-502347,2025-02-13 23:53:34,Online,Digital Banking,18528.99,Y,Card Not Present,Manual Review,12046.33,3185.66,Recovered
TXN-500119,2025-02-14 00:46:38,Mobile,Digital Banking,16130.37,Y,Account Takeover,Customer Reported,10318.78,798.29,Charged Off
TXN-500680,2025-02-14 13:32:57,Mobile,Digital Banking,29156.74,N,,,0.0,0.0,Cleared - False Positive
TXN-502585,2025-02-14 19:43:05,Card,Payments & Cards,186.75,N,,,0.0,0.0,Cleared - False Positive
TXN-502579,2025-02-14 21:32:19,ATM,Retail Banking,31649.89,Y,Card Not Present,ML Model,16145.24,7441.02,Recovered
TXN-500825,2025-02-14 22:26:15,Mobile,Digital Banking,37288.17,N,,,0.0,0.0,Cleared - False Positive
TXN-500007,2025-02-15 10:42:38,ACH,Commercial Banking,44255.73,Y,Synthetic Identity,Manual Review,36048.75,104.9,Recovered
TXN-501045,2025-02-15 23:51:05,Mobile,Digital Banking,770.02,N,,,0.0,0.0,Cleared - False Positive
TXN-502107,2025-02-16 07:27:18,Online,Digital Banking,10052.13,N,,,0.0,0.0,Cleared - False Positive
TXN-501468,2025-02-16 15:13:57,Mobile,Digital Banking,18803.16,N,,,0.0,0.0,Cleared - False Positive
TXN-500341,2025-02-16 21:14:31,ACH,Commercial Banking,35162.13,N,,,0.0,0.0,Cleared - False Positive
TXN-500557,2025-02-16 22:59:10,Mobile,Digital Banking,34453.66,Y,Account Takeover,Manual Review,15138.46,564.99,Charged Off
TXN-500342,2025-02-17 00:49:15,Card,Payments & Cards,38228.32,N,,,0.0,0.0,Cleared - False Positive
TXN-501696,2025-02-17 05:06:36,Wire,Payments & Cards,203899.03,Y,Wire Fraud,Manual Review,151652.82,6451.46,Under Review
TXN-501038,2025-02-17 16:05:44,Wire,Payments & Cards,49124.71,N,,,0.0,0.0,Cleared - False Positive
TXN-500937,2025-02-17 19:26:56,Mobile,Digital Banking,17084.89,N,,,0.0,0.0,Cleared - False Positive
TXN-500148,2025-02-17 20:25:53,Mobile,Digital Banking,33110.34,Y,Account Takeover,Rule Engine,16104.21,2845.44,Confirmed Fraud
TXN-501977,2025-02-18 11:08:50,Mobile,Digital Banking,8501.63,Y,Synthetic Identity,ML Model,4596.43,503.99,Under Review
TXN-500572,2025-02-18 11:59:14,Card,Payments & Cards,33539.61,N,,,0.0,0.0,Cleared - False Positive
TXN-502416,2025-02-18 16:44:22,Card,Payments & Cards,21154.68,N,,,0.0,0.0,Cleared - False Positive
TXN-500615,2025-02-19 08:55:02,ACH,Commercial Banking,27271.19,Y,Account Takeover,Customer Reported,26655.08,2777.89,Confirmed Fraud
TXN-501254,2025-02-19 10:39:58,ATM,Retail Banking,19195.84,N,,,0.0,0.0,Cleared - False Positive
TXN-502320,2025-02-19 13:15:07,Card,Payments & Cards,42346.94,N,,,0.0,0.0,Cleared - False Positive
TXN-502414,2025-02-19 14:56:27,Card,Payments & Cards,28938.28,N,,,0.0,0.0,Cleared - False Positive
TXN-501078,2025-02-19 18:44:48,Online,Digital Banking,32748.74,N,,,0.0,0.0,Cleared - False Positive
TXN-501520,2025-02-20 01:31:40,Card,Payments & Cards,8479.86,N,,,0.0,0.0,Cleared - False Positive
TXN-500422,2025-02-20 09:31:52,Online,Digital Banking,7610.64,Y,Card Not Present,ML Model,5481.75,470.29,Confirmed Fraud
TXN-501425,2025-02-20 09:40:25,Card,Payments & Cards,19258.27,N,,,0.0,0.0,Cleared - False Positive
TXN-501907,2025-02-21 01:35:47,Card,Payments & Cards,3208.19,N,,,0.0,0.0,Cleared - False Positive
TXN-501287,2025-02-21 07:54:25,Wire,Payments & Cards,222536.2,N,,,0.0,0.0,Cleared - False Positive
TXN-500076,2025-02-21 08:33:03,Online,Digital Banking,39275.96,Y,Account Takeover,Rule Engine,34737.95,6206.1,Confirmed Fraud
TXN-502412,2025-02-21 09:52:49,ACH,Commercial Banking,20022.29,N,,,0.0,0.0,Cleared - False Positive
TXN-501270,2025-02-22 04:37:41,ACH,Commercial Banking,1625.57,N,,,0.0,0.0,Cleared - False Positive
TXN-501065,2025-02-22 06:15:53,Card,Payments & Cards,3635.28,Y,Card Not Present,Manual Review,2201.47,147.43,Confirmed Fraud
TXN-500215,2025-02-22 07:00:37,Card,Payments & Cards,23961.77,N,,,0.0,0.0,Cleared - False Positive
TXN-501274,2025-02-22 23:27:08,Card,Payments & Cards,17113.94,N,,,0.0,0.0,Cleared - False Positive
TXN-501500,2025-02-23 07:41:04,Card,Payments & Cards,30622.4,N,,,0.0,0.0,Cleared - False Positive
TXN-501167,2025-02-23 11:01:45,Card,Payments & Cards,44595.34,Y,Card Not Present,Customer Reported,37488.7,538.86,Confirmed Fraud
TXN-500172,2025-02-24 07:26:52,Card,Payments & Cards,41721.1,N,,,0.0,0.0,Cleared - False Positive
TXN-500567,2025-02-24 16:27:35,Online,Digital Banking,17827.58,Y,Card Not Present,Rule Engine,12478.58,2620.33,Charged Off
TXN-500925,2025-02-25 01:12:36,Online,Digital Banking,40200.23,Y,Card Not Present,Customer Reported,28051.98,4957.49,Charged Off
TXN-500945,2025-02-25 04:59:34,Online,Digital Banking,23454.35,Y,Account Takeover,Rule Engine,9051.59,3102.09,Charged Off
TXN-501511,2025-02-25 05:58:03,Wire,Payments & Cards,191390.63,Y,Wire Fraud,Rule Engine,67629.42,766.61,Charged Off
TXN-502453,2025-02-25 08:29:49,ACH,Commercial Banking,20600.2,N,,,0.0,0.0,Cleared - False Positive
TXN-500877,2025-02-25 12:39:24,Mobile,Digital Banking,31769.28,Y,Account Takeover,Customer Reported,11626.6,2459.06,Recovered
TXN-502066,2025-02-26 10:47:59,Online,Digital Banking,8588.41,Y,Account Takeover,Manual Review,2777.83,128.49,Charged Off
TXN-500582,2025-02-26 14:13:21,Card,Payments & Cards,17401.79,N,,,0.0,0.0,Cleared - False Positive
TXN-501816,2025-02-26 14:49:56,Card,Payments & Cards,9616.2,N,,,0.0,0.0,Cleared - False Positive
TXN-501460,2025-02-26 16:52:05,Card,Payments & Cards,43183.63,Y,Card Not Present,Rule Engine,40071.27,6553.96,Recovered
TXN-500932,2025-02-26 19:55:07,Online,Digital Banking,14845.82,N,,,0.0,0.0,Cleared - False Positive
TXN-501357,2025-02-27 07:17:13,Online,Digital Banking,33111.9,Y,Account Takeover,Rule Engine,30484.69,5399.4,Charged Off
TXN-502219,2025-02-27 19:57:56,ACH,Commercial Banking,29342.44,Y,Synthetic Identity,Customer Reported,23843.92,871.2,Under Review
TXN-502441,2025-02-27 20:50:57,Wire,Payments & Cards,76517.64,N,,,0.0,0.0,Cleared - False Positive
TXN-502350,2025-02-28 06:33:47,Card,Payments & Cards,7939.35,N,,,0.0,0.0,Cleared - False Positive
TXN-501545,2025-02-28 16:16:38,Card,Payments & Cards,32599.65,N,,,0.0,0.0,Cleared - False Positive
TXN-500926,2025-03-01 20:45:59,Online,Digital Banking,22548.25,Y,Account Takeover,Rule Engine,19416.68,3197.99,Confirmed Fraud
TXN-501352,2025-03-02 08:21:21,Mobile,Digital Banking,341.71,N,,,0.0,0.0,Cleared - False Positive
TXN-501146,2025-03-02 09:19:05,Card,Payments & Cards,16818.91,Y,Card Skimming,ML Model,8880.04,595.07,Under Review
TXN-501989,2025-03-02 10:12:26,Card,Payments & Cards,7985.2,Y,Card Not Present,Manual Review,5388.74,1681.76,Confirmed Fraud
TXN-500563,2025-03-03 02:57:50,Online,Digital Banking,35599.05,N,,,0.0,0.0,Cleared - False Positive
TXN-501566,2025-03-03 03:24:12,Wire,Payments & Cards,59559.02,Y,Business Email Compromise,ML Model,50849.69,10305.05,Confirmed Fraud
TXN-501170,2025-03-03 04:22:55,ATM,Retail Banking,33334.08,Y,Card Not Present,Manual Review,19686.76,225.56,Under Review
TXN-501029,2025-03-03 06:07:13,Card,Payments & Cards,10447.76,Y,Synthetic Identity,Manual Review,4205.68,363.76,Confirmed Fraud
TXN-502305,2025-03-03 10:50:35,ATM,Retail Banking,21378.48,Y,Card Skimming,Customer Reported,17640.43,519.61,Under Review
TXN-500469,2025-03-03 20:16:24,Card,Payments & Cards,835.51,N,,,0.0,0.0,Cleared - False Positive
TXN-500835,2025-03-04 15:17:18,Wire,Payments & Cards,78739.44,N,,,0.0,0.0,Cleared - False Positive
TXN-502557,2025-03-04 20:35:24,ATM,Retail Banking,18231.17,Y,Card Skimming,ML Model,16553.98,2948.82,Under Review
TXN-500237,2025-03-05 06:18:49,ACH,Commercial Banking,8486.44,Y,Account Takeover,ML Model,7535.74,695.74,Charged Off
TXN-501517,2025-03-06 06:05:57,Card,Payments & Cards,28694.27,N,,,0.0,0.0,Cleared - False Positive
TXN-500798,2025-03-06 17:20:19,Card,Payments & Cards,20466.95,N,,,0.0,0.0,Cleared - False Positive
TXN-500289,2025-03-07 01:39:35,Mobile,Digital Banking,15110.96,Y,Account Takeover,ML Model,12546.4,467.98,Under Review
TXN-501434,2025-03-07 08:27:12,Card,Payments & Cards,3708.23,N,,,0.0,0.0,Cleared - False Positive
TXN-500555,2025-03-07 08:42:08,ACH,Commercial Banking,34580.31,N,,,0.0,0.0,Cleared - False Positive
TXN-500850,2025-03-07 16:56:37,Mobile,Digital Banking,14483.82,Y,Account Takeover,Rule Engine,8254.53,1571.53,Recovered
TXN-501155,2025-03-08 06:42:15,Wire,Payments & Cards,57306.73,Y,Wire Fraud,Rule Engine,44376.51,4787.0,Charged Off
TXN-501741,2025-03-08 17:51:08,Online,Digital Banking,36791.16,Y,Account Takeover,Rule Engine,14402.56,163.84,Charged Off
TXN-502229,2025-03-09 01:49:47,ACH,Commercial Banking,6735.93,Y,Synthetic Identity,Rule Engine,2285.25,993.37,Recovered
TXN-502075,2025-03-09 07:26:32,Online,Digital Banking,10352.89,Y,Card Not Present,Rule Engine,6064.76,1177.91,Under Review
TXN-500658,2025-03-09 18:01:23,Card,Payments & Cards,43492.98,Y,Card Skimming,ML Model,17696.93,6454.44,Confirmed Fraud
TXN-501958,2025-03-10 02:26:43,Mobile,Digital Banking,16907.19,N,,,0.0,0.0,Cleared - False Positive
TXN-502336,2025-03-10 03:33:26,ACH,Commercial Banking,13824.17,Y,Synthetic Identity,Rule Engine,11659.6,1843.35,Recovered
TXN-502530,2025-03-10 14:08:10,ACH,Commercial Banking,2197.87,N,,,0.0,0.0,Cleared - False Positive
TXN-500407,2025-03-12 05:15:10,Card,Payments & Cards,9650.61,Y,Card Skimming,Manual Review,4613.13,800.07,Confirmed Fraud
TXN-501940,2025-03-12 07:03:27,Mobile,Digital Banking,13018.14,N,,,0.0,0.0,Cleared - False Positive
TXN-501564,2025-03-12 13:30:11,Card,Payments & Cards,11555.42,N,,,0.0,0.0,Cleared - False Positive
TXN-502342,2025-03-12 19:15:38,ACH,Commercial Banking,22687.66,N,,,0.0,0.0,Cleared - False Positive
TXN-502058,2025-03-12 20:57:27,Mobile,Digital Banking,24002.37,N,,,0.0,0.0,Cleared - False Positive
TXN-500271,2025-03-12 22:21:13,Mobile,Digital Banking,41069.16,N,,,0.0,0.0,Cleared - False Positive
TXN-500554,2025-03-13 00:08:04,Mobile,Digital Banking,31201.06,N,,,0.0,0.0,Cleared - False Positive
TXN-500262,2025-03-13 10:18:52,Card,Payments & Cards,1551.2,N,,,0.0,0.0,Cleared - False Positive
TXN-502121,2025-03-13 15:43:41,ACH,Commercial Banking,961.74,N,,,0.0,0.0,Cleared - False Positive
TXN-500298,2025-03-13 16:54:05,Online,Digital Banking,29676.54,Y,Account Takeover,Customer Reported,11243.71,849.4,Under Review
TXN-501179,2025-03-13 18:44:27,Card,Payments & Cards,42404.17,Y,Card Not Present,Rule Engine,34781.16,4225.59,Charged Off
TXN-501554,2025-03-13 20:05:18,ACH,Commercial Banking,42030.25,Y,Account Takeover,Manual Review,27967.76,3146.8,Under Review
TXN-501376,2025-03-13 21:00:31,Wire,Payments & Cards,102295.61,N,,,0.0,0.0,Cleared - False Positive
TXN-500884,2025-03-14 05:09:24,Wire,Payments & Cards,8210.72,N,,,0.0,0.0,Cleared - False Positive
TXN-500074,2025-03-14 08:22:17,Online,Digital Banking,18570.92,Y,Account Takeover,Customer Reported,14681.67,666.47,Recovered
TXN-500741,2025-03-14 11:48:21,Card,Payments & Cards,26183.24,N,,,0.0,0.0,Cleared - False Positive
TXN-500340,2025-03-14 16:14:14,Wire,Payments & Cards,81928.43,N,,,0.0,0.0,Cleared - False Positive
TXN-501581,2025-03-14 23:09:54,Card,Payments & Cards,6669.04,N,,,0.0,0.0,Cleared - False Positive
TXN-500527,2025-03-15 00:43:12,Online,Digital Banking,30631.33,N,,,0.0,0.0,Cleared - False Positive
TXN-501090,2025-03-15 08:11:08,Card,Payments & Cards,14620.91,Y,Card Skimming,Customer Reported,11838.77,1993.73,Recovered
TXN-500529,2025-03-15 08:31:44,ATM,Retail Banking,43529.0,Y,Card Not Present,ML Model,40619.32,3602.54,Under Review
TXN-501117,2025-03-15 13:30:08,Mobile,Digital Banking,32126.86,Y,Account Takeover,Manual Review,22403.6,2921.04,Charged Off
TXN-500991,2025-03-16 02:42:25,Wire,Payments & Cards,127011.51,Y,Wire Fraud,Customer Reported,100944.54,17631.83,Confirmed Fraud
TXN-501697,2025-03-16 07:05:02,Mobile,Digital Banking,40570.27,N,,,0.0,0.0,Cleared - False Positive
TXN-501813,2025-03-16 09:40:54,ACH,Commercial Banking,23981.0,N,,,0.0,0.0,Cleared - False Positive
TXN-502366,2025-03-16 12:40:21,Mobile,Digital Banking,13444.96,N,,,0.0,0.0,Cleared - False Positive
TXN-502012,2025-03-16 12:53:24,Card,Payments & Cards,10214.14,N,,,0.0,0.0,Cleared - False Positive
TXN-501637,2025-03-17 10:43:11,Online,Digital Banking,34936.57,N,,,0.0,0.0,Cleared - False Positive
TXN-500044,2025-03-17 18:48:01,Wire,Payments & Cards,204400.57,Y,Business Email Compromise,Customer Reported,188257.09,657.32,Charged Off
TXN-501336,2025-03-17 23:02:57,Card,Payments & Cards,16040.47,N,,,0.0,0.0,Cleared - False Positive
TXN-502130,2025-03-18 12:43:07,Online,Digital Banking,20759.68,N,,,0.0,0.0,Cleared - False Positive
TXN-500923,2025-03-19 07:19:30,Online,Digital Banking,19544.15,N,,,0.0,0.0,Cleared - False Positive
TXN-502506,2025-03-19 11:28:35,ATM,Retail Banking,41536.76,N,,,0.0,0.0,Cleared - False Positive
TXN-501099,2025-03-19 14:42:28,ACH,Commercial Banking,20886.85,N,,,0.0,0.0,Cleared - False Positive
TXN-501474,2025-03-20 00:48:33,ACH,Commercial Banking,12263.04,N,,,0.0,0.0,Cleared - False Positive
TXN-501610,2025-03-20 01:25:39,Online,Digital Banking,38469.51,N,,,0.0,0.0,Cleared - False Positive
TXN-501618,2025-03-20 08:25:23,Wire,Payments & Cards,119598.05,N,,,0.0,0.0,Cleared - False Positive
TXN-501180,2025-03-20 09:07:35,Card,Payments & Cards,29678.43,Y,Card Skimming,Manual Review,22788.57,4103.02,Charged Off
TXN-502377,2025-03-20 12:17:35,Card,Payments & Cards,35833.73,N,,,0.0,0.0,Cleared - False Positive
TXN-502129,2025-03-20 22:09:53,Card,Payments & Cards,30292.75,N,,,0.0,0.0,Cleared - False Positive
TXN-500876,2025-03-20 22:34:53,Mobile,Digital Banking,18217.08,Y,Account Takeover,ML Model,14824.1,2098.63,Charged Off
TXN-501374,2025-03-21 12:11:35,ACH,Commercial Banking,14660.42,N,,,0.0,0.0,Cleared - False Positive
TXN-501284,2025-03-21 14:38:41,Card,Payments & Cards,28199.97,Y,Card Skimming,Customer Reported,16773.3,3083.41,Under Review
TXN-502010,2025-03-21 22:25:33,Card,Payments & Cards,23509.12,N,,,0.0,0.0,Cleared - False Positive
TXN-501318,2025-03-22 05:54:49,Wire,Payments & Cards,209092.08,Y,Business Email Compromise,Manual Review,136883.83,9997.81,Charged Off
TXN-502578,2025-03-22 09:09:21,Card,Payments & Cards,31497.15,Y,Card Skimming,ML Model,19082.74,7356.81,Charged Off
TXN-500691,2025-03-23 11:06:41,Mobile,Digital Banking,3930.66,Y,Synthetic Identity,ML Model,3504.86,102.36,Confirmed Fraud
TXN-502027,2025-03-23 20:20:54,ATM,Retail Banking,34752.22,N,,,0.0,0.0,Cleared - False Positive
TXN-502029,2025-03-23 20:47:10,Online,Digital Banking,21319.23,Y,Account Takeover,Manual Review,11079.21,876.28,Recovered
TXN-500045,2025-03-24 02:48:24,ACH,Commercial Banking,12650.81,Y,Synthetic Identity,ML Model,7002.93,356.64,Under Review
TXN-500061,2025-03-24 16:15:36,Online,Digital Banking,42717.05,Y,Card Not Present,Rule Engine,36320.46,10716.23,Charged Off
TXN-500169,2025-03-25 00:56:58,Wire,Payments & Cards,172191.25,N,,,0.0,0.0,Cleared - False Positive
TXN-500718,2025-03-25 08:04:28,Wire,Payments & Cards,120059.21,N,,,0.0,0.0,Cleared - False Positive
TXN-501439,2025-03-25 13:48:54,Mobile,Digital Banking,21147.69,Y,Account Takeover,Rule Engine,15899.55,440.09,Under Review
TXN-500130,2025-03-25 19:21:25,Wire,Payments & Cards,48683.3,N,,,0.0,0.0,Cleared - False Positive
TXN-501369,2025-03-26 01:43:18,Card,Payments & Cards,3996.95,Y,Card Skimming,ML Model,2722.78,549.93,Recovered
TXN-500040,2025-03-26 02:17:19,Card,Payments & Cards,10546.16,N,,,0.0,0.0,Cleared - False Positive
TXN-501404,2025-03-26 07:22:15,Card,Payments & Cards,6012.0,N,,,0.0,0.0,Cleared - False Positive
TXN-501138,2025-03-26 07:45:46,Card,Payments & Cards,13756.16,N,,,0.0,0.0,Cleared - False Positive
TXN-500604,2025-03-26 07:47:00,Card,Payments & Cards,14565.08,Y,Synthetic Identity,Rule Engine,7593.77,813.52,Recovered
TXN-500224,2025-03-26 08:08:53,Card,Payments & Cards,40308.62,Y,Card Skimming,Manual Review,23155.44,6465.51,Under Review
TXN-500067,2025-03-26 22:23:54,Card,Payments & Cards,1642.03,Y,Card Not Present,Customer Reported,1614.04,23.21,Recovered
TXN-502354,2025-03-27 01:10:44,Wire,Payments & Cards,235029.24,N,,,0.0,0.0,Cleared - False Positive
TXN-500057,2025-03-27 03:03:06,Card,Payments & Cards,39456.95,Y,Card Not Present,Rule Engine,11988.15,38.05,Confirmed Fraud
TXN-500111,2025-03-27 03:17:02,Card,Payments & Cards,22221.21,Y,Card Skimming,Rule Engine,18888.2,2097.75,Recovered
TXN-500652,2025-03-27 08:08:21,Card,Payments & Cards,13108.12,Y,Card Skimming,Rule Engine,10727.78,4491.92,Recovered
TXN-500196,2025-03-27 10:34:34,ATM,Retail Banking,91.11,Y,Card Skimming,Customer Reported,74.37,5.69,Under Review
TXN-501236,2025-03-27 20:44:52,Online,Digital Banking,22867.81,Y,Card Not Present,Manual Review,20670.53,637.84,Confirmed Fraud
TXN-500545,2025-03-27 21:49:47,Online,Digital Banking,28087.89,N,,,0.0,0.0,Cleared - False Positive
TXN-502294,2025-03-28 11:10:02,Card,Payments & Cards,30479.03,N,,,0.0,0.0,Cleared - False Positive
TXN-500576,2025-03-28 18:46:50,Mobile,Digital Banking,24876.63,N,,,0.0,0.0,Cleared - False Positive
TXN-502394,2025-03-29 06:11:42,Mobile,Digital Banking,44378.26,N,,,0.0,0.0,Cleared - False Positive
TXN-501096,2025-03-29 13:39:49,ATM,Retail Banking,5943.75,N,,,0.0,0.0,Cleared - False Positive
TXN-501329,2025-03-29 18:53:15,ATM,Retail Banking,36166.92,Y,Card Skimming,Manual Review,35074.67,4499.73,Under Review
TXN-501446,2025-03-30 00:37:32,Online,Digital Banking,8808.42,N,,,0.0,0.0,Cleared - False Positive
TXN-500405,2025-03-30 04:04:31,Mobile,Digital Banking,22521.18,Y,Synthetic Identity,Manual Review,14582.82,473.65,Recovered
TXN-501736,2025-03-30 20:08:20,Mobile,Digital Banking,10655.73,Y,Synthetic Identity,ML Model,8436.45,714.92,Recovered
TXN-501430,2025-03-31 05:31:24,Card,Payments & Cards,26293.72,N,,,0.0,0.0,Cleared - False Positive
TXN-502230,2025-03-31 14:13:59,Online,Digital Banking,18646.42,Y,Card Not Present,Rule Engine,8159.97,2737.56,Recovered
TXN-501744,2025-03-31 23:12:28,ACH,Commercial Banking,41595.13,N,,,0.0,0.0,Cleared - False Positive
TXN-500955,2025-04-01 04:48:04,ATM,Retail Banking,12645.89,N,,,0.0,0.0,Cleared - False Positive
TXN-500940,2025-04-01 08:26:53,Card,Payments & Cards,472.03,Y,Synthetic Identity,ML Model,329.3,2.92,Confirmed Fraud
TXN-500253,2025-04-01 16:01:35,Online,Digital Banking,7544.4,N,,,0.0,0.0,Cleared - False Positive
TXN-500551,2025-04-01 18:27:47,Online,Digital Banking,25184.06,Y,Card Not Present,Rule Engine,11000.02,1201.45,Recovered
TXN-500003,2025-04-01 18:36:07,Online,Digital Banking,35951.0,Y,Account Takeover,Manual Review,34100.94,7586.25,Confirmed Fraud
TXN-500295,2025-04-02 06:21:18,Mobile,Digital Banking,1712.2,Y,Synthetic Identity,Manual Review,1247.23,54.44,Recovered
TXN-501991,2025-04-03 00:29:35,ACH,Commercial Banking,44138.07,Y,Account Takeover,ML Model,37245.63,1560.6,Under Review
TXN-501348,2025-04-03 02:03:27,Mobile,Digital Banking,25104.65,Y,Account Takeover,ML Model,15943.59,306.04,Charged Off
TXN-501419,2025-04-03 20:36:28,Card,Payments & Cards,43755.88,Y,Card Skimming,Customer Reported,28982.59,1888.67,Charged Off
TXN-500164,2025-04-04 20:51:30,Card,Payments & Cards,43674.76,N,,,0.0,0.0,Cleared - False Positive
TXN-500487,2025-04-05 11:03:58,Online,Digital Banking,44413.22,Y,Account Takeover,Rule Engine,39488.17,3123.35,Confirmed Fraud
TXN-502362,2025-04-05 20:12:52,Card,Payments & Cards,10018.71,N,,,0.0,0.0,Cleared - False Positive
TXN-500259,2025-04-05 21:26:05,Online,Digital Banking,23407.46,N,,,0.0,0.0,Cleared - False Positive
TXN-502202,2025-04-05 22:31:31,Card,Payments & Cards,340.01,Y,Card Skimming,Customer Reported,334.16,164.78,Confirmed Fraud
TXN-501947,2025-04-06 00:30:27,Card,Payments & Cards,40630.32,Y,Card Skimming,Rule Engine,24819.04,7291.91,Recovered
TXN-500612,2025-04-06 07:29:36,ACH,Commercial Banking,40800.31,N,,,0.0,0.0,Cleared - False Positive
TXN-502478,2025-04-06 14:34:02,Online,Digital Banking,12253.54,N,,,0.0,0.0,Cleared - False Positive
TXN-501207,2025-04-06 21:19:39,ACH,Commercial Banking,26606.98,N,,,0.0,0.0,Cleared - False Positive
TXN-500969,2025-04-07 11:58:01,Card,Payments & Cards,34548.6,Y,Card Skimming,Customer Reported,17978.11,7269.72,Under Review
TXN-501406,2025-04-07 17:29:25,Online,Digital Banking,8506.24,N,,,0.0,0.0,Cleared - False Positive
TXN-500290,2025-04-07 21:11:22,Card,Payments & Cards,4516.55,N,,,0.0,0.0,Cleared - False Positive
TXN-502555,2025-04-08 00:13:03,Online,Digital Banking,4529.77,Y,Account Takeover,ML Model,3272.44,205.41,Charged Off
TXN-501107,2025-04-08 16:49:43,Online,Digital Banking,3161.51,N,,,0.0,0.0,Cleared - False Positive
TXN-500763,2025-04-09 13:57:04,Wire,Payments & Cards,124527.02,N,,,0.0,0.0,Cleared - False Positive
TXN-500624,2025-04-10 08:49:25,ACH,Commercial Banking,41467.66,Y,Synthetic Identity,Customer Reported,32686.05,3307.41,Charged Off
TXN-500311,2025-04-10 09:01:23,Wire,Payments & Cards,145077.02,N,,,0.0,0.0,Cleared - False Positive
TXN-500512,2025-04-10 20:11:46,Mobile,Digital Banking,5668.2,N,,,0.0,0.0,Cleared - False Positive
TXN-502165,2025-04-10 22:28:55,Wire,Payments & Cards,80585.76,N,,,0.0,0.0,Cleared - False Positive
TXN-501410,2025-04-10 22:49:34,Online,Digital Banking,37792.9,Y,Account Takeover,Rule Engine,33241.99,6098.39,Recovered
TXN-501537,2025-04-11 02:59:09,Wire,Payments & Cards,46689.74,N,,,0.0,0.0,Cleared - False Positive
TXN-500539,2025-04-11 03:55:34,ACH,Commercial Banking,43146.94,N,,,0.0,0.0,Cleared - False Positive
TXN-500904,2025-04-11 07:26:17,Card,Payments & Cards,1129.04,N,,,0.0,0.0,Cleared - False Positive
TXN-501972,2025-04-11 19:42:17,Online,Digital Banking,3028.3,Y,Account Takeover,Rule Engine,1228.23,51.95,Under Review
TXN-501361,2025-04-12 02:49:40,Mobile,Digital Banking,39800.87,N,,,0.0,0.0,Cleared - False Positive
TXN-500613,2025-04-12 08:05:56,Mobile,Digital Banking,17179.24,Y,Synthetic Identity,ML Model,12727.2,242.59,Confirmed Fraud
TXN-501476,2025-04-12 16:54:22,ATM,Retail Banking,41673.8,N,,,0.0,0.0,Cleared - False Positive
TXN-502198,2025-04-12 19:23:33,Card,Payments & Cards,25816.27,N,,,0.0,0.0,Cleared - False Positive
TXN-502078,2025-04-13 02:03:47,Card,Payments & Cards,28886.14,Y,Card Not Present,Manual Review,27704.51,663.96,Under Review
TXN-502206,2025-04-13 10:44:24,Card,Payments & Cards,3717.66,N,,,0.0,0.0,Cleared - False Positive
TXN-502163,2025-04-13 14:21:33,Card,Payments & Cards,8333.87,Y,Card Not Present,ML Model,7921.4,877.0,Under Review
TXN-502262,2025-04-13 15:49:18,Card,Payments & Cards,4373.21,N,,,0.0,0.0,Cleared - False Positive
TXN-501334,2025-04-13 17:47:20,Mobile,Digital Banking,40077.26,Y,Account Takeover,Customer Reported,22799.97,652.8,Under Review
TXN-502087,2025-04-13 22:50:08,Card,Payments & Cards,25811.69,N,,,0.0,0.0,Cleared - False Positive
TXN-501695,2025-04-15 06:38:47,ATM,Retail Banking,17704.94,N,,,0.0,0.0,Cleared - False Positive
TXN-501916,2025-04-15 10:54:25,ATM,Retail Banking,22662.02,N,,,0.0,0.0,Cleared - False Positive
TXN-501206,2025-04-15 12:59:08,Card,Payments & Cards,4568.87,N,,,0.0,0.0,Cleared - False Positive
TXN-501770,2025-04-15 17:27:38,Online,Digital Banking,6175.93,N,,,0.0,0.0,Cleared - False Positive
TXN-502313,2025-04-15 17:31:01,ACH,Commercial Banking,5445.24,Y,Account Takeover,Rule Engine,4825.85,102.54,Confirmed Fraud
TXN-502030,2025-04-15 20:42:17,Card,Payments & Cards,7859.11,N,,,0.0,0.0,Cleared - False Positive
TXN-500533,2025-04-16 20:23:35,Online,Digital Banking,107.93,N,,,0.0,0.0,Cleared - False Positive
TXN-501873,2025-04-17 13:43:13,Card,Payments & Cards,36463.87,N,,,0.0,0.0,Cleared - False Positive
TXN-500428,2025-04-17 18:22:11,Mobile,Digital Banking,13626.78,Y,Synthetic Identity,ML Model,5349.42,117.77,Recovered
TXN-501267,2025-04-17 21:51:00,Card,Payments & Cards,31169.69,Y,Card Skimming,Rule Engine,12163.09,354.87,Confirmed Fraud
TXN-502348,2025-04-18 05:46:52,ACH,Commercial Banking,3482.31,N,,,0.0,0.0,Cleared - False Positive
TXN-500625,2025-04-18 09:00:29,Mobile,Digital Banking,42830.99,N,,,0.0,0.0,Cleared - False Positive
TXN-501976,2025-04-18 10:56:27,Mobile,Digital Banking,19855.07,N,,,0.0,0.0,Cleared - False Positive
TXN-501781,2025-04-18 15:55:40,Online,Digital Banking,19667.66,Y,Card Not Present,Customer Reported,13956.23,3649.23,Confirmed Fraud
TXN-501423,2025-04-18 22:03:47,Card,Payments & Cards,5616.83,Y,Synthetic Identity,Manual Review,5553.4,2.06,Under Review
TXN-501202,2025-04-19 04:06:29,Mobile,Digital Banking,19177.46,Y,Synthetic Identity,Manual Review,15934.97,221.32,Charged Off
TXN-500155,2025-04-19 06:12:04,Card,Payments & Cards,9047.31,N,,,0.0,0.0,Cleared - False Positive
TXN-501171,2025-04-19 18:31:20,Card,Payments & Cards,20573.78,Y,Card Skimming,Manual Review,11937.23,2178.33,Confirmed Fraud
TXN-502227,2025-04-19 20:54:39,Wire,Payments & Cards,46241.39,Y,Business Email Compromise,Rule Engine,41126.51,3632.36,Recovered
TXN-502207,2025-04-20 02:30:03,Online,Digital Banking,30739.44,Y,Account Takeover,Manual Review,22637.02,9072.08,Charged Off
TXN-501914,2025-04-20 19:04:44,Online,Digital Banking,37077.06,Y,Account Takeover,Customer Reported,22041.34,689.44,Confirmed Fraud
TXN-501282,2025-04-21 05:50:13,Wire,Payments & Cards,5723.81,N,,,0.0,0.0,Cleared - False Positive
TXN-502047,2025-04-21 12:02:15,Card,Payments & Cards,18313.64,Y,Synthetic Identity,Customer Reported,8321.97,585.65,Recovered
TXN-500088,2025-04-21 12:31:47,Card,Payments & Cards,5473.26,N,,,0.0,0.0,Cleared - False Positive
TXN-502575,2025-04-21 21:47:58,ATM,Retail Banking,22783.75,Y,Card Not Present,ML Model,19815.19,47.65,Charged Off
TXN-500740,2025-04-21 22:48:01,Mobile,Digital Banking,24798.48,N,,,0.0,0.0,Cleared - False Positive
TXN-502277,2025-04-22 11:21:41,Wire,Payments & Cards,11977.87,N,,,0.0,0.0,Cleared - False Positive
TXN-500510,2025-04-22 13:40:19,ATM,Retail Banking,40479.58,Y,Card Skimming,Customer Reported,33456.11,5799.29,Confirmed Fraud
TXN-502018,2025-04-22 14:39:21,ACH,Commercial Banking,14607.55,N,,,0.0,0.0,Cleared - False Positive
TXN-501838,2025-04-22 14:43:30,Online,Digital Banking,35251.89,N,,,0.0,0.0,Cleared - False Positive
TXN-500456,2025-04-23 03:52:16,ACH,Commercial Banking,825.83,Y,Synthetic Identity,Customer Reported,347.03,68.73,Recovered
TXN-502281,2025-04-23 08:33:05,Wire,Payments & Cards,240295.08,Y,Business Email Compromise,Rule Engine,162038.33,5042.71,Charged Off
TXN-502415,2025-04-23 10:18:28,Online,Digital Banking,43425.59,Y,Account Takeover,Manual Review,34774.84,2240.83,Confirmed Fraud
TXN-501119,2025-04-23 13:15:31,Online,Digital Banking,33550.67,N,,,0.0,0.0,Cleared - False Positive
TXN-500633,2025-04-23 14:53:01,ACH,Commercial Banking,41085.45,Y,Synthetic Identity,Rule Engine,14620.95,93.74,Recovered
TXN-502170,2025-04-24 10:32:10,Online,Digital Banking,27144.5,Y,Account Takeover,Rule Engine,17422.19,1241.32,Charged Off
TXN-501240,2025-04-24 14:36:55,Card,Payments & Cards,15817.01,N,,,0.0,0.0,Cleared - False Positive
TXN-502213,2025-04-24 22:05:36,Mobile,Digital Banking,31148.65,Y,Account Takeover,Customer Reported,13119.6,3624.88,Recovered
TXN-501668,2025-04-25 18:54:42,ATM,Retail Banking,18905.65,N,,,0.0,0.0,Cleared - False Positive
TXN-501595,2025-04-25 22:46:35,Online,Digital Banking,43297.6,N,,,0.0,0.0,Cleared - False Positive
TXN-500146,2025-04-26 03:05:51,Wire,Payments & Cards,108905.53,N,,,0.0,0.0,Cleared - False Positive
TXN-500950,2025-04-26 21:30:58,Card,Payments & Cards,1249.98,N,,,0.0,0.0,Cleared - False Positive
TXN-502446,2025-04-26 23:35:23,Online,Digital Banking,19027.98,N,,,0.0,0.0,Cleared - False Positive
TXN-501938,2025-04-27 01:36:18,Online,Digital Banking,40296.83,N,,,0.0,0.0,Cleared - False Positive
TXN-501983,2025-04-27 08:01:54,Card,Payments & Cards,15260.82,Y,Card Not Present,Customer Reported,12271.47,1996.39,Charged Off
TXN-500122,2025-04-27 19:43:09,Wire,Payments & Cards,679.6,N,,,0.0,0.0,Cleared - False Positive
TXN-501185,2025-04-27 19:52:29,ACH,Commercial Banking,33528.32,N,,,0.0,0.0,Cleared - False Positive
TXN-502084,2025-04-28 01:49:19,Wire,Payments & Cards,160134.78,Y,Business Email Compromise,Manual Review,65312.62,16701.03,Confirmed Fraud
TXN-500432,2025-04-28 18:49:20,Card,Payments & Cards,40172.38,Y,Card Skimming,Customer Reported,33526.78,2595.66,Confirmed Fraud
TXN-502553,2025-04-28 22:50:08,Mobile,Digital Banking,20711.07,N,,,0.0,0.0,Cleared - False Positive
TXN-500886,2025-04-29 12:42:03,Online,Digital Banking,17608.36,Y,Card Not Present,Manual Review,9095.18,116.65,Confirmed Fraud
TXN-502067,2025-04-29 14:48:10,Card,Payments & Cards,4868.01,Y,Synthetic Identity,Customer Reported,2996.42,525.5,Confirmed Fraud
TXN-501810,2025-04-29 22:16:30,ACH,Commercial Banking,11968.7,N,,,0.0,0.0,Cleared - False Positive
TXN-502532,2025-04-30 00:17:30,Mobile,Digital Banking,26457.82,Y,Account Takeover,Rule Engine,18802.23,6605.4,Charged Off
TXN-501708,2025-04-30 05:26:59,Mobile,Digital Banking,28956.18,Y,Account Takeover,Rule Engine,9400.18,911.35,Under Review
TXN-502356,2025-04-30 06:42:47,Mobile,Digital Banking,12103.32,N,,,0.0,0.0,Cleared - False Positive
TXN-501368,2025-05-01 00:53:19,Mobile,Digital Banking,43344.27,Y,Synthetic Identity,Customer Reported,37590.22,991.02,Under Review
TXN-501049,2025-05-01 03:03:25,Card,Payments & Cards,2021.99,N,,,0.0,0.0,Cleared - False Positive
TXN-501467,2025-05-01 05:14:28,Card,Payments & Cards,41176.47,Y,Card Skimming,Rule Engine,20301.31,118.07,Charged Off
TXN-502435,2025-05-01 15:28:00,Mobile,Digital Banking,11069.21,Y,Synthetic Identity,Customer Reported,8315.51,73.93,Under Review
TXN-501486,2025-05-01 21:36:14,Card,Payments & Cards,37661.51,Y,Synthetic Identity,Manual Review,18797.29,443.99,Charged Off
TXN-501854,2025-05-02 01:42:59,Card,Payments & Cards,42506.88,Y,Synthetic Identity,ML Model,23684.79,3137.73,Charged Off
TXN-500748,2025-05-02 05:11:35,ATM,Retail Banking,26991.68,N,,,0.0,0.0,Cleared - False Positive
TXN-502595,2025-05-02 05:36:09,ATM,Retail Banking,23081.0,Y,Card Skimming,ML Model,7654.94,2330.05,Confirmed Fraud
TXN-502142,2025-05-02 22:50:34,ACH,Commercial Banking,34422.15,Y,Account Takeover,Customer Reported,11842.95,1925.15,Confirmed Fraud
TXN-501987,2025-05-02 23:08:46,Wire,Payments & Cards,50242.4,N,,,0.0,0.0,Cleared - False Positive
TXN-500465,2025-05-02 23:36:14,Wire,Payments & Cards,118597.82,N,,,0.0,0.0,Cleared - False Positive
TXN-500822,2025-05-02 23:58:54,Card,Payments & Cards,37735.02,N,,,0.0,0.0,Cleared - False Positive
TXN-501534,2025-05-03 01:53:42,Card,Payments & Cards,4262.29,N,,,0.0,0.0,Cleared - False Positive
TXN-500511,2025-05-03 02:12:27,Card,Payments & Cards,24899.39,Y,Card Not Present,Manual Review,14572.26,1811.02,Confirmed Fraud
TXN-502381,2025-05-03 09:50:18,Card,Payments & Cards,39589.08,Y,Card Skimming,ML Model,32698.59,6995.29,Confirmed Fraud
TXN-502389,2025-05-03 11:29:00,Online,Digital Banking,12186.29,Y,Account Takeover,Manual Review,4191.55,1494.81,Confirmed Fraud
TXN-500733,2025-05-04 01:52:32,Mobile,Digital Banking,11220.38,N,,,0.0,0.0,Cleared - False Positive
TXN-500307,2025-05-04 07:21:44,Wire,Payments & Cards,8507.6,N,,,0.0,0.0,Cleared - False Positive
TXN-500801,2025-05-04 09:10:39,Mobile,Digital Banking,3779.94,Y,Synthetic Identity,Customer Reported,1350.18,319.54,Charged Off
TXN-500883,2025-05-04 18:54:26,Online,Digital Banking,952.31,N,,,0.0,0.0,Cleared - False Positive
TXN-502286,2025-05-04 22:42:09,Card,Payments & Cards,21029.33,Y,Card Not Present,Rule Engine,14819.93,2054.99,Under Review
TXN-500156,2025-05-05 01:55:57,ACH,Commercial Banking,42534.04,Y,Account Takeover,Rule Engine,32499.71,6412.18,Confirmed Fraud
TXN-501327,2025-05-05 12:16:52,Card,Payments & Cards,22389.56,Y,Synthetic Identity,Customer Reported,11068.7,765.49,Under Review
TXN-502583,2025-05-05 14:15:03,Card,Payments & Cards,30581.58,N,,,0.0,0.0,Cleared - False Positive
TXN-500094,2025-05-05 16:11:53,Online,Digital Banking,42245.87,N,,,0.0,0.0,Cleared - False Positive
TXN-500110,2025-05-06 22:40:25,ACH,Commercial Banking,14442.55,Y,Synthetic Identity,Customer Reported,6212.55,102.62,Confirmed Fraud
TXN-500394,2025-05-07 02:26:57,Mobile,Digital Banking,23907.24,N,,,0.0,0.0,Cleared - False Positive
TXN-500520,2025-05-07 08:57:14,Mobile,Digital Banking,14487.29,Y,Synthetic Identity,Rule Engine,4507.17,1209.47,Under Review
TXN-501846,2025-05-07 16:14:33,Card,Payments & Cards,32328.16,N,,,0.0,0.0,Cleared - False Positive
TXN-500956,2025-05-08 03:06:51,ATM,Retail Banking,34714.84,Y,Card Not Present,Manual Review,11352.6,502.08,Confirmed Fraud
TXN-502401,2025-05-08 03:10:28,Card,Payments & Cards,25811.43,N,,,0.0,0.0,Cleared - False Positive
TXN-500669,2025-05-08 03:26:33,Online,Digital Banking,8165.72,N,,,0.0,0.0,Cleared - False Positive
TXN-501147,2025-05-08 03:53:23,Card,Payments & Cards,7235.6,N,,,0.0,0.0,Cleared - False Positive
TXN-500043,2025-05-08 09:35:13,Mobile,Digital Banking,25665.8,Y,Synthetic Identity,Manual Review,14262.68,4671.11,Under Review
TXN-502386,2025-05-08 17:14:16,Card,Payments & Cards,30056.74,N,,,0.0,0.0,Cleared - False Positive
TXN-500840,2025-05-08 17:32:00,Card,Payments & Cards,4156.8,N,,,0.0,0.0,Cleared - False Positive
TXN-502590,2025-05-09 00:12:29,Card,Payments & Cards,17400.94,N,,,0.0,0.0,Cleared - False Positive
TXN-501088,2025-05-09 06:45:41,Card,Payments & Cards,30221.36,N,,,0.0,0.0,Cleared - False Positive
TXN-500573,2025-05-09 06:56:27,Online,Digital Banking,44909.85,N,,,0.0,0.0,Cleared - False Positive
TXN-501547,2025-05-09 16:08:38,Mobile,Digital Banking,38601.88,Y,Synthetic Identity,ML Model,21123.9,9461.61,Under Review
TXN-501812,2025-05-09 19:45:22,Mobile,Digital Banking,35.44,N,,,0.0,0.0,Cleared - False Positive
TXN-502144,2025-05-10 02:44:25,ATM,Retail Banking,8725.49,N,,,0.0,0.0,Cleared - False Positive
TXN-502026,2025-05-10 03:48:22,Online,Digital Banking,303.95,N,,,0.0,0.0,Cleared - False Positive
TXN-501205,2025-05-10 09:09:46,Mobile,Digital Banking,14810.76,N,,,0.0,0.0,Cleared - False Positive
TXN-500690,2025-05-10 15:34:28,ACH,Commercial Banking,32336.64,N,,,0.0,0.0,Cleared - False Positive
TXN-501552,2025-05-10 17:21:39,ATM,Retail Banking,12148.38,N,,,0.0,0.0,Cleared - False Positive
TXN-502054,2025-05-10 21:03:21,ACH,Commercial Banking,10204.14,N,,,0.0,0.0,Cleared - False Positive
TXN-500069,2025-05-11 08:14:21,Mobile,Digital Banking,8769.74,N,,,0.0,0.0,Cleared - False Positive
TXN-501530,2025-05-11 11:20:27,Online,Digital Banking,24768.37,N,,,0.0,0.0,Cleared - False Positive
TXN-502296,2025-05-11 21:21:38,Online,Digital Banking,24167.08,N,,,0.0,0.0,Cleared - False Positive
TXN-501427,2025-05-12 03:54:45,Mobile,Digital Banking,12093.27,N,,,0.0,0.0,Cleared - False Positive
TXN-500368,2025-05-12 21:06:29,Wire,Payments & Cards,40559.06,N,,,0.0,0.0,Cleared - False Positive
TXN-500378,2025-05-13 21:11:13,Mobile,Digital Banking,34038.51,N,,,0.0,0.0,Cleared - False Positive
TXN-501901,2025-05-14 00:11:02,Card,Payments & Cards,21856.66,N,,,0.0,0.0,Cleared - False Positive
TXN-502224,2025-05-14 02:24:48,Card,Payments & Cards,31833.28,N,,,0.0,0.0,Cleared - False Positive
TXN-501714,2025-05-14 10:52:24,Online,Digital Banking,6237.09,N,,,0.0,0.0,Cleared - False Positive
TXN-500080,2025-05-14 14:29:10,Card,Payments & Cards,25958.4,Y,Card Skimming,Customer Reported,16479.02,2686.63,Charged Off
TXN-501364,2025-05-14 15:12:00,Mobile,Digital Banking,13400.2,Y,Account Takeover,ML Model,6853.33,1004.84,Confirmed Fraud
TXN-500518,2025-05-14 15:43:38,Card,Payments & Cards,22726.81,N,,,0.0,0.0,Cleared - False Positive
TXN-502438,2025-05-15 02:57:33,Mobile,Digital Banking,34703.96,N,,,0.0,0.0,Cleared - False Positive
TXN-500308,2025-05-15 04:58:11,Card,Payments & Cards,20959.73,Y,Card Skimming,ML Model,9513.57,264.16,Charged Off
TXN-500843,2025-05-15 14:18:08,Card,Payments & Cards,35696.03,N,,,0.0,0.0,Cleared - False Positive
TXN-501886,2025-05-16 00:03:27,Online,Digital Banking,24383.59,Y,Card Not Present,Rule Engine,20499.24,3018.51,Recovered
TXN-501308,2025-05-16 09:42:33,Card,Payments & Cards,20255.34,N,,,0.0,0.0,Cleared - False Positive
TXN-500755,2025-05-16 13:00:33,Card,Payments & Cards,15030.94,Y,Card Not Present,Manual Review,13932.34,899.83,Charged Off
TXN-502118,2025-05-16 17:40:48,ATM,Retail Banking,41268.31,N,,,0.0,0.0,Cleared - False Positive
TXN-500425,2025-05-17 06:53:40,Wire,Payments & Cards,102426.76,Y,Business Email Compromise,ML Model,100715.18,6417.48,Recovered
TXN-502540,2025-05-17 12:01:16,Wire,Payments & Cards,101833.04,N,,,0.0,0.0,Cleared - False Positive
TXN-500783,2025-05-17 14:29:44,ACH,Commercial Banking,14164.97,Y,Account Takeover,Customer Reported,13905.69,570.89,Confirmed Fraud
TXN-502044,2025-05-17 20:29:58,Mobile,Digital Banking,35983.35,Y,Account Takeover,Customer Reported,28703.07,8.63,Under Review
TXN-501158,2025-05-17 20:55:42,Wire,Payments & Cards,17243.81,Y,Wire Fraud,Rule Engine,16932.72,4217.14,Under Review
TXN-500293,2025-05-18 15:09:15,Mobile,Digital Banking,35654.99,N,,,0.0,0.0,Cleared - False Positive
TXN-500854,2025-05-19 00:38:57,Mobile,Digital Banking,38527.52,N,,,0.0,0.0,Cleared - False Positive
TXN-500438,2025-05-19 04:26:29,Wire,Payments & Cards,147789.46,N,,,0.0,0.0,Cleared - False Positive
TXN-500300,2025-05-19 07:37:51,ACH,Commercial Banking,15056.57,N,,,0.0,0.0,Cleared - False Positive
TXN-502564,2025-05-19 08:57:04,Card,Payments & Cards,6979.55,N,,,0.0,0.0,Cleared - False Positive
TXN-500090,2025-05-19 12:55:44,Wire,Payments & Cards,127855.91,N,,,0.0,0.0,Cleared - False Positive
TXN-502404,2025-05-19 23:33:25,Card,Payments & Cards,32278.6,N,,,0.0,0.0,Cleared - False Positive
TXN-500066,2025-05-20 07:05:25,Card,Payments & Cards,26986.18,N,,,0.0,0.0,Cleared - False Positive
TXN-500972,2025-05-21 12:26:10,Card,Payments & Cards,3686.14,N,,,0.0,0.0,Cleared - False Positive
TXN-502504,2025-05-21 20:01:23,Mobile,Digital Banking,35092.29,N,,,0.0,0.0,Cleared - False Positive
TXN-502422,2025-05-21 20:24:07,Card,Payments & Cards,13858.21,N,,,0.0,0.0,Cleared - False Positive
TXN-502181,2025-05-22 06:11:48,Mobile,Digital Banking,17556.01,N,,,0.0,0.0,Cleared - False Positive
TXN-500393,2025-05-22 09:39:14,Card,Payments & Cards,44830.32,Y,Card Not Present,Rule Engine,33048.94,13633.1,Recovered
TXN-500998,2025-05-22 15:16:37,ATM,Retail Banking,14656.36,N,,,0.0,0.0,Cleared - False Positive
TXN-500953,2025-05-22 19:28:12,ACH,Commercial Banking,25775.66,N,,,0.0,0.0,Cleared - False Positive
TXN-500325,2025-05-23 02:48:05,Card,Payments & Cards,12431.9,N,,,0.0,0.0,Cleared - False Positive
TXN-500985,2025-05-23 09:26:43,ATM,Retail Banking,33911.03,N,,,0.0,0.0,Cleared - False Positive
TXN-502323,2025-05-23 19:43:38,Online,Digital Banking,22662.45,Y,Account Takeover,Rule Engine,11580.5,316.44,Confirmed Fraud
TXN-501418,2025-05-23 21:38:33,ACH,Commercial Banking,14101.06,N,,,0.0,0.0,Cleared - False Positive
TXN-501629,2025-05-24 10:24:15,Mobile,Digital Banking,42074.57,N,,,0.0,0.0,Cleared - False Positive
TXN-500910,2025-05-24 10:32:18,Mobile,Digital Banking,43159.93,N,,,0.0,0.0,Cleared - False Positive
TXN-500337,2025-05-24 20:53:19,Mobile,Digital Banking,35984.94,N,,,0.0,0.0,Cleared - False Positive
TXN-501606,2025-05-24 23:16:05,Card,Payments & Cards,38386.38,Y,Card Not Present,Manual Review,17130.15,2791.94,Recovered
TXN-500027,2025-05-25 02:27:09,Card,Payments & Cards,8899.84,N,,,0.0,0.0,Cleared - False Positive
TXN-501246,2025-05-26 03:55:26,Wire,Payments & Cards,45513.98,N,,,0.0,0.0,Cleared - False Positive
TXN-502254,2025-05-26 14:41:02,ACH,Commercial Banking,26726.59,N,,,0.0,0.0,Cleared - False Positive
TXN-502360,2025-05-26 21:14:14,Card,Payments & Cards,8330.04,N,,,0.0,0.0,Cleared - False Positive
TXN-502146,2025-05-27 21:16:22,ACH,Commercial Banking,11949.65,Y,Synthetic Identity,Rule Engine,9129.74,1112.42,Recovered
TXN-501808,2025-05-27 23:18:05,Card,Payments & Cards,27221.51,N,,,0.0,0.0,Cleared - False Positive
TXN-501724,2025-05-27 23:24:58,Wire,Payments & Cards,186851.58,Y,Wire Fraud,Rule Engine,176288.63,28921.79,Charged Off
TXN-500157,2025-05-27 23:38:39,Wire,Payments & Cards,244958.32,N,,,0.0,0.0,Cleared - False Positive
TXN-501081,2025-05-28 12:59:37,Wire,Payments & Cards,111969.15,Y,Wire Fraud,Customer Reported,80286.95,630.07,Charged Off
TXN-500327,2025-05-28 15:09:56,ATM,Retail Banking,24373.74,Y,Card Not Present,ML Model,14480.22,137.69,Confirmed Fraud
TXN-500382,2025-05-28 18:07:40,ACH,Commercial Banking,11789.7,Y,Synthetic Identity,Rule Engine,11398.36,93.01,Under Review
TXN-500847,2025-05-28 21:59:12,Online,Digital Banking,29036.51,N,,,0.0,0.0,Cleared - False Positive
TXN-501223,2025-05-28 22:20:02,Mobile,Digital Banking,3717.88,N,,,0.0,0.0,Cleared - False Positive
TXN-500235,2025-05-29 02:16:20,Wire,Payments & Cards,137446.84,Y,Business Email Compromise,Customer Reported,51788.43,273.46,Under Review
TXN-500247,2025-05-29 10:31:47,Card,Payments & Cards,31283.4,N,,,0.0,0.0,Cleared - False Positive
TXN-500497,2025-05-29 17:41:31,Card,Payments & Cards,6446.27,N,,,0.0,0.0,Cleared - False Positive
TXN-501055,2025-05-30 09:26:34,Mobile,Digital Banking,11919.24,N,,,0.0,0.0,Cleared - False Positive
TXN-501116,2025-05-30 16:11:24,Wire,Payments & Cards,112868.85,Y,Business Email Compromise,Manual Review,80825.35,5465.12,Confirmed Fraud
TXN-501020,2025-05-31 04:16:51,ACH,Commercial Banking,13254.18,N,,,0.0,0.0,Cleared - False Positive
TXN-500412,2025-06-01 07:39:35,Online,Digital Banking,7227.02,N,,,0.0,0.0,Cleared - False Positive
TXN-502046,2025-06-01 20:50:25,ACH,Commercial Banking,20267.25,Y,Synthetic Identity,Customer Reported,12035.76,1294.58,Confirmed Fraud
TXN-502474,2025-06-02 05:54:33,Mobile,Digital Banking,16839.6,Y,Account Takeover,ML Model,11954.38,1051.85,Under Review
TXN-501833,2025-06-02 19:18:34,ATM,Retail Banking,11274.79,Y,Card Not Present,Customer Reported,11264.06,1263.56,Under Review
TXN-501683,2025-06-02 22:02:56,Wire,Payments & Cards,183988.46,N,,,0.0,0.0,Cleared - False Positive
TXN-500105,2025-06-03 00:19:57,Online,Digital Banking,35912.46,N,,,0.0,0.0,Cleared - False Positive
TXN-501478,2025-06-03 02:57:13,Card,Payments & Cards,28045.16,N,,,0.0,0.0,Cleared - False Positive
TXN-502373,2025-06-03 08:40:20,Mobile,Digital Banking,12591.59,N,,,0.0,0.0,Cleared - False Positive
TXN-501135,2025-06-03 09:37:09,Online,Digital Banking,11221.01,Y,Card Not Present,ML Model,8282.73,419.14,Under Review
TXN-500489,2025-06-03 10:21:34,Mobile,Digital Banking,36682.26,N,,,0.0,0.0,Cleared - False Positive
TXN-500451,2025-06-04 09:03:11,ACH,Commercial Banking,13310.76,Y,Synthetic Identity,Customer Reported,12540.22,1972.65,Confirmed Fraud
TXN-500086,2025-06-04 09:08:15,Mobile,Digital Banking,25561.2,Y,Account Takeover,Rule Engine,8742.58,2034.31,Under Review
TXN-502519,2025-06-04 09:35:56,Online,Digital Banking,22651.13,N,,,0.0,0.0,Cleared - False Positive
TXN-501528,2025-06-04 14:48:49,Card,Payments & Cards,44156.8,Y,Synthetic Identity,Rule Engine,16124.0,697.93,Recovered
TXN-501475,2025-06-04 18:09:48,ATM,Retail Banking,44609.25,Y,Card Not Present,ML Model,38416.22,4893.8,Charged Off
TXN-502260,2025-06-04 19:46:54,ATM,Retail Banking,42793.95,N,,,0.0,0.0,Cleared - False Positive
TXN-500619,2025-06-04 21:40:11,ACH,Commercial Banking,24887.29,Y,Account Takeover,Customer Reported,15543.5,1587.0,Confirmed Fraud
TXN-502487,2025-06-05 04:25:14,Card,Payments & Cards,23643.13,Y,Card Skimming,ML Model,21908.88,1022.3,Charged Off
TXN-501993,2025-06-05 11:31:55,Online,Digital Banking,9622.82,N,,,0.0,0.0,Cleared - False Positive
TXN-501755,2025-06-05 18:58:07,Card,Payments & Cards,34400.92,Y,Card Not Present,Customer Reported,12489.95,95.03,Charged Off
TXN-500137,2025-06-06 00:14:20,Card,Payments & Cards,10000.46,N,,,0.0,0.0,Cleared - False Positive
TXN-500943,2025-06-06 13:21:34,Online,Digital Banking,13184.9,N,,,0.0,0.0,Cleared - False Positive
TXN-501820,2025-06-06 18:02:38,Card,Payments & Cards,5623.13,Y,Card Skimming,Manual Review,4246.59,1550.49,Confirmed Fraud
TXN-500936,2025-06-07 08:17:32,Card,Payments & Cards,2509.94,N,,,0.0,0.0,Cleared - False Positive
TXN-501075,2025-06-07 15:28:23,Card,Payments & Cards,28542.59,N,,,0.0,0.0,Cleared - False Positive
TXN-501363,2025-06-07 16:12:14,Wire,Payments & Cards,142243.67,Y,Wire Fraud,Manual Review,79320.03,29840.49,Confirmed Fraud
TXN-500180,2025-06-08 10:24:35,ACH,Commercial Banking,19022.35,N,,,0.0,0.0,Cleared - False Positive
TXN-501093,2025-06-08 10:37:29,Online,Digital Banking,20328.43,N,,,0.0,0.0,Cleared - False Positive
TXN-500248,2025-06-08 20:31:26,Card,Payments & Cards,28325.92,N,,,0.0,0.0,Cleared - False Positive
TXN-500329,2025-06-08 20:39:10,Card,Payments & Cards,35524.88,Y,Card Skimming,Rule Engine,16296.94,1047.85,Charged Off
TXN-502398,2025-06-09 07:53:24,Online,Digital Banking,28701.41,Y,Card Not Present,ML Model,10220.78,606.1,Charged Off
TXN-502490,2025-06-09 23:44:27,Mobile,Digital Banking,38383.76,N,,,0.0,0.0,Cleared - False Positive
TXN-502045,2025-06-10 11:15:25,Mobile,Digital Banking,34317.94,N,,,0.0,0.0,Cleared - False Positive
TXN-502289,2025-06-11 01:57:11,Card,Payments & Cards,18879.04,N,,,0.0,0.0,Cleared - False Positive
TXN-501761,2025-06-11 04:44:43,Card,Payments & Cards,1236.36,N,,,0.0,0.0,Cleared - False Positive
TXN-502053,2025-06-11 09:22:17,Online,Digital Banking,35630.99,Y,Account Takeover,ML Model,20554.28,6741.92,Recovered
TXN-501258,2025-06-11 21:23:20,Online,Digital Banking,25715.95,Y,Card Not Present,Manual Review,21022.27,318.14,Under Review
TXN-500187,2025-06-12 11:16:09,Online,Digital Banking,43244.26,Y,Account Takeover,Manual Review,16531.75,264.73,Confirmed Fraud
TXN-501836,2025-06-12 11:36:43,ATM,Retail Banking,8669.09,N,,,0.0,0.0,Cleared - False Positive
TXN-502168,2025-06-12 21:49:09,Card,Payments & Cards,20181.69,Y,Card Skimming,ML Model,9308.3,439.27,Recovered
TXN-502003,2025-06-13 06:46:59,Card,Payments & Cards,29822.31,N,,,0.0,0.0,Cleared - False Positive
TXN-501491,2025-06-13 11:53:29,Card,Payments & Cards,20768.68,N,,,0.0,0.0,Cleared - False Positive
TXN-501054,2025-06-14 01:56:30,Wire,Payments & Cards,72125.6,Y,Business Email Compromise,ML Model,42538.81,5815.8,Charged Off
TXN-501852,2025-06-14 04:39:26,Card,Payments & Cards,25095.99,N,,,0.0,0.0,Cleared - False Positive
TXN-500744,2025-06-14 05:55:54,Online,Digital Banking,36791.11,N,,,0.0,0.0,Cleared - False Positive
TXN-501592,2025-06-14 06:11:53,Online,Digital Banking,16902.14,Y,Account Takeover,Customer Reported,12465.53,82.48,Under Review
TXN-502176,2025-06-14 08:10:23,Card,Payments & Cards,17834.5,N,,,0.0,0.0,Cleared - False Positive
TXN-500445,2025-06-14 21:58:23,Card,Payments & Cards,29955.1,N,,,0.0,0.0,Cleared - False Positive
TXN-502299,2025-06-15 07:08:19,Mobile,Digital Banking,12567.89,N,,,0.0,0.0,Cleared - False Positive
TXN-501783,2025-06-15 12:01:37,Mobile,Digital Banking,1141.5,Y,Account Takeover,Rule Engine,382.86,90.11,Recovered
TXN-501072,2025-06-15 14:05:00,Mobile,Digital Banking,21639.73,Y,Synthetic Identity,Rule Engine,9211.22,1138.6,Under Review
TXN-501648,2025-06-15 18:31:59,Card,Payments & Cards,40456.75,N,,,0.0,0.0,Cleared - False Positive
TXN-501195,2025-06-16 07:36:01,ATM,Retail Banking,27598.01,N,,,0.0,0.0,Cleared - False Positive
TXN-500220,2025-06-16 12:05:59,Online,Digital Banking,32086.18,N,,,0.0,0.0,Cleared - False Positive
TXN-502162,2025-06-17 00:13:20,ACH,Commercial Banking,3700.97,Y,Account Takeover,Rule Engine,2998.0,65.23,Confirmed Fraud
TXN-500175,2025-06-17 14:21:02,Mobile,Digital Banking,33416.2,N,,,0.0,0.0,Cleared - False Positive
TXN-501218,2025-06-17 22:38:20,ACH,Commercial Banking,8394.92,Y,Account Takeover,Customer Reported,7548.57,740.94,Recovered
TXN-501017,2025-06-17 23:44:20,Card,Payments & Cards,20772.51,N,,,0.0,0.0,Cleared - False Positive
TXN-501908,2025-06-18 00:32:07,Card,Payments & Cards,21784.33,N,,,0.0,0.0,Cleared - False Positive
TXN-501342,2025-06-18 03:55:22,ATM,Retail Banking,20528.33,Y,Card Not Present,Rule Engine,10250.49,1164.36,Confirmed Fraud
TXN-500849,2025-06-18 04:27:10,Card,Payments & Cards,30979.39,N,,,0.0,0.0,Cleared - False Positive
TXN-500372,2025-06-18 04:30:02,ACH,Commercial Banking,23397.35,N,,,0.0,0.0,Cleared - False Positive
TXN-501338,2025-06-18 22:01:08,Online,Digital Banking,9018.62,N,,,0.0,0.0,Cleared - False Positive
TXN-500207,2025-06-19 01:09:05,Card,Payments & Cards,3924.16,N,,,0.0,0.0,Cleared - False Positive
TXN-501906,2025-06-19 06:46:10,ACH,Commercial Banking,33643.97,Y,Account Takeover,Rule Engine,15448.94,6012.16,Charged Off
TXN-501785,2025-06-19 09:04:35,Mobile,Digital Banking,31853.65,Y,Account Takeover,Manual Review,10499.21,1930.18,Under Review
TXN-502542,2025-06-19 14:49:58,Wire,Payments & Cards,59066.07,N,,,0.0,0.0,Cleared - False Positive
TXN-501143,2025-06-19 16:22:24,Card,Payments & Cards,25356.62,N,,,0.0,0.0,Cleared - False Positive
TXN-501522,2025-06-19 16:52:29,Card,Payments & Cards,37939.15,N,,,0.0,0.0,Cleared - False Positive
TXN-502324,2025-06-20 08:19:27,Card,Payments & Cards,4560.01,N,,,0.0,0.0,Cleared - False Positive
TXN-502235,2025-06-20 10:10:12,Online,Digital Banking,35659.78,N,,,0.0,0.0,Cleared - False Positive
TXN-501046,2025-06-21 06:09:39,ATM,Retail Banking,26416.4,N,,,0.0,0.0,Cleared - False Positive
TXN-500508,2025-06-21 13:54:30,Card,Payments & Cards,5176.72,Y,Card Not Present,ML Model,2587.05,217.85,Recovered
TXN-501033,2025-06-21 19:19:18,Card,Payments & Cards,27250.04,Y,Card Not Present,Customer Reported,26210.26,9325.34,Under Review
TXN-500408,2025-06-21 19:52:11,ACH,Commercial Banking,30729.58,N,,,0.0,0.0,Cleared - False Positive
TXN-500413,2025-06-21 23:27:46,Wire,Payments & Cards,8953.48,N,,,0.0,0.0,Cleared - False Positive
TXN-502390,2025-06-22 03:25:32,Card,Payments & Cards,32396.39,Y,Synthetic Identity,Rule Engine,24229.04,2900.69,Under Review
TXN-502101,2025-06-23 06:12:27,Card,Payments & Cards,16154.0,Y,Card Skimming,ML Model,5757.08,748.71,Charged Off
TXN-502251,2025-06-23 09:59:15,ACH,Commercial Banking,6678.58,N,,,0.0,0.0,Cleared - False Positive
TXN-501321,2025-06-23 16:24:45,Wire,Payments & Cards,202835.86,Y,Business Email Compromise,ML Model,169243.96,31803.49,Charged Off
TXN-502550,2025-06-23 16:45:23,Card,Payments & Cards,42012.24,Y,Synthetic Identity,Customer Reported,40024.39,8133.66,Recovered
TXN-501880,2025-06-23 23:39:40,Card,Payments & Cards,42454.37,N,,,0.0,0.0,Cleared - False Positive
TXN-501925,2025-06-24 04:02:28,Wire,Payments & Cards,215774.5,N,,,0.0,0.0,Cleared - False Positive
TXN-501765,2025-06-24 09:30:17,ATM,Retail Banking,7153.76,N,,,0.0,0.0,Cleared - False Positive
TXN-502214,2025-06-24 12:45:54,Card,Payments & Cards,31816.9,N,,,0.0,0.0,Cleared - False Positive
TXN-500419,2025-06-24 16:26:17,ACH,Commercial Banking,33088.04,Y,Account Takeover,ML Model,28444.8,1405.38,Under Review
TXN-501252,2025-06-25 19:11:59,Mobile,Digital Banking,31605.22,N,,,0.0,0.0,Cleared - False Positive
TXN-502486,2025-06-25 20:07:42,Online,Digital Banking,38934.96,Y,Card Not Present,Customer Reported,31034.31,1572.64,Confirmed Fraud
TXN-501818,2025-06-25 20:15:14,ACH,Commercial Banking,18039.36,N,,,0.0,0.0,Cleared - False Positive
TXN-500642,2025-06-26 00:36:19,Mobile,Digital Banking,39307.08,N,,,0.0,0.0,Cleared - False Positive
TXN-502123,2025-06-26 23:00:12,Card,Payments & Cards,36436.4,Y,Synthetic Identity,Manual Review,33864.03,21.35,Charged Off
TXN-502028,2025-06-28 05:24:23,Card,Payments & Cards,29706.41,Y,Card Skimming,Manual Review,12540.87,2530.59,Under Review
TXN-500439,2025-06-28 05:35:55,Card,Payments & Cards,20721.29,N,,,0.0,0.0,Cleared - False Positive
TXN-500806,2025-06-28 11:31:26,Card,Payments & Cards,40344.62,N,,,0.0,0.0,Cleared - False Positive
TXN-500135,2025-06-28 22:09:05,Card,Payments & Cards,24562.27,Y,Synthetic Identity,Customer Reported,23292.47,3414.84,Under Review
TXN-501560,2025-06-29 01:40:03,Online,Digital Banking,16072.49,N,,,0.0,0.0,Cleared - False Positive
TXN-502276,2025-06-29 08:10:11,ATM,Retail Banking,34740.24,N,,,0.0,0.0,Cleared - False Positive
TXN-501152,2025-06-29 15:03:54,Online,Digital Banking,39330.3,N,,,0.0,0.0,Cleared - False Positive
TXN-500304,2025-06-30 08:22:34,Online,Digital Banking,14689.43,Y,Card Not Present,Customer Reported,13351.52,663.83,Under Review
TXN-500594,2025-06-30 14:55:52,ACH,Commercial Banking,11389.44,N,,,0.0,0.0,Cleared - False Positive
TXN-500643,2025-06-30 16:10:36,Card,Payments & Cards,21814.44,N,,,0.0,0.0,Cleared - False Positive
TXN-501031,2025-07-01 11:00:56,ACH,Commercial Banking,5296.0,N,,,0.0,0.0,Cleared - False Positive
TXN-501706,2025-07-01 11:56:00,Card,Payments & Cards,9762.48,Y,Synthetic Identity,Rule Engine,8984.11,2097.06,Charged Off
TXN-500965,2025-07-01 22:05:56,Online,Digital Banking,15087.66,Y,Card Not Present,ML Model,9497.37,3450.03,Recovered
TXN-501344,2025-07-01 22:19:17,Online,Digital Banking,1573.34,Y,Account Takeover,ML Model,1444.77,34.73,Under Review
TXN-501699,2025-07-02 06:47:38,ACH,Commercial Banking,15218.2,N,,,0.0,0.0,Cleared - False Positive
TXN-501181,2025-07-02 15:21:55,Wire,Payments & Cards,36732.64,N,,,0.0,0.0,Cleared - False Positive
TXN-500231,2025-07-02 17:59:48,Mobile,Digital Banking,2785.47,Y,Account Takeover,Rule Engine,2565.65,884.52,Charged Off
TXN-502465,2025-07-03 00:03:13,Card,Payments & Cards,20205.6,Y,Card Skimming,Manual Review,6831.1,383.23,Confirmed Fraud
TXN-501039,2025-07-03 03:25:34,ATM,Retail Banking,41213.0,N,,,0.0,0.0,Cleared - False Positive
TXN-502215,2025-07-03 19:34:29,Online,Digital Banking,20426.28,N,,,0.0,0.0,Cleared - False Positive
TXN-500583,2025-07-03 20:44:07,ATM,Retail Banking,28762.37,Y,Card Skimming,Customer Reported,10728.92,114.11,Confirmed Fraud
TXN-500441,2025-07-04 01:35:47,Mobile,Digital Banking,42791.3,Y,Account Takeover,Manual Review,19168.65,360.38,Confirmed Fraud
TXN-500165,2025-07-04 16:21:13,Mobile,Digital Banking,9319.94,Y,Account Takeover,ML Model,8423.47,1101.21,Under Review
TXN-502149,2025-07-04 17:33:57,Card,Payments & Cards,36669.86,N,,,0.0,0.0,Cleared - False Positive
TXN-502581,2025-07-04 23:55:48,Mobile,Digital Banking,38154.95,Y,Account Takeover,Manual Review,21713.74,733.94,Recovered
TXN-501682,2025-07-05 01:14:04,ATM,Retail Banking,31136.86,Y,Card Not Present,Manual Review,30592.17,7592.03,Charged Off
TXN-500046,2025-07-05 04:07:35,ACH,Commercial Banking,21557.08,Y,Synthetic Identity,ML Model,16234.24,975.26,Charged Off
TXN-501864,2025-07-05 08:21:23,Online,Digital Banking,551.45,N,,,0.0,0.0,Cleared - False Positive
TXN-500028,2025-07-05 13:00:10,Card,Payments & Cards,29503.17,Y,Synthetic Identity,Manual Review,10292.66,580.59,Recovered
TXN-500707,2025-07-06 01:09:02,Card,Payments & Cards,8970.66,N,,,0.0,0.0,Cleared - False Positive
TXN-500191,2025-07-06 03:11:35,Card,Payments & Cards,18774.72,Y,Synthetic Identity,ML Model,9369.83,2600.39,Under Review
TXN-501960,2025-07-06 11:19:22,Online,Digital Banking,29587.9,N,,,0.0,0.0,Cleared - False Positive
TXN-502376,2025-07-06 12:31:35,Online,Digital Banking,2690.89,N,,,0.0,0.0,Cleared - False Positive
TXN-501694,2025-07-06 16:37:32,Mobile,Digital Banking,1397.92,Y,Synthetic Identity,Manual Review,1299.84,102.41,Recovered
TXN-500553,2025-07-06 21:03:33,Mobile,Digital Banking,15118.01,Y,Synthetic Identity,Rule Engine,6252.75,1345.08,Under Review
TXN-500620,2025-07-08 04:58:31,Online,Digital Banking,8823.29,N,,,0.0,0.0,Cleared - False Positive
TXN-500683,2025-07-08 09:56:55,Card,Payments & Cards,35918.42,Y,Card Not Present,Rule Engine,20258.32,4458.56,Confirmed Fraud
TXN-500540,2025-07-08 18:55:14,Online,Digital Banking,42460.77,N,,,0.0,0.0,Cleared - False Positive
TXN-500879,2025-07-09 00:45:29,Card,Payments & Cards,11887.17,Y,Synthetic Identity,Customer Reported,9892.3,20.34,Confirmed Fraud
TXN-500087,2025-07-09 09:27:28,Wire,Payments & Cards,140307.33,N,,,0.0,0.0,Cleared - False Positive
TXN-500721,2025-07-09 11:04:52,Card,Payments & Cards,30109.26,N,,,0.0,0.0,Cleared - False Positive
TXN-500142,2025-07-09 12:40:03,Online,Digital Banking,19555.01,N,,,0.0,0.0,Cleared - False Positive
TXN-501613,2025-07-09 15:06:37,Card,Payments & Cards,5773.26,N,,,0.0,0.0,Cleared - False Positive
TXN-502208,2025-07-09 19:29:37,Online,Digital Banking,28573.91,Y,Card Not Present,ML Model,9429.32,262.82,Confirmed Fraud
TXN-502424,2025-07-10 07:08:58,ACH,Commercial Banking,17504.68,Y,Synthetic Identity,Manual Review,7279.42,2950.19,Charged Off
TXN-500202,2025-07-10 16:50:16,Online,Digital Banking,18639.61,N,,,0.0,0.0,Cleared - False Positive
TXN-502567,2025-07-10 22:22:05,Card,Payments & Cards,28083.24,N,,,0.0,0.0,Cleared - False Positive
TXN-500392,2025-07-11 18:05:07,ACH,Commercial Banking,34425.38,Y,Account Takeover,Rule Engine,19083.16,2480.81,Charged Off
TXN-501499,2025-07-12 00:05:58,Card,Payments & Cards,34725.13,N,,,0.0,0.0,Cleared - False Positive
TXN-501756,2025-07-12 00:19:05,Mobile,Digital Banking,14712.23,Y,Synthetic Identity,ML Model,8281.57,70.01,Recovered
TXN-501416,2025-07-12 03:18:45,Mobile,Digital Banking,43885.69,N,,,0.0,0.0,Cleared - False Positive
TXN-500389,2025-07-12 06:10:53,Card,Payments & Cards,14688.74,N,,,0.0,0.0,Cleared - False Positive
TXN-501422,2025-07-12 06:39:56,Online,Digital Banking,36434.8,Y,Card Not Present,Manual Review,23283.31,2149.03,Charged Off
TXN-500500,2025-07-12 13:44:14,ACH,Commercial Banking,32407.11,N,,,0.0,0.0,Cleared - False Positive
TXN-501248,2025-07-12 16:33:14,ATM,Retail Banking,24668.16,Y,Card Not Present,ML Model,23701.36,622.53,Recovered
TXN-501295,2025-07-13 06:22:46,Card,Payments & Cards,4585.45,N,,,0.0,0.0,Cleared - False Positive
TXN-500559,2025-07-13 07:39:16,Card,Payments & Cards,10821.94,N,,,0.0,0.0,Cleared - False Positive
TXN-500118,2025-07-13 22:45:37,Card,Payments & Cards,16011.19,Y,Synthetic Identity,Manual Review,13673.98,240.2,Under Review
TXN-502534,2025-07-14 05:45:19,Mobile,Digital Banking,34537.32,N,,,0.0,0.0,Cleared - False Positive
TXN-501957,2025-07-14 08:36:16,ACH,Commercial Banking,34456.14,N,,,0.0,0.0,Cleared - False Positive
TXN-500072,2025-07-14 16:42:22,Mobile,Digital Banking,40345.64,N,,,0.0,0.0,Cleared - False Positive
TXN-501580,2025-07-14 19:07:02,ACH,Commercial Banking,11699.43,Y,Synthetic Identity,ML Model,10291.72,133.33,Charged Off
TXN-500558,2025-07-14 20:11:20,Card,Payments & Cards,8835.52,Y,Card Skimming,Customer Reported,8282.9,70.68,Confirmed Fraud
TXN-500361,2025-07-15 05:56:08,Card,Payments & Cards,6971.88,Y,Card Not Present,Rule Engine,5971.94,1380.51,Under Review
TXN-500210,2025-07-15 17:36:09,Online,Digital Banking,23572.79,N,,,0.0,0.0,Cleared - False Positive
TXN-501669,2025-07-15 17:53:16,Online,Digital Banking,30911.33,N,,,0.0,0.0,Cleared - False Positive
TXN-502178,2025-07-16 01:55:02,Mobile,Digital Banking,25888.7,N,,,0.0,0.0,Cleared - False Positive
TXN-501999,2025-07-16 05:22:24,Card,Payments & Cards,20023.04,N,,,0.0,0.0,Cleared - False Positive
TXN-501990,2025-07-16 06:44:56,Online,Digital Banking,26825.59,Y,Card Not Present,ML Model,18858.43,3793.11,Confirmed Fraud
TXN-500455,2025-07-16 06:48:55,Card,Payments & Cards,3538.36,N,,,0.0,0.0,Cleared - False Positive
TXN-501201,2025-07-16 09:54:25,ATM,Retail Banking,1862.9,N,,,0.0,0.0,Cleared - False Positive
TXN-500475,2025-07-16 10:26:25,ACH,Commercial Banking,3853.82,Y,Account Takeover,Customer Reported,2129.04,128.79,Charged Off
TXN-500787,2025-07-16 16:17:32,Online,Digital Banking,15269.15,Y,Card Not Present,ML Model,5008.42,1462.64,Charged Off
TXN-501900,2025-07-17 14:55:40,Card,Payments & Cards,2396.79,Y,Card Not Present,ML Model,1186.2,610.3,Recovered
TXN-500051,2025-07-17 16:30:37,Mobile,Digital Banking,3116.55,Y,Account Takeover,Customer Reported,1171.82,122.29,Charged Off
TXN-501058,2025-07-17 18:20:29,Mobile,Digital Banking,33446.07,Y,Account Takeover,Rule Engine,16079.19,141.89,Charged Off
TXN-502523,2025-07-18 05:56:05,Online,Digital Banking,10858.78,N,,,0.0,0.0,Cleared - False Positive
TXN-501372,2025-07-18 18:26:08,ATM,Retail Banking,44222.48,Y,Card Not Present,ML Model,29989.37,2386.78,Charged Off
TXN-500245,2025-07-18 19:28:47,Online,Digital Banking,21109.72,N,,,0.0,0.0,Cleared - False Positive
TXN-500025,2025-07-19 07:42:32,Wire,Payments & Cards,161659.91,N,,,0.0,0.0,Cleared - False Positive
TXN-502511,2025-07-19 12:36:32,Mobile,Digital Banking,3575.84,N,,,0.0,0.0,Cleared - False Positive
TXN-501215,2025-07-19 12:49:46,ATM,Retail Banking,11206.57,N,,,0.0,0.0,Cleared - False Positive
TXN-500254,2025-07-20 01:58:40,Mobile,Digital Banking,34001.67,Y,Account Takeover,ML Model,21244.6,2891.13,Under Review
TXN-502345,2025-07-22 00:55:29,Mobile,Digital Banking,42462.69,N,,,0.0,0.0,Cleared - False Positive
TXN-500395,2025-07-22 02:47:28,Mobile,Digital Banking,13597.08,N,,,0.0,0.0,Cleared - False Positive
TXN-501233,2025-07-22 17:21:12,Online,Digital Banking,6671.65,N,,,0.0,0.0,Cleared - False Positive
TXN-500103,2025-07-22 17:32:11,ACH,Commercial Banking,36215.76,N,,,0.0,0.0,Cleared - False Positive
TXN-502548,2025-07-22 19:10:17,ACH,Commercial Banking,2801.49,Y,Account Takeover,Manual Review,1433.12,106.26,Under Review
TXN-501926,2025-07-22 23:50:09,Mobile,Digital Banking,26477.26,N,,,0.0,0.0,Cleared - False Positive
TXN-501217,2025-07-23 06:15:51,Online,Digital Banking,38551.95,Y,Account Takeover,Rule Engine,20107.69,3373.09,Under Review
TXN-501035,2025-07-23 06:28:52,Card,Payments & Cards,16468.61,N,,,0.0,0.0,Cleared - False Positive
TXN-501551,2025-07-23 11:02:20,Mobile,Digital Banking,20231.45,N,,,0.0,0.0,Cleared - False Positive
TXN-501769,2025-07-23 13:32:34,Card,Payments & Cards,37960.87,N,,,0.0,0.0,Cleared - False Positive
TXN-500661,2025-07-23 14:14:56,Wire,Payments & Cards,132197.19,Y,Wire Fraud,Manual Review,104538.37,3345.15,Confirmed Fraud
TXN-502539,2025-07-23 22:54:37,Wire,Payments & Cards,53234.66,N,,,0.0,0.0,Cleared - False Positive
TXN-502052,2025-07-24 10:15:22,Wire,Payments & Cards,108938.82,Y,Business Email Compromise,Manual Review,90158.15,44574.86,Charged Off
TXN-502537,2025-07-24 17:56:58,ATM,Retail Banking,29778.15,Y,Card Not Present,Manual Review,29392.16,1427.4,Recovered
TXN-501197,2025-07-25 02:34:04,Card,Payments & Cards,42708.27,Y,Card Skimming,ML Model,16503.76,6916.59,Charged Off
TXN-501757,2025-07-25 13:51:12,Online,Digital Banking,2989.47,N,,,0.0,0.0,Cleared - False Positive
TXN-501829,2025-07-26 04:07:42,Card,Payments & Cards,3555.71,N,,,0.0,0.0,Cleared - False Positive
TXN-500820,2025-07-26 16:53:30,Wire,Payments & Cards,205194.28,N,,,0.0,0.0,Cleared - False Positive
TXN-501386,2025-07-26 17:51:05,ATM,Retail Banking,17110.93,N,,,0.0,0.0,Cleared - False Positive
TXN-500882,2025-07-26 19:52:07,Card,Payments & Cards,21902.47,Y,Card Not Present,Customer Reported,19261.57,1161.47,Confirmed Fraud
TXN-501098,2025-07-27 07:55:41,Wire,Payments & Cards,150012.51,Y,Business Email Compromise,Manual Review,111188.22,30436.14,Under Review
TXN-502040,2025-07-27 08:38:14,Online,Digital Banking,42119.9,N,,,0.0,0.0,Cleared - False Positive
TXN-501462,2025-07-27 12:04:04,Card,Payments & Cards,41490.9,Y,Card Not Present,Rule Engine,16685.87,1919.41,Charged Off
TXN-502477,2025-07-27 12:55:12,Card,Payments & Cards,34389.14,Y,Card Not Present,Manual Review,27165.31,10493.18,Confirmed Fraud
TXN-500848,2025-07-27 14:30:06,Card,Payments & Cards,8112.09,Y,Card Not Present,Manual Review,4465.07,127.85,Charged Off
TXN-500415,2025-07-27 15:19:24,Mobile,Digital Banking,36607.99,N,,,0.0,0.0,Cleared - False Positive
TXN-502136,2025-07-27 21:36:20,Wire,Payments & Cards,213380.58,N,,,0.0,0.0,Cleared - False Positive
TXN-502172,2025-07-28 06:20:18,ACH,Commercial Banking,21395.3,Y,Account Takeover,Rule Engine,9173.62,1180.6,Under Review
TXN-500330,2025-07-28 10:21:14,ACH,Commercial Banking,7503.01,N,,,0.0,0.0,Cleared - False Positive
TXN-501586,2025-07-28 11:23:25,Wire,Payments & Cards,29231.81,N,,,0.0,0.0,Cleared - False Positive
TXN-500761,2025-07-28 11:37:33,ACH,Commercial Banking,21668.36,N,,,0.0,0.0,Cleared - False Positive
TXN-502411,2025-07-29 00:22:33,Card,Payments & Cards,14663.89,N,,,0.0,0.0,Cleared - False Positive
TXN-501861,2025-07-29 00:27:33,Mobile,Digital Banking,2753.8,N,,,0.0,0.0,Cleared - False Positive
TXN-500205,2025-07-29 02:24:38,ATM,Retail Banking,12635.09,Y,Card Not Present,Customer Reported,9331.74,2693.13,Charged Off
TXN-500975,2025-07-29 04:38:25,Wire,Payments & Cards,139456.72,N,,,0.0,0.0,Cleared - False Positive
TXN-501805,2025-07-30 15:33:07,Card,Payments & Cards,40483.42,N,,,0.0,0.0,Cleared - False Positive
TXN-500978,2025-07-30 16:20:37,ATM,Retail Banking,28394.82,N,,,0.0,0.0,Cleared - False Positive
TXN-500357,2025-07-31 01:46:25,Card,Payments & Cards,23841.96,N,,,0.0,0.0,Cleared - False Positive
TXN-502368,2025-07-31 07:28:43,Mobile,Digital Banking,11929.58,N,,,0.0,0.0,Cleared - False Positive
TXN-500638,2025-07-31 12:01:27,Online,Digital Banking,158.75,N,,,0.0,0.0,Cleared - False Positive
TXN-501968,2025-07-31 14:29:11,ATM,Retail Banking,4336.0,N,,,0.0,0.0,Cleared - False Positive
TXN-502509,2025-08-01 03:16:13,ACH,Commercial Banking,10765.37,N,,,0.0,0.0,Cleared - False Positive
TXN-501559,2025-08-01 03:29:54,Wire,Payments & Cards,156342.5,N,,,0.0,0.0,Cleared - False Positive
TXN-500470,2025-08-01 05:46:28,Card,Payments & Cards,38678.59,N,,,0.0,0.0,Cleared - False Positive
TXN-501294,2025-08-01 07:23:28,Online,Digital Banking,43108.89,Y,Account Takeover,Customer Reported,23884.83,7602.51,Under Review
TXN-502291,2025-08-01 09:20:56,Mobile,Digital Banking,7759.6,N,,,0.0,0.0,Cleared - False Positive
TXN-502204,2025-08-01 12:37:24,Online,Digital Banking,5223.74,Y,Account Takeover,ML Model,3003.76,52.1,Charged Off
TXN-500388,2025-08-01 14:59:52,Wire,Payments & Cards,165479.38,Y,Business Email Compromise,Manual Review,118280.05,4231.87,Confirmed Fraud
TXN-501123,2025-08-01 18:09:37,ACH,Commercial Banking,41073.36,N,,,0.0,0.0,Cleared - False Positive
TXN-501660,2025-08-02 06:14:05,Card,Payments & Cards,41213.56,Y,Card Skimming,ML Model,28077.97,14.19,Confirmed Fraud
TXN-501845,2025-08-02 16:10:07,ATM,Retail Banking,40379.0,N,,,0.0,0.0,Cleared - False Positive
TXN-500616,2025-08-04 14:29:58,Wire,Payments & Cards,117943.01,N,,,0.0,0.0,Cleared - False Positive
TXN-501371,2025-08-04 15:43:05,Card,Payments & Cards,11408.95,Y,Card Skimming,ML Model,8577.53,1250.91,Confirmed Fraud
TXN-501919,2025-08-04 16:20:49,Mobile,Digital Banking,15872.72,Y,Synthetic Identity,Rule Engine,6533.51,1613.82,Confirmed Fraud
TXN-502238,2025-08-05 05:15:03,Card,Payments & Cards,17891.07,Y,Card Not Present,ML Model,8055.84,2145.67,Confirmed Fraud
TXN-501828,2025-08-05 08:58:15,Mobile,Digital Banking,17179.42,N,,,0.0,0.0,Cleared - False Positive
TXN-500373,2025-08-05 10:29:44,Mobile,Digital Banking,1846.57,Y,Account Takeover,Customer Reported,1051.34,212.2,Charged Off
TXN-500970,2025-08-06 02:54:05,Wire,Payments & Cards,126658.04,N,,,0.0,0.0,Cleared - False Positive
TXN-500663,2025-08-06 20:57:35,Card,Payments & Cards,35351.76,N,,,0.0,0.0,Cleared - False Positive
TXN-502265,2025-08-07 07:24:27,Wire,Payments & Cards,60173.79,Y,Wire Fraud,Manual Review,36858.52,4767.32,Recovered
TXN-501300,2025-08-07 16:03:14,Mobile,Digital Banking,8198.88,N,,,0.0,0.0,Cleared - False Positive
TXN-500810,2025-08-08 00:35:22,Card,Payments & Cards,13827.3,N,,,0.0,0.0,Cleared - False Positive
TXN-502529,2025-08-08 08:27:00,ATM,Retail Banking,6221.3,Y,Card Not Present,Customer Reported,1938.0,353.52,Confirmed Fraud
TXN-502475,2025-08-08 09:03:10,Card,Payments & Cards,24818.36,Y,Card Skimming,ML Model,14482.71,4995.63,Under Review
TXN-500792,2025-08-08 10:26:08,Wire,Payments & Cards,214321.74,N,,,0.0,0.0,Cleared - False Positive
TXN-500868,2025-08-08 14:02:18,ATM,Retail Banking,39056.29,N,,,0.0,0.0,Cleared - False Positive
TXN-502371,2025-08-08 15:01:44,Online,Digital Banking,996.08,Y,Account Takeover,ML Model,762.57,238.46,Confirmed Fraud
TXN-501674,2025-08-09 00:04:55,Wire,Payments & Cards,36335.55,N,,,0.0,0.0,Cleared - False Positive
TXN-500654,2025-08-09 04:35:55,ACH,Commercial Banking,27080.76,Y,Account Takeover,Manual Review,8298.41,1340.78,Charged Off
TXN-501742,2025-08-09 14:27:32,Online,Digital Banking,32680.4,Y,Account Takeover,Customer Reported,13767.81,1936.05,Under Review
TXN-500084,2025-08-09 14:35:06,Card,Payments & Cards,8111.42,Y,Synthetic Identity,ML Model,6328.6,2228.48,Under Review
TXN-501984,2025-08-10 02:05:50,Wire,Payments & Cards,59344.63,Y,Wire Fraud,Rule Engine,57241.14,822.56,Confirmed Fraud
TXN-500104,2025-08-10 15:00:28,Card,Payments & Cards,13674.71,Y,Card Not Present,Customer Reported,7394.18,17.31,Under Review
TXN-502545,2025-08-10 18:20:56,Wire,Payments & Cards,18216.06,N,,,0.0,0.0,Cleared - False Positive
TXN-501635,2025-08-10 21:05:27,Wire,Payments & Cards,238007.82,Y,Business Email Compromise,Manual Review,165591.06,22590.34,Charged Off
TXN-501080,2025-08-11 01:49:23,Online,Digital Banking,30893.72,Y,Card Not Present,Manual Review,23865.32,258.37,Charged Off
TXN-502315,2025-08-11 12:48:43,ACH,Commercial Banking,43663.22,Y,Synthetic Identity,ML Model,33006.44,3884.77,Charged Off
TXN-501484,2025-08-11 13:00:25,Mobile,Digital Banking,3956.66,Y,Synthetic Identity,Rule Engine,2101.38,28.62,Confirmed Fraud
TXN-501307,2025-08-11 18:39:45,Online,Digital Banking,35289.73,Y,Card Not Present,ML Model,13856.09,752.98,Under Review
TXN-501621,2025-08-11 22:57:18,Card,Payments & Cards,35645.61,Y,Card Skimming,Rule Engine,21389.81,9223.5,Confirmed Fraud
TXN-502203,2025-08-11 23:02:31,ATM,Retail Banking,20277.32,Y,Card Not Present,Customer Reported,18301.13,2156.76,Charged Off
TXN-501457,2025-08-12 10:51:57,Card,Payments & Cards,40689.35,Y,Card Skimming,Rule Engine,22848.55,856.83,Charged Off
TXN-502002,2025-08-12 11:51:01,Mobile,Digital Banking,29629.67,Y,Account Takeover,ML Model,27986.48,5544.42,Confirmed Fraud
TXN-500129,2025-08-13 02:07:21,Online,Digital Banking,11976.39,Y,Account Takeover,Rule Engine,10588.56,106.9,Confirmed Fraud
TXN-500735,2025-08-13 11:49:00,Card,Payments & Cards,31751.67,N,,,0.0,0.0,Cleared - False Positive
TXN-501546,2025-08-13 11:50:13,ATM,Retail Banking,17055.03,N,,,0.0,0.0,Cleared - False Positive
TXN-501974,2025-08-13 15:12:26,Online,Digital Banking,40835.35,N,,,0.0,0.0,Cleared - False Positive
TXN-502333,2025-08-14 10:12:04,ACH,Commercial Banking,20826.67,Y,Account Takeover,Rule Engine,7190.63,202.23,Under Review
TXN-501951,2025-08-14 12:52:43,ACH,Commercial Banking,3516.64,N,,,0.0,0.0,Cleared - False Positive
TXN-500981,2025-08-14 23:38:38,ACH,Commercial Banking,14433.25,Y,Account Takeover,Manual Review,13875.23,239.87,Confirmed Fraud
TXN-501277,2025-08-15 01:23:57,Card,Payments & Cards,4688.59,Y,Card Skimming,Rule Engine,1417.8,19.26,Charged Off
TXN-501480,2025-08-15 04:18:16,Card,Payments & Cards,21903.67,N,,,0.0,0.0,Cleared - False Positive
TXN-501923,2025-08-15 08:30:45,Card,Payments & Cards,41397.87,Y,Card Not Present,ML Model,32199.74,17221.15,Charged Off
TXN-502061,2025-08-15 12:15:29,ACH,Commercial Banking,26360.52,N,,,0.0,0.0,Cleared - False Positive
TXN-502535,2025-08-15 20:41:44,ACH,Commercial Banking,26893.56,Y,Synthetic Identity,Rule Engine,18882.9,9052.11,Confirmed Fraud
TXN-502352,2025-08-15 23:42:40,Online,Digital Banking,19178.17,Y,Card Not Present,ML Model,7184.63,552.32,Recovered
TXN-500772,2025-08-16 01:58:08,Online,Digital Banking,29830.37,Y,Account Takeover,Rule Engine,9579.43,165.83,Confirmed Fraud
TXN-500117,2025-08-16 03:15:28,Card,Payments & Cards,22506.37,N,,,0.0,0.0,Cleared - False Positive
TXN-500208,2025-08-16 16:27:12,Online,Digital Banking,13632.24,N,,,0.0,0.0,Cleared - False Positive
TXN-501174,2025-08-16 22:29:04,Wire,Payments & Cards,39791.93,Y,Wire Fraud,Rule Engine,32604.58,2878.97,Charged Off
TXN-502023,2025-08-16 23:53:14,Card,Payments & Cards,17544.72,N,,,0.0,0.0,Cleared - False Positive
TXN-502156,2025-08-17 04:28:25,Card,Payments & Cards,12226.82,Y,Card Skimming,Customer Reported,4793.75,74.08,Recovered
TXN-500794,2025-08-18 03:02:23,Mobile,Digital Banking,22777.29,Y,Account Takeover,ML Model,16728.32,4788.98,Confirmed Fraud
TXN-501005,2025-08-18 12:04:10,Wire,Payments & Cards,138461.32,Y,Wire Fraud,Rule Engine,45034.89,508.91,Under Review
TXN-501375,2025-08-18 19:58:06,ATM,Retail Banking,23549.98,N,,,0.0,0.0,Cleared - False Positive
TXN-502158,2025-08-19 06:00:05,Card,Payments & Cards,1757.1,Y,Card Not Present,Customer Reported,670.83,223.94,Under Review
TXN-501382,2025-08-19 07:35:21,Card,Payments & Cards,27874.21,N,,,0.0,0.0,Cleared - False Positive
TXN-501941,2025-08-19 08:11:34,Card,Payments & Cards,17680.52,N,,,0.0,0.0,Cleared - False Positive
TXN-500565,2025-08-19 18:09:10,ACH,Commercial Banking,8071.35,N,,,0.0,0.0,Cleared - False Positive
TXN-500610,2025-08-19 18:09:29,Card,Payments & Cards,6842.14,Y,Card Not Present,Customer Reported,3192.85,1373.57,Recovered
TXN-501168,2025-08-20 00:55:32,ACH,Commercial Banking,33482.53,N,,,0.0,0.0,Cleared - False Positive
TXN-500556,2025-08-20 07:28:31,Wire,Payments & Cards,206608.04,Y,Wire Fraud,Manual Review,72645.83,150.71,Under Review
TXN-500058,2025-08-20 23:49:52,Card,Payments & Cards,36196.84,Y,Card Not Present,Customer Reported,14780.8,1465.61,Recovered
TXN-501011,2025-08-21 10:36:13,ACH,Commercial Banking,10016.94,Y,Account Takeover,ML Model,6394.26,1856.78,Under Review
TXN-502095,2025-08-21 11:40:08,Mobile,Digital Banking,11745.08,N,,,0.0,0.0,Cleared - False Positive
TXN-500664,2025-08-21 15:33:02,Mobile,Digital Banking,7586.67,Y,Synthetic Identity,Manual Review,7449.44,42.13,Under Review
TXN-501890,2025-08-22 00:51:03,Mobile,Digital Banking,10668.9,Y,Account Takeover,Manual Review,4191.71,1693.17,Under Review
TXN-501266,2025-08-22 10:07:29,Online,Digital Banking,8543.55,N,,,0.0,0.0,Cleared - False Positive
TXN-501466,2025-08-22 12:01:13,Mobile,Digital Banking,19804.97,N,,,0.0,0.0,Cleared - False Positive
TXN-501032,2025-08-22 14:02:12,Online,Digital Banking,15987.52,N,,,0.0,0.0,Cleared - False Positive
TXN-502325,2025-08-22 17:20:25,Online,Digital Banking,34369.01,N,,,0.0,0.0,Cleared - False Positive
TXN-500420,2025-08-22 20:46:02,Card,Payments & Cards,42665.95,N,,,0.0,0.0,Cleared - False Positive
TXN-502425,2025-08-23 04:58:52,Wire,Payments & Cards,142171.08,Y,Business Email Compromise,Manual Review,59863.92,13595.35,Confirmed Fraud
TXN-501597,2025-08-23 06:50:00,ACH,Commercial Banking,2906.18,Y,Synthetic Identity,Manual Review,2240.95,76.12,Charged Off
TXN-502290,2025-08-23 19:56:26,Card,Payments & Cards,4988.62,Y,Synthetic Identity,Manual Review,3008.02,336.8,Charged Off
TXN-500967,2025-08-23 21:12:53,Card,Payments & Cards,32687.16,Y,Synthetic Identity,ML Model,11601.05,503.44,Under Review
TXN-502006,2025-08-23 22:39:43,Wire,Payments & Cards,177442.23,N,,,0.0,0.0,Cleared - False Positive
TXN-501122,2025-08-24 00:31:05,Mobile,Digital Banking,2932.57,Y,Account Takeover,Rule Engine,1340.23,174.12,Charged Off
TXN-500682,2025-08-24 00:56:36,ATM,Retail Banking,11152.45,Y,Card Skimming,Rule Engine,8685.37,698.18,Recovered
TXN-501003,2025-08-24 03:17:09,Online,Digital Banking,15011.3,Y,Account Takeover,ML Model,11385.35,1282.91,Charged Off
TXN-500123,2025-08-24 06:45:18,Online,Digital Banking,27895.66,Y,Account Takeover,Customer Reported,14630.88,537.79,Charged Off
TXN-502201,2025-08-24 14:38:18,Card,Payments & Cards,19805.39,Y,Card Skimming,ML Model,13007.39,2659.54,Recovered
TXN-501436,2025-08-25 00:50:18,Mobile,Digital Banking,12242.11,N,,,0.0,0.0,Cleared - False Positive
TXN-501169,2025-08-25 01:47:30,ACH,Commercial Banking,17975.04,Y,Account Takeover,Rule Engine,12818.94,929.24,Charged Off
TXN-502050,2025-08-25 08:06:34,Wire,Payments & Cards,12861.57,Y,Business Email Compromise,ML Model,10331.84,388.65,Charged Off
TXN-500085,2025-08-26 07:08:18,Card,Payments & Cards,43162.47,Y,Card Not Present,Manual Review,18284.71,5456.67,Under Review
TXN-500596,2025-08-26 12:30:43,Online,Digital Banking,38512.68,Y,Account Takeover,Customer Reported,18309.85,1063.2,Under Review
TXN-501239,2025-08-26 17:16:21,Card,Payments & Cards,15461.42,Y,Card Skimming,Rule Engine,6558.54,426.79,Charged Off
TXN-502473,2025-08-26 22:56:43,Mobile,Digital Banking,28893.79,Y,Synthetic Identity,Manual Review,26871.03,14.34,Charged Off
TXN-502096,2025-08-27 07:00:12,ATM,Retail Banking,33306.91,Y,Card Skimming,Rule Engine,14709.99,772.81,Recovered
TXN-500218,2025-08-28 01:57:31,Card,Payments & Cards,17648.42,N,,,0.0,0.0,Cleared - False Positive
TXN-502218,2025-08-28 09:51:59,Online,Digital Banking,34459.68,Y,Card Not Present,Rule Engine,33183.9,8937.67,Under Review
TXN-501385,2025-08-28 19:37:30,Online,Digital Banking,19033.12,N,,,0.0,0.0,Cleared - False Positive
TXN-502383,2025-08-29 06:38:08,Mobile,Digital Banking,39016.05,N,,,0.0,0.0,Cleared - False Positive
TXN-500063,2025-08-29 14:35:13,Mobile,Digital Banking,23454.83,N,,,0.0,0.0,Cleared - False Positive
TXN-502484,2025-08-29 15:10:50,Wire,Payments & Cards,241641.35,N,,,0.0,0.0,Cleared - False Positive
TXN-500591,2025-08-29 23:59:46,Card,Payments & Cards,25596.31,Y,Card Not Present,Manual Review,11973.61,1712.22,Confirmed Fraud
TXN-500866,2025-08-30 06:50:30,ACH,Commercial Banking,15333.45,N,,,0.0,0.0,Cleared - False Positive
TXN-501850,2025-08-31 19:22:48,Card,Payments & Cards,24943.76,N,,,0.0,0.0,Cleared - False Positive
TXN-501702,2025-08-31 20:20:27,Wire,Payments & Cards,152666.02,N,,,0.0,0.0,Cleared - False Positive
TXN-501289,2025-08-31 20:39:29,Mobile,Digital Banking,12313.93,N,,,0.0,0.0,Cleared - False Positive
TXN-502461,2025-08-31 23:05:01,Wire,Payments & Cards,160402.83,N,,,0.0,0.0,Cleared - False Positive
TXN-500503,2025-09-01 08:28:36,ATM,Retail Banking,15268.12,Y,Card Not Present,Rule Engine,12445.64,4176.76,Recovered
TXN-500306,2025-09-01 13:35:53,Card,Payments & Cards,32397.56,N,,,0.0,0.0,Cleared - False Positive
TXN-501935,2025-09-02 02:34:21,Card,Payments & Cards,18351.92,N,,,0.0,0.0,Cleared - False Positive
TXN-502094,2025-09-02 09:16:01,Card,Payments & Cards,25098.88,Y,Card Not Present,Customer Reported,13867.17,347.39,Charged Off
TXN-502326,2025-09-02 10:35:15,Wire,Payments & Cards,198649.89,Y,Business Email Compromise,Manual Review,91949.23,2836.0,Confirmed Fraud
TXN-501888,2025-09-02 22:05:51,ACH,Commercial Banking,713.89,Y,Account Takeover,Rule Engine,493.03,97.73,Under Review
TXN-501612,2025-09-03 03:28:12,ACH,Commercial Banking,22540.74,Y,Synthetic Identity,Rule Engine,6930.61,630.51,Confirmed Fraud
TXN-502112,2025-09-03 11:15:41,ATM,Retail Banking,33758.45,N,,,0.0,0.0,Cleared - False Positive
TXN-500114,2025-09-03 11:21:48,ATM,Retail Banking,7154.34,N,,,0.0,0.0,Cleared - False Positive
TXN-501516,2025-09-03 15:44:35,Card,Payments & Cards,23068.64,N,,,0.0,0.0,Cleared - False Positive
TXN-500062,2025-09-03 23:09:05,Card,Payments & Cards,4117.16,Y,Synthetic Identity,Rule Engine,2489.91,21.23,Confirmed Fraud
TXN-500486,2025-09-04 04:35:15,ACH,Commercial Banking,24344.74,Y,Account Takeover,Rule Engine,16187.67,1176.66,Recovered
TXN-500601,2025-09-04 11:13:32,ACH,Commercial Banking,26927.28,Y,Account Takeover,ML Model,22537.59,4705.55,Charged Off
TXN-500099,2025-09-04 11:15:49,Card,Payments & Cards,33196.94,N,,,0.0,0.0,Cleared - False Positive
TXN-500928,2025-09-04 13:01:51,Card,Payments & Cards,39218.87,N,,,0.0,0.0,Cleared - False Positive
TXN-501149,2025-09-04 17:43:57,Card,Payments & Cards,44412.08,N,,,0.0,0.0,Cleared - False Positive
TXN-501193,2025-09-04 18:59:46,ATM,Retail Banking,40220.63,N,,,0.0,0.0,Cleared - False Positive
TXN-500905,2025-09-05 02:01:34,ATM,Retail Banking,13510.57,N,,,0.0,0.0,Cleared - False Positive
TXN-502007,2025-09-05 06:24:30,ATM,Retail Banking,1224.97,N,,,0.0,0.0,Cleared - False Positive
TXN-501001,2025-09-05 16:05:27,ACH,Commercial Banking,11746.26,Y,Account Takeover,Manual Review,9511.31,1587.45,Under Review
TXN-500036,2025-09-06 08:07:49,Online,Digital Banking,26540.24,N,,,0.0,0.0,Cleared - False Positive
TXN-501803,2025-09-06 21:03:57,ATM,Retail Banking,30169.02,N,,,0.0,0.0,Cleared - False Positive
TXN-500898,2025-09-07 04:35:06,Wire,Payments & Cards,1985.24,N,,,0.0,0.0,Cleared - False Positive
TXN-500411,2025-09-07 09:18:13,Card,Payments & Cards,42135.78,N,,,0.0,0.0,Cleared - False Positive
TXN-500858,2025-09-07 10:51:57,Mobile,Digital Banking,20467.09,N,,,0.0,0.0,Cleared - False Positive
TXN-500700,2025-09-08 07:55:03,ATM,Retail Banking,41811.32,N,,,0.0,0.0,Cleared - False Positive
TXN-501824,2025-09-08 22:48:48,Wire,Payments & Cards,66624.1,N,,,0.0,0.0,Cleared - False Positive
TXN-501411,2025-09-09 01:00:26,Card,Payments & Cards,32697.76,Y,Card Skimming,ML Model,23689.71,9224.71,Under Review
TXN-500742,2025-09-09 05:40:00,ACH,Commercial Banking,32846.94,N,,,0.0,0.0,Cleared - False Positive
TXN-502316,2025-09-09 06:46:48,Card,Payments & Cards,37094.34,Y,Card Not Present,Customer Reported,31624.39,4879.44,Recovered
TXN-501831,2025-09-09 07:32:30,ACH,Commercial Banking,11199.91,N,,,0.0,0.0,Cleared - False Positive
TXN-500107,2025-09-09 09:05:54,Card,Payments & Cards,33175.56,Y,Card Skimming,Manual Review,15075.46,448.03,Recovered
TXN-500458,2025-09-09 11:01:09,Card,Payments & Cards,6097.43,Y,Card Not Present,Customer Reported,4800.04,14.54,Charged Off
TXN-501453,2025-09-09 20:02:10,Mobile,Digital Banking,18187.35,N,,,0.0,0.0,Cleared - False Positive
TXN-501786,2025-09-09 22:04:03,ACH,Commercial Banking,22187.24,Y,Synthetic Identity,Customer Reported,9741.63,2364.05,Under Review
TXN-500821,2025-09-10 00:16:36,ATM,Retail Banking,35203.18,N,,,0.0,0.0,Cleared - False Positive
TXN-501967,2025-09-10 07:10:26,Card,Payments & Cards,44296.57,Y,Synthetic Identity,Customer Reported,37879.46,4344.41,Under Review
TXN-501866,2025-09-10 16:02:22,ACH,Commercial Banking,12911.53,N,,,0.0,0.0,Cleared - False Positive
TXN-501481,2025-09-10 21:25:25,Card,Payments & Cards,19366.15,Y,Card Not Present,Manual Review,14086.96,221.87,Under Review
TXN-501041,2025-09-12 01:35:56,ATM,Retail Banking,31697.82,Y,Card Skimming,Customer Reported,31057.48,13243.21,Under Review
TXN-501858,2025-09-12 07:30:37,Card,Payments & Cards,13220.27,N,,,0.0,0.0,Cleared - False Positive
TXN-502363,2025-09-12 11:50:11,Card,Payments & Cards,7049.19,Y,Synthetic Identity,ML Model,5138.32,988.74,Charged Off
TXN-502566,2025-09-12 14:37:45,ATM,Retail Banking,32860.49,Y,Card Not Present,Customer Reported,9937.48,174.36,Confirmed Fraud
TXN-502128,2025-09-12 16:33:41,Card,Payments & Cards,19543.72,Y,Card Not Present,ML Model,5874.34,40.65,Charged Off
TXN-502580,2025-09-12 16:47:16,Online,Digital Banking,31329.83,Y,Account Takeover,Customer Reported,29333.98,1020.43,Confirmed Fraud
TXN-501189,2025-09-12 18:36:05,Card,Payments & Cards,37803.78,Y,Card Not Present,ML Model,16598.66,3897.44,Confirmed Fraud
TXN-500627,2025-09-12 21:20:29,ATM,Retail Banking,3634.07,N,,,0.0,0.0,Cleared - False Positive
TXN-501623,2025-09-12 22:06:56,Card,Payments & Cards,39208.16,Y,Card Not Present,ML Model,30560.24,1253.11,Confirmed Fraud
TXN-501221,2025-09-12 22:31:04,Mobile,Digital Banking,8953.91,Y,Synthetic Identity,Manual Review,8027.59,238.82,Under Review
TXN-502387,2025-09-13 09:10:13,Wire,Payments & Cards,224376.13,Y,Wire Fraud,ML Model,207155.12,23735.79,Confirmed Fraud
TXN-501798,2025-09-13 09:28:03,Card,Payments & Cards,6238.06,N,,,0.0,0.0,Cleared - False Positive
TXN-502115,2025-09-13 11:18:56,Online,Digital Banking,5361.46,N,,,0.0,0.0,Cleared - False Positive
TXN-501062,2025-09-13 17:14:32,Online,Digital Banking,11380.81,Y,Card Not Present,ML Model,7258.57,70.11,Confirmed Fraud
TXN-502139,2025-09-13 19:26:14,Wire,Payments & Cards,43118.32,N,,,0.0,0.0,Cleared - False Positive
TXN-500857,2025-09-14 02:54:15,Mobile,Digital Banking,14106.6,N,,,0.0,0.0,Cleared - False Positive
TXN-500869,2025-09-14 06:50:35,Card,Payments & Cards,19050.77,N,,,0.0,0.0,Cleared - False Positive
TXN-500842,2025-09-14 07:01:44,Card,Payments & Cards,8920.48,N,,,0.0,0.0,Cleared - False Positive
TXN-500379,2025-09-14 12:57:54,ACH,Commercial Banking,27150.38,Y,Account Takeover,Rule Engine,17864.68,718.17,Recovered
TXN-502481,2025-09-14 14:58:05,Card,Payments & Cards,8907.4,Y,Card Skimming,Customer Reported,2911.9,326.6,Recovered
TXN-501841,2025-09-15 04:53:27,Online,Digital Banking,27605.03,Y,Account Takeover,Rule Engine,9809.32,1626.15,Recovered
TXN-502582,2025-09-15 11:08:21,ACH,Commercial Banking,44079.79,N,,,0.0,0.0,Cleared - False Positive
TXN-501490,2025-09-15 15:13:04,Online,Digital Banking,10595.93,N,,,0.0,0.0,Cleared - False Positive
TXN-502341,2025-09-15 17:19:35,Wire,Payments & Cards,35021.61,N,,,0.0,0.0,Cleared - False Positive
TXN-500639,2025-09-16 05:03:21,Card,Payments & Cards,5547.8,N,,,0.0,0.0,Cleared - False Positive
TXN-502449,2025-09-16 05:55:46,Mobile,Digital Banking,43297.84,N,,,0.0,0.0,Cleared - False Positive
TXN-500797,2025-09-16 11:58:06,Card,Payments & Cards,15422.21,N,,,0.0,0.0,Cleared - False Positive
TXN-500575,2025-09-18 14:46:23,Online,Digital Banking,34106.12,Y,Account Takeover,ML Model,30894.22,3051.4,Under Review
TXN-500580,2025-09-18 19:34:24,Card,Payments & Cards,26421.24,N,,,0.0,0.0,Cleared - False Positive
TXN-500485,2025-09-19 07:10:59,Online,Digital Banking,3810.96,N,,,0.0,0.0,Cleared - False Positive
TXN-501455,2025-09-19 09:09:15,ACH,Commercial Banking,18357.37,N,,,0.0,0.0,Cleared - False Positive
TXN-502297,2025-09-19 09:27:15,Online,Digital Banking,842.53,N,,,0.0,0.0,Cleared - False Positive
TXN-501591,2025-09-19 13:45:08,Mobile,Digital Banking,10626.36,Y,Synthetic Identity,Rule Engine,6994.03,1536.38,Recovered
TXN-501673,2025-09-19 18:52:11,Online,Digital Banking,6611.56,N,,,0.0,0.0,Cleared - False Positive
TXN-502551,2025-09-19 21:08:38,Card,Payments & Cards,14867.8,N,,,0.0,0.0,Cleared - False Positive
TXN-500283,2025-09-20 04:18:11,Card,Payments & Cards,29430.17,N,,,0.0,0.0,Cleared - False Positive
TXN-501356,2025-09-20 07:26:56,Card,Payments & Cards,1893.87,N,,,0.0,0.0,Cleared - False Positive
TXN-501577,2025-09-20 10:45:36,Wire,Payments & Cards,134094.21,N,,,0.0,0.0,Cleared - False Positive
TXN-501120,2025-09-20 17:21:57,Mobile,Digital Banking,7685.05,Y,Account Takeover,Customer Reported,5464.03,859.74,Under Review
TXN-501536,2025-09-20 19:43:56,Card,Payments & Cards,7163.14,N,,,0.0,0.0,Cleared - False Positive
TXN-501644,2025-09-20 21:29:59,Online,Digital Banking,24511.63,Y,Card Not Present,Manual Review,8957.73,1695.45,Under Review
TXN-500535,2025-09-21 09:58:38,Card,Payments & Cards,23332.92,N,,,0.0,0.0,Cleared - False Positive
TXN-502448,2025-09-21 14:13:36,Card,Payments & Cards,37755.34,N,,,0.0,0.0,Cleared - False Positive
TXN-502120,2025-09-21 21:24:47,Mobile,Digital Banking,43954.86,Y,Account Takeover,Rule Engine,33237.85,2040.28,Confirmed Fraud
TXN-500509,2025-09-22 06:09:36,Card,Payments & Cards,43251.33,Y,Synthetic Identity,Customer Reported,14746.59,1104.2,Recovered
TXN-500019,2025-09-22 14:07:40,ACH,Commercial Banking,18212.07,Y,Account Takeover,Rule Engine,14047.14,2891.36,Confirmed Fraud
TXN-501565,2025-09-23 04:22:45,ATM,Retail Banking,28943.0,N,,,0.0,0.0,Cleared - False Positive
TXN-500570,2025-09-23 13:22:50,Online,Digital Banking,14279.58,Y,Account Takeover,Rule Engine,8698.86,105.21,Recovered
TXN-501002,2025-09-24 08:03:27,Mobile,Digital Banking,7510.75,Y,Account Takeover,Rule Engine,7236.72,877.94,Confirmed Fraud
TXN-502055,2025-09-24 09:36:16,Card,Payments & Cards,34162.99,N,,,0.0,0.0,Cleared - False Positive
TXN-500400,2025-09-25 11:36:06,Online,Digital Banking,41002.98,N,,,0.0,0.0,Cleared - False Positive
TXN-500241,2025-09-25 19:53:07,Mobile,Digital Banking,1525.12,Y,Synthetic Identity,Rule Engine,1210.06,39.56,Charged Off
TXN-501367,2025-09-27 06:22:20,ATM,Retail Banking,25962.7,Y,Card Skimming,Customer Reported,25225.36,9416.23,Charged Off
TXN-500401,2025-09-27 09:43:07,Online,Digital Banking,29079.0,Y,Account Takeover,ML Model,16985.22,222.1,Recovered
TXN-501346,2025-09-27 12:30:32,Online,Digital Banking,22170.66,N,,,0.0,0.0,Cleared - False Positive
TXN-500167,2025-09-28 14:58:23,Card,Payments & Cards,33557.53,N,,,0.0,0.0,Cleared - False Positive
TXN-500863,2025-09-28 23:11:20,ACH,Commercial Banking,5524.35,N,,,0.0,0.0,Cleared - False Positive
TXN-500349,2025-09-29 06:22:03,Mobile,Digital Banking,31966.91,N,,,0.0,0.0,Cleared - False Positive
TXN-500823,2025-09-29 08:47:41,Card,Payments & Cards,40909.48,Y,Card Not Present,Manual Review,16665.0,3057.49,Recovered
TXN-501616,2025-09-30 00:06:42,Online,Digital Banking,30611.83,Y,Card Not Present,Rule Engine,12053.36,130.42,Confirmed Fraud
TXN-501095,2025-09-30 00:51:08,Online,Digital Banking,12789.27,N,,,0.0,0.0,Cleared - False Positive
TXN-500590,2025-09-30 09:04:14,Card,Payments & Cards,27805.79,N,,,0.0,0.0,Cleared - False Positive
TXN-502431,2025-09-30 09:20:07,Online,Digital Banking,38211.6,Y,Card Not Present,Rule Engine,31658.8,7097.91,Recovered
TXN-500346,2025-09-30 16:06:39,Card,Payments & Cards,36259.16,N,,,0.0,0.0,Cleared - False Positive
TXN-502576,2025-10-01 15:53:35,Card,Payments & Cards,5757.6,N,,,0.0,0.0,Cleared - False Positive
TXN-501504,2025-10-02 16:52:37,ATM,Retail Banking,27402.05,Y,Card Not Present,Rule Engine,24233.32,857.88,Charged Off
TXN-502124,2025-10-02 22:25:33,Card,Payments & Cards,35030.34,N,,,0.0,0.0,Cleared - False Positive
TXN-500296,2025-10-03 00:09:59,Mobile,Digital Banking,8651.79,N,,,0.0,0.0,Cleared - False Positive
TXN-502283,2025-10-03 14:06:20,ATM,Retail Banking,41936.07,N,,,0.0,0.0,Cleared - False Positive
TXN-501399,2025-10-03 17:14:43,Card,Payments & Cards,19644.37,N,,,0.0,0.0,Cleared - False Positive
TXN-501325,2025-10-04 00:53:28,Online,Digital Banking,35476.17,Y,Account Takeover,ML Model,20561.73,136.2,Charged Off
TXN-502437,2025-10-05 14:56:20,Online,Digital Banking,21402.36,N,,,0.0,0.0,Cleared - False Positive
TXN-500809,2025-10-05 19:52:56,Online,Digital Banking,27050.43,Y,Account Takeover,Rule Engine,26148.67,8794.39,Recovered
TXN-502241,2025-10-05 23:21:29,Mobile,Digital Banking,14224.97,Y,Account Takeover,Manual Review,8950.74,197.3,Confirmed Fraud
TXN-500498,2025-10-06 01:46:16,ATM,Retail Banking,13746.28,Y,Card Skimming,Manual Review,12005.83,430.72,Confirmed Fraud
TXN-502171,2025-10-06 03:01:38,Online,Digital Banking,3107.77,Y,Account Takeover,ML Model,1861.51,19.84,Confirmed Fraud
TXN-500770,2025-10-06 08:49:44,Card,Payments & Cards,10121.93,N,,,0.0,0.0,Cleared - False Positive
TXN-501963,2025-10-06 13:06:13,Mobile,Digital Banking,31980.1,N,,,0.0,0.0,Cleared - False Positive
TXN-501210,2025-10-06 14:20:08,Online,Digital Banking,1813.12,N,,,0.0,0.0,Cleared - False Positive
TXN-501063,2025-10-06 15:30:22,Online,Digital Banking,42930.11,Y,Account Takeover,ML Model,17808.19,534.38,Charged Off
TXN-502528,2025-10-06 17:41:30,Online,Digital Banking,44901.14,Y,Card Not Present,Customer Reported,19121.66,2844.84,Confirmed Fraud
TXN-500765,2025-10-06 19:11:07,Mobile,Digital Banking,31213.58,N,,,0.0,0.0,Cleared - False Positive
TXN-502073,2025-10-07 14:13:48,Wire,Payments & Cards,112389.69,Y,Wire Fraud,ML Model,49370.46,3930.22,Confirmed Fraud
TXN-500698,2025-10-07 18:02:27,Wire,Payments & Cards,93634.28,Y,Wire Fraud,Manual Review,82604.96,36171.15,Recovered
TXN-500390,2025-10-07 20:40:55,ACH,Commercial Banking,18964.34,Y,Account Takeover,Customer Reported,13494.88,3014.98,Recovered
TXN-501582,2025-10-07 23:04:40,Mobile,Digital Banking,33203.6,Y,Account Takeover,Rule Engine,25797.11,5188.84,Confirmed Fraud
TXN-500628,2025-10-08 06:02:14,Online,Digital Banking,11394.15,Y,Card Not Present,Rule Engine,8092.76,2681.57,Confirmed Fraud
TXN-501768,2025-10-08 11:13:24,Mobile,Digital Banking,16702.54,N,,,0.0,0.0,Cleared - False Positive
TXN-501723,2025-10-08 16:20:51,Online,Digital Banking,35501.47,N,,,0.0,0.0,Cleared - False Positive
TXN-502196,2025-10-08 21:18:23,Card,Payments & Cards,37043.61,Y,Synthetic Identity,Rule Engine,32611.02,3091.1,Under Review
TXN-500845,2025-10-08 21:42:42,Online,Digital Banking,36718.83,N,,,0.0,0.0,Cleared - False Positive
TXN-502560,2025-10-08 22:27:31,Card,Payments & Cards,34256.32,Y,Card Skimming,Rule Engine,17310.9,655.1,Charged Off
TXN-500674,2025-10-08 23:57:46,Card,Payments & Cards,13540.99,N,,,0.0,0.0,Cleared - False Positive
TXN-500347,2025-10-09 15:04:49,Card,Payments & Cards,26431.36,Y,Card Not Present,Manual Review,13539.78,4217.9,Confirmed Fraud
TXN-501625,2025-10-09 20:26:20,Mobile,Digital Banking,6433.96,Y,Synthetic Identity,Manual Review,3238.09,216.74,Confirmed Fraud
TXN-500364,2025-10-10 04:04:03,Card,Payments & Cards,34865.66,N,,,0.0,0.0,Cleared - False Positive
TXN-501576,2025-10-10 06:16:02,Mobile,Digital Banking,35766.35,Y,Synthetic Identity,Rule Engine,25909.03,11494.25,Charged Off
TXN-501867,2025-10-10 12:34:24,ATM,Retail Banking,12562.86,Y,Card Not Present,ML Model,6069.83,1285.77,Recovered
TXN-502217,2025-10-10 20:07:36,ATM,Retail Banking,44330.67,N,,,0.0,0.0,Cleared - False Positive
TXN-501646,2025-10-11 03:34:38,Mobile,Digital Banking,30861.48,Y,Account Takeover,Rule Engine,26697.12,1692.63,Recovered
TXN-501670,2025-10-11 08:26:00,Online,Digital Banking,24280.41,N,,,0.0,0.0,Cleared - False Positive
TXN-500983,2025-10-11 10:23:09,Wire,Payments & Cards,79985.29,Y,Wire Fraud,ML Model,26343.48,13180.69,Under Review
TXN-501707,2025-10-11 16:17:12,Online,Digital Banking,2079.73,N,,,0.0,0.0,Cleared - False Positive
TXN-500133,2025-10-12 03:47:24,Card,Payments & Cards,8134.24,Y,Card Skimming,Manual Review,6184.24,1188.47,Recovered
TXN-501735,2025-10-12 11:54:14,Mobile,Digital Banking,26341.25,N,,,0.0,0.0,Cleared - False Positive
TXN-501569,2025-10-12 12:42:18,ATM,Retail Banking,33904.67,N,,,0.0,0.0,Cleared - False Positive
TXN-500174,2025-10-12 14:44:26,Online,Digital Banking,27364.69,N,,,0.0,0.0,Cleared - False Positive
TXN-500030,2025-10-13 06:08:23,Card,Payments & Cards,11092.96,Y,Synthetic Identity,Manual Review,8304.05,495.57,Under Review
TXN-500803,2025-10-13 12:27:09,ATM,Retail Banking,13374.79,Y,Card Not Present,Customer Reported,8521.58,2146.21,Recovered
TXN-502494,2025-10-13 22:09:34,ATM,Retail Banking,4621.67,N,,,0.0,0.0,Cleared - False Positive
TXN-502367,2025-10-14 02:09:58,Card,Payments & Cards,19381.51,Y,Card Skimming,ML Model,14577.17,3269.45,Recovered
TXN-501915,2025-10-14 16:18:14,Card,Payments & Cards,24666.96,N,,,0.0,0.0,Cleared - False Positive
TXN-500431,2025-10-15 10:18:03,ATM,Retail Banking,11859.47,N,,,0.0,0.0,Cleared - False Positive
TXN-502244,2025-10-15 19:40:43,Online,Digital Banking,44701.68,N,,,0.0,0.0,Cleared - False Positive
TXN-500384,2025-10-16 04:53:47,Card,Payments & Cards,17520.84,N,,,0.0,0.0,Cleared - False Positive
TXN-501160,2025-10-16 10:04:49,ACH,Commercial Banking,40023.22,N,,,0.0,0.0,Cleared - False Positive
TXN-502565,2025-10-17 22:46:14,Online,Digital Banking,6791.64,Y,Card Not Present,Customer Reported,4259.77,524.15,Confirmed Fraud
TXN-501085,2025-10-18 04:14:20,Online,Digital Banking,25698.86,N,,,0.0,0.0,Cleared - False Positive
TXN-500887,2025-10-18 16:34:01,Mobile,Digital Banking,35667.8,Y,Account Takeover,Customer Reported,34905.54,7163.2,Charged Off
TXN-500396,2025-10-18 19:39:32,Card,Payments & Cards,18655.85,Y,Synthetic Identity,Rule Engine,11515.51,952.64,Charged Off
TXN-501414,2025-10-18 21:50:19,Card,Payments & Cards,3003.7,Y,Card Not Present,Manual Review,2526.24,16.8,Under Review
TXN-500561,2025-10-19 02:22:49,Card,Payments & Cards,39724.89,Y,Card Not Present,Customer Reported,17247.63,1464.76,Charged Off
TXN-501260,2025-10-19 18:30:33,ACH,Commercial Banking,8039.49,Y,Synthetic Identity,ML Model,7536.73,423.78,Recovered
TXN-500399,2025-10-19 20:36:42,Online,Digital Banking,2713.48,Y,Card Not Present,Manual Review,1094.67,67.73,Under Review
TXN-501172,2025-10-19 23:44:19,Card,Payments & Cards,44986.8,Y,Synthetic Identity,Manual Review,39008.89,324.95,Recovered
TXN-501328,2025-10-20 05:49:08,ACH,Commercial Banking,29967.2,Y,Synthetic Identity,Manual Review,10393.65,961.05,Charged Off
TXN-500852,2025-10-20 11:34:12,Online,Digital Banking,8932.81,Y,Card Not Present,Rule Engine,5797.89,1451.1,Under Review
TXN-501458,2025-10-20 23:14:43,Online,Digital Banking,20258.32,N,,,0.0,0.0,Cleared - False Positive
TXN-500728,2025-10-21 02:27:54,ACH,Commercial Banking,23578.85,N,,,0.0,0.0,Cleared - False Positive
TXN-502410,2025-10-21 04:43:33,Wire,Payments & Cards,54987.96,N,,,0.0,0.0,Cleared - False Positive
TXN-502117,2025-10-21 05:16:23,Card,Payments & Cards,8714.99,Y,Synthetic Identity,ML Model,3004.71,313.56,Confirmed Fraud
TXN-500623,2025-10-21 09:17:37,Online,Digital Banking,33825.95,Y,Card Not Present,Customer Reported,25182.94,321.02,Under Review
TXN-500979,2025-10-21 10:31:57,Online,Digital Banking,31511.11,N,,,0.0,0.0,Cleared - False Positive
TXN-500275,2025-10-21 14:42:21,Online,Digital Banking,35146.55,N,,,0.0,0.0,Cleared - False Positive
TXN-501690,2025-10-21 18:24:56,ACH,Commercial Banking,38051.1,N,,,0.0,0.0,Cleared - False Positive
TXN-500895,2025-10-22 03:29:48,Card,Payments & Cards,19896.72,Y,Synthetic Identity,Customer Reported,15893.88,1910.23,Under Review
TXN-501988,2025-10-22 13:29:50,Mobile,Digital Banking,44600.95,Y,Synthetic Identity,Rule Engine,42452.76,7615.58,Under Review
TXN-500814,2025-10-22 23:05:13,Card,Payments & Cards,27924.53,N,,,0.0,0.0,Cleared - False Positive
TXN-501019,2025-10-23 04:08:18,Card,Payments & Cards,19099.72,Y,Synthetic Identity,Customer Reported,12243.6,3010.19,Confirmed Fraud
TXN-501553,2025-10-23 04:51:36,Card,Payments & Cards,10564.26,N,,,0.0,0.0,Cleared - False Positive
TXN-500598,2025-10-23 05:06:23,ACH,Commercial Banking,12575.8,Y,Synthetic Identity,Customer Reported,9116.1,120.36,Charged Off
TXN-501151,2025-10-23 10:20:55,Card,Payments & Cards,6060.13,N,,,0.0,0.0,Cleared - False Positive
TXN-501924,2025-10-23 11:25:23,Online,Digital Banking,40506.4,Y,Account Takeover,Rule Engine,12451.79,4879.79,Confirmed Fraud
TXN-502169,2025-10-23 19:15:27,Online,Digital Banking,38395.8,Y,Card Not Present,Customer Reported,14719.33,3601.16,Charged Off
TXN-500065,2025-10-24 00:23:23,Card,Payments & Cards,29566.65,N,,,0.0,0.0,Cleared - False Positive
TXN-500706,2025-10-24 05:53:31,Card,Payments & Cards,33624.16,Y,Synthetic Identity,Customer Reported,14758.49,67.58,Under Review
TXN-501113,2025-10-25 15:36:15,Online,Digital Banking,4680.96,N,,,0.0,0.0,Cleared - False Positive
TXN-501211,2025-10-25 16:46:30,Mobile,Digital Banking,23533.99,N,,,0.0,0.0,Cleared - False Positive
TXN-500494,2025-10-25 17:49:25,Online,Digital Banking,18773.17,Y,Account Takeover,Rule Engine,12002.35,3190.8,Charged Off
TXN-500962,2025-10-25 21:06:47,Card,Payments & Cards,24912.28,Y,Synthetic Identity,Manual Review,24772.27,233.65,Confirmed Fraud
TXN-500150,2025-10-26 01:38:02,ATM,Retail Banking,10522.36,N,,,0.0,0.0,Cleared - False Positive
TXN-500269,2025-10-26 02:31:36,ACH,Commercial Banking,41787.81,N,,,0.0,0.0,Cleared - False Positive
TXN-500338,2025-10-27 12:19:52,Mobile,Digital Banking,32929.19,N,,,0.0,0.0,Cleared - False Positive
TXN-502285,2025-10-27 14:52:58,Online,Digital Banking,19901.06,N,,,0.0,0.0,Cleared - False Positive
TXN-501272,2025-10-27 21:44:10,Online,Digital Banking,29836.2,N,,,0.0,0.0,Cleared - False Positive
TXN-501224,2025-10-28 01:29:04,Card,Payments & Cards,6992.43,N,,,0.0,0.0,Cleared - False Positive
TXN-501435,2025-10-28 05:28:31,Online,Digital Banking,17313.71,N,,,0.0,0.0,Cleared - False Positive
TXN-500005,2025-10-28 08:12:43,ATM,Retail Banking,31714.22,N,,,0.0,0.0,Cleared - False Positive
TXN-501835,2025-10-28 12:22:33,ACH,Commercial Banking,1332.71,N,,,0.0,0.0,Cleared - False Positive
TXN-501655,2025-10-28 21:48:10,Card,Payments & Cards,7320.81,N,,,0.0,0.0,Cleared - False Positive
TXN-501198,2025-10-29 05:11:05,Mobile,Digital Banking,34231.1,Y,Account Takeover,Customer Reported,22744.31,5520.52,Charged Off
TXN-502586,2025-10-30 05:36:46,Card,Payments & Cards,36183.24,Y,Synthetic Identity,Customer Reported,12358.31,2722.36,Under Review
TXN-500303,2025-10-30 21:34:47,Mobile,Digital Banking,18869.6,N,,,0.0,0.0,Cleared - False Positive
TXN-501791,2025-10-31 00:32:01,Card,Payments & Cards,37018.12,Y,Card Skimming,ML Model,33082.54,2647.76,Under Review
TXN-502359,2025-10-31 01:25:56,Online,Digital Banking,30842.58,N,,,0.0,0.0,Cleared - False Positive
TXN-502466,2025-10-31 01:44:41,Card,Payments & Cards,23102.72,N,,,0.0,0.0,Cleared - False Positive
TXN-500492,2025-10-31 02:50:33,Wire,Payments & Cards,131800.77,N,,,0.0,0.0,Cleared - False Positive
TXN-502263,2025-10-31 03:00:11,ATM,Retail Banking,23562.14,Y,Card Skimming,Manual Review,17989.86,2214.0,Recovered
TXN-500513,2025-10-31 03:03:18,Online,Digital Banking,22529.45,N,,,0.0,0.0,Cleared - False Positive
TXN-500038,2025-10-31 05:47:49,Card,Payments & Cards,42693.06,N,,,0.0,0.0,Cleared - False Positive
TXN-501441,2025-10-31 15:26:32,Card,Payments & Cards,11486.56,Y,Card Skimming,ML Model,10775.76,265.62,Charged Off
TXN-500345,2025-10-31 20:25:35,Card,Payments & Cards,32758.84,N,,,0.0,0.0,Cleared - False Positive
TXN-500483,2025-10-31 23:26:34,Card,Payments & Cards,24508.25,N,,,0.0,0.0,Cleared - False Positive
TXN-500091,2025-11-01 02:51:17,Wire,Payments & Cards,71987.63,N,,,0.0,0.0,Cleared - False Positive
TXN-500233,2025-11-01 07:07:26,Card,Payments & Cards,39486.59,Y,Synthetic Identity,Manual Review,20263.93,4986.05,Confirmed Fraud
TXN-501125,2025-11-01 20:37:58,ACH,Commercial Banking,11026.26,N,,,0.0,0.0,Cleared - False Positive
TXN-501341,2025-11-01 22:47:16,Wire,Payments & Cards,39666.12,N,,,0.0,0.0,Cleared - False Positive
TXN-502544,2025-11-02 00:22:54,Card,Payments & Cards,38868.9,Y,Card Skimming,Manual Review,36196.99,1156.12,Confirmed Fraud
TXN-501856,2025-11-02 10:23:36,Online,Digital Banking,27672.65,N,,,0.0,0.0,Cleared - False Positive
TXN-501656,2025-11-03 05:05:14,Online,Digital Banking,34338.23,Y,Account Takeover,Rule Engine,24634.88,2828.86,Under Review
TXN-502154,2025-11-03 20:44:03,Card,Payments & Cards,34257.43,N,,,0.0,0.0,Cleared - False Positive
TXN-502497,2025-11-03 22:24:59,Wire,Payments & Cards,25575.76,N,,,0.0,0.0,Cleared - False Positive
TXN-501495,2025-11-04 04:50:19,Online,Digital Banking,33542.75,N,,,0.0,0.0,Cleared - False Positive
TXN-501100,2025-11-04 05:42:54,ATM,Retail Banking,8009.65,Y,Card Not Present,Rule Engine,6680.48,1797.35,Under Review
TXN-501280,2025-11-04 08:39:11,Mobile,Digital Banking,27575.13,Y,Synthetic Identity,Manual Review,17520.97,4290.76,Charged Off
TXN-500383,2025-11-04 11:27:09,Online,Digital Banking,19926.18,Y,Account Takeover,ML Model,13742.42,2149.82,Under Review
TXN-502588,2025-11-04 18:26:36,Wire,Payments & Cards,69806.87,N,,,0.0,0.0,Cleared - False Positive
TXN-501076,2025-11-05 18:16:46,Wire,Payments & Cards,118650.05,Y,Business Email Compromise,Customer Reported,44869.95,2041.75,Confirmed Fraud
TXN-501355,2025-11-06 01:02:57,ACH,Commercial Banking,43548.71,N,,,0.0,0.0,Cleared - False Positive
TXN-502188,2025-11-06 02:59:01,ACH,Commercial Banking,41681.84,N,,,0.0,0.0,Cleared - False Positive
TXN-501389,2025-11-06 07:53:04,Mobile,Digital Banking,4291.02,N,,,0.0,0.0,Cleared - False Positive
TXN-501620,2025-11-06 10:00:47,Wire,Payments & Cards,104858.11,Y,Wire Fraud,Customer Reported,82501.52,12474.0,Confirmed Fraud
TXN-501799,2025-11-06 12:57:48,ACH,Commercial Banking,33190.3,Y,Account Takeover,ML Model,32551.83,6807.96,Confirmed Fraud
TXN-500177,2025-11-06 16:38:06,Online,Digital Banking,1927.87,N,,,0.0,0.0,Cleared - False Positive
TXN-502480,2025-11-06 18:08:47,Card,Payments & Cards,16637.35,N,,,0.0,0.0,Cleared - False Positive
TXN-501443,2025-11-07 05:25:33,Card,Payments & Cards,38635.34,Y,Card Not Present,ML Model,17786.24,1730.84,Confirmed Fraud
TXN-501630,2025-11-07 09:17:35,Mobile,Digital Banking,7468.73,N,,,0.0,0.0,Cleared - False Positive
TXN-501489,2025-11-07 13:03:42,ATM,Retail Banking,13801.82,N,,,0.0,0.0,Cleared - False Positive
TXN-500323,2025-11-07 17:42:10,ACH,Commercial Banking,37333.6,N,,,0.0,0.0,Cleared - False Positive
TXN-500314,2025-11-07 18:01:58,Card,Payments & Cards,25140.74,Y,Synthetic Identity,ML Model,14698.1,689.06,Confirmed Fraud
TXN-501994,2025-11-07 20:37:41,Wire,Payments & Cards,164617.48,N,,,0.0,0.0,Cleared - False Positive
TXN-500416,2025-11-08 00:59:44,Online,Digital Banking,28868.95,Y,Card Not Present,Manual Review,24645.81,806.32,Recovered
TXN-500301,2025-11-08 01:34:37,Card,Payments & Cards,2379.5,N,,,0.0,0.0,Cleared - False Positive
TXN-501659,2025-11-08 08:27:03,Card,Payments & Cards,5987.3,N,,,0.0,0.0,Cleared - False Positive
TXN-500989,2025-11-08 10:44:18,ATM,Retail Banking,32236.97,N,,,0.0,0.0,Cleared - False Positive
TXN-501653,2025-11-08 14:50:49,Online,Digital Banking,38833.17,N,,,0.0,0.0,Cleared - False Positive
TXN-501162,2025-11-08 19:12:48,Online,Digital Banking,33280.85,N,,,0.0,0.0,Cleared - False Positive
TXN-502090,2025-11-09 01:48:05,Online,Digital Banking,21823.21,N,,,0.0,0.0,Cleared - False Positive
TXN-501200,2025-11-09 05:35:42,Card,Payments & Cards,44055.1,N,,,0.0,0.0,Cleared - False Positive
TXN-502081,2025-11-09 05:56:10,ATM,Retail Banking,29793.04,Y,Card Skimming,Customer Reported,27312.95,780.54,Recovered
TXN-500240,2025-11-09 18:32:50,ACH,Commercial Banking,36906.81,Y,Synthetic Identity,ML Model,15871.91,3327.45,Recovered
TXN-501424,2025-11-09 20:02:54,Mobile,Digital Banking,12483.58,N,,,0.0,0.0,Cleared - False Positive
TXN-502317,2025-11-10 09:27:03,Wire,Payments & Cards,118303.87,Y,Business Email Compromise,Rule Engine,91989.33,8597.45,Charged Off
TXN-500223,2025-11-10 11:18:03,Mobile,Digital Banking,31965.51,N,,,0.0,0.0,Cleared - False Positive
TXN-500495,2025-11-10 17:14:03,Card,Payments & Cards,7074.65,N,,,0.0,0.0,Cleared - False Positive
TXN-502430,2025-11-10 18:23:36,ATM,Retail Banking,23524.31,Y,Card Not Present,Customer Reported,7900.89,284.11,Recovered
TXN-501634,2025-11-11 03:15:51,Online,Digital Banking,13313.73,N,,,0.0,0.0,Cleared - False Positive
TXN-502076,2025-11-11 13:17:47,ATM,Retail Banking,501.56,N,,,0.0,0.0,Cleared - False Positive
TXN-501679,2025-11-11 21:37:59,ATM,Retail Banking,25097.54,N,,,0.0,0.0,Cleared - False Positive
TXN-500081,2025-11-12 04:22:56,Mobile,Digital Banking,20713.98,N,,,0.0,0.0,Cleared - False Positive
TXN-501731,2025-11-12 07:49:49,Card,Payments & Cards,35428.78,N,,,0.0,0.0,Cleared - False Positive
TXN-501359,2025-11-12 14:13:36,Mobile,Digital Banking,7453.27,N,,,0.0,0.0,Cleared - False Positive
TXN-502126,2025-11-12 15:52:46,ATM,Retail Banking,38603.6,Y,Card Skimming,ML Model,35415.32,9517.7,Charged Off
TXN-502282,2025-11-13 06:40:21,Wire,Payments & Cards,246722.98,N,,,0.0,0.0,Cleared - False Positive
TXN-501010,2025-11-13 07:22:43,Card,Payments & Cards,43617.42,N,,,0.0,0.0,Cleared - False Positive
TXN-500188,2025-11-13 18:07:05,Online,Digital Banking,24466.68,Y,Card Not Present,Customer Reported,11414.07,1918.45,Under Review
TXN-501106,2025-11-14 08:55:18,Mobile,Digital Banking,19975.52,Y,Account Takeover,Manual Review,19595.26,653.73,Charged Off
TXN-501572,2025-11-15 02:13:51,Mobile,Digital Banking,10168.62,Y,Account Takeover,Manual Review,8216.46,1308.74,Under Review
TXN-501746,2025-11-15 02:25:04,Wire,Payments & Cards,218020.39,N,,,0.0,0.0,Cleared - False Positive
TXN-500362,2025-11-15 02:46:53,Card,Payments & Cards,5922.82,Y,Card Skimming,Manual Review,3068.62,545.42,Charged Off
TXN-502558,2025-11-15 13:41:31,Mobile,Digital Banking,26726.39,Y,Account Takeover,ML Model,16236.48,5564.83,Charged Off
TXN-500589,2025-11-15 16:50:46,Mobile,Digital Banking,33183.34,Y,Synthetic Identity,Customer Reported,18010.17,7214.83,Charged Off
TXN-500896,2025-11-16 01:00:27,ATM,Retail Banking,1208.47,N,,,0.0,0.0,Cleared - False Positive
TXN-500597,2025-11-16 02:29:03,Card,Payments & Cards,29572.88,N,,,0.0,0.0,Cleared - False Positive
TXN-502232,2025-11-16 07:52:16,Mobile,Digital Banking,4044.6,N,,,0.0,0.0,Cleared - False Positive
TXN-500855,2025-11-16 10:21:12,Card,Payments & Cards,43509.07,Y,Synthetic Identity,Rule Engine,41012.7,620.7,Under Review
TXN-501323,2025-11-16 11:48:35,ATM,Retail Banking,38094.74,N,,,0.0,0.0,Cleared - False Positive
TXN-500577,2025-11-16 12:24:10,Online,Digital Banking,14102.11,Y,Card Not Present,Manual Review,6299.54,949.79,Charged Off
TXN-501771,2025-11-16 15:48:29,Card,Payments & Cards,2004.68,Y,Card Not Present,Rule Engine,1720.18,20.55,Under Review
TXN-502409,2025-11-16 17:41:21,Mobile,Digital Banking,14430.28,Y,Account Takeover,Rule Engine,13657.22,5095.68,Under Review
TXN-500595,2025-11-17 00:58:21,Card,Payments & Cards,31257.97,N,,,0.0,0.0,Cleared - False Positive
TXN-501450,2025-11-17 08:56:56,ACH,Commercial Banking,31965.21,N,,,0.0,0.0,Cleared - False Positive
TXN-502051,2025-11-17 15:03:21,Mobile,Digital Banking,19206.96,Y,Account Takeover,Manual Review,17234.94,5817.83,Under Review
TXN-500031,2025-11-17 16:12:53,Wire,Payments & Cards,76715.21,N,,,0.0,0.0,Cleared - False Positive
TXN-501448,2025-11-17 20:09:00,Online,Digital Banking,32549.92,Y,Account Takeover,Manual Review,15362.02,68.96,Confirmed Fraud
TXN-501952,2025-11-18 00:53:52,Mobile,Digital Banking,5691.18,N,,,0.0,0.0,Cleared - False Positive
TXN-500352,2025-11-18 08:10:28,Card,Payments & Cards,130.05,Y,Synthetic Identity,Manual Review,114.96,21.31,Under Review
TXN-501391,2025-11-18 10:00:10,Mobile,Digital Banking,17480.25,N,,,0.0,0.0,Cleared - False Positive
TXN-501285,2025-11-18 13:14:12,Wire,Payments & Cards,166510.67,Y,Wire Fraud,Manual Review,78627.17,19107.65,Under Review
TXN-501324,2025-11-18 16:54:28,ACH,Commercial Banking,6410.89,N,,,0.0,0.0,Cleared - False Positive
TXN-501738,2025-11-18 17:57:11,Card,Payments & Cards,36374.72,Y,Card Not Present,Customer Reported,25452.5,1012.14,Confirmed Fraud
TXN-501929,2025-11-18 21:39:42,Mobile,Digital Banking,41885.15,N,,,0.0,0.0,Cleared - False Positive
TXN-500666,2025-11-18 23:40:37,Wire,Payments & Cards,158267.21,N,,,0.0,0.0,Cleared - False Positive
TXN-501129,2025-11-19 03:34:40,ACH,Commercial Banking,35167.94,Y,Synthetic Identity,ML Model,15385.91,89.61,Confirmed Fraud
TXN-500546,2025-11-19 15:35:12,Online,Digital Banking,27872.99,Y,Account Takeover,Rule Engine,17221.43,652.74,Confirmed Fraud
TXN-500402,2025-11-19 17:40:20,Mobile,Digital Banking,19637.26,N,,,0.0,0.0,Cleared - False Positive
TXN-500452,2025-11-19 20:41:51,Online,Digital Banking,16008.48,N,,,0.0,0.0,Cleared - False Positive
TXN-501461,2025-11-20 14:04:26,Online,Digital Banking,39247.64,Y,Card Not Present,Customer Reported,21521.13,3157.76,Confirmed Fraud
TXN-502231,2025-11-20 17:19:23,Mobile,Digital Banking,1370.53,Y,Account Takeover,Rule Engine,542.17,174.99,Confirmed Fraud
TXN-500569,2025-11-20 18:39:03,Mobile,Digital Banking,19186.08,N,,,0.0,0.0,Cleared - False Positive
TXN-501751,2025-11-21 05:05:02,Card,Payments & Cards,27270.56,N,,,0.0,0.0,Cleared - False Positive
TXN-500647,2025-11-22 06:07:07,Online,Digital Banking,42978.2,N,,,0.0,0.0,Cleared - False Positive
TXN-500398,2025-11-22 09:45:18,ATM,Retail Banking,23981.72,N,,,0.0,0.0,Cleared - False Positive
TXN-500914,2025-11-23 16:41:16,Card,Payments & Cards,44179.28,Y,Synthetic Identity,Rule Engine,19772.26,5621.92,Charged Off
TXN-500796,2025-11-23 23:23:31,ACH,Commercial Banking,36826.67,Y,Synthetic Identity,Customer Reported,29912.27,15189.73,Charged Off
TXN-501178,2025-11-24 09:21:07,Card,Payments & Cards,29543.71,Y,Synthetic Identity,ML Model,22686.68,646.64,Charged Off
TXN-500246,2025-11-24 20:53:50,Online,Digital Banking,18957.3,N,,,0.0,0.0,Cleared - False Positive
TXN-502526,2025-11-25 00:15:18,ACH,Commercial Banking,42839.74,Y,Account Takeover,Rule Engine,21736.29,9081.27,Charged Off
TXN-500799,2025-11-25 05:17:52,Mobile,Digital Banking,14421.99,Y,Synthetic Identity,Customer Reported,4956.55,1898.51,Charged Off
TXN-501602,2025-11-25 13:44:09,Card,Payments & Cards,35648.38,N,,,0.0,0.0,Cleared - False Positive
TXN-500193,2025-11-26 04:53:55,Card,Payments & Cards,38676.17,Y,Card Skimming,Rule Engine,25806.77,6594.43,Confirmed Fraud
TXN-502310,2025-11-26 05:00:35,Online,Digital Banking,26951.52,Y,Account Takeover,Rule Engine,16913.8,1015.01,Confirmed Fraud
TXN-502205,2025-11-26 17:42:01,Card,Payments & Cards,1287.22,Y,Synthetic Identity,Rule Engine,766.25,133.14,Recovered
TXN-501139,2025-11-27 03:44:49,Mobile,Digital Banking,41741.27,Y,Account Takeover,ML Model,21982.45,1002.93,Charged Off
TXN-501142,2025-11-27 11:03:15,Wire,Payments & Cards,76904.98,N,,,0.0,0.0,Cleared - False Positive
TXN-501022,2025-11-27 16:51:10,Card,Payments & Cards,14871.37,N,,,0.0,0.0,Cleared - False Positive
TXN-502419,2025-11-28 11:56:04,Online,Digital Banking,4521.9,N,,,0.0,0.0,Cleared - False Positive
TXN-500892,2025-11-28 12:54:42,Card,Payments & Cards,30538.94,Y,Card Skimming,Manual Review,29831.5,458.92,Recovered
TXN-502237,2025-11-29 00:13:44,ACH,Commercial Banking,13801.57,Y,Synthetic Identity,ML Model,12111.39,1618.03,Charged Off
TXN-502240,2025-11-29 06:33:51,Wire,Payments & Cards,6139.68,N,,,0.0,0.0,Cleared - False Positive
TXN-501059,2025-11-30 05:05:25,ACH,Commercial Banking,14548.13,N,,,0.0,0.0,Cleared - False Positive
TXN-501401,2025-11-30 14:36:42,ACH,Commercial Banking,10960.57,N,,,0.0,0.0,Cleared - False Positive
TXN-500641,2025-11-30 18:44:50,Wire,Payments & Cards,47389.77,N,,,0.0,0.0,Cleared - False Positive
TXN-501567,2025-12-01 10:05:17,Mobile,Digital Banking,29585.22,N,,,0.0,0.0,Cleared - False Positive
TXN-501333,2025-12-01 10:12:49,Mobile,Digital Banking,25983.35,Y,Account Takeover,ML Model,24198.27,10956.15,Charged Off
TXN-500386,2025-12-01 20:28:15,Online,Digital Banking,22810.69,Y,Card Not Present,Manual Review,16280.71,2496.57,Recovered
TXN-501279,2025-12-01 20:48:26,Mobile,Digital Banking,12725.43,N,,,0.0,0.0,Cleared - False Positive
TXN-502598,2025-12-01 21:42:48,ACH,Commercial Banking,38011.63,N,,,0.0,0.0,Cleared - False Positive
TXN-501066,2025-12-02 05:48:03,Wire,Payments & Cards,117964.77,N,,,0.0,0.0,Cleared - False Positive
TXN-501299,2025-12-02 06:12:22,Online,Digital Banking,26386.17,N,,,0.0,0.0,Cleared - False Positive
TXN-500779,2025-12-02 11:24:10,Mobile,Digital Banking,18241.39,Y,Account Takeover,Rule Engine,15730.23,1188.47,Confirmed Fraud
TXN-502429,2025-12-02 19:25:44,Card,Payments & Cards,30244.83,Y,Card Skimming,Manual Review,26993.54,7581.19,Charged Off
TXN-500759,2025-12-03 02:27:02,Card,Payments & Cards,19246.84,N,,,0.0,0.0,Cleared - False Positive
TXN-501407,2025-12-04 07:47:45,Card,Payments & Cards,17465.83,N,,,0.0,0.0,Cleared - False Positive
TXN-501849,2025-12-04 12:27:26,Card,Payments & Cards,15570.45,N,,,0.0,0.0,Cleared - False Positive
TXN-500942,2025-12-04 23:56:30,Card,Payments & Cards,3474.64,Y,Synthetic Identity,ML Model,1543.1,531.14,Under Review
TXN-502180,2025-12-05 08:17:48,Mobile,Digital Banking,23917.5,Y,Synthetic Identity,Customer Reported,9916.39,2264.03,Recovered
TXN-500440,2025-12-05 16:31:53,Mobile,Digital Banking,12133.94,N,,,0.0,0.0,Cleared - False Positive
TXN-500958,2025-12-05 23:13:10,Online,Digital Banking,9818.56,Y,Account Takeover,Rule Engine,4845.58,557.22,Under Review
TXN-501584,2025-12-06 03:34:39,ACH,Commercial Banking,40245.36,N,,,0.0,0.0,Cleared - False Positive
TXN-501704,2025-12-06 21:48:32,ACH,Commercial Banking,2129.1,N,,,0.0,0.0,Cleared - False Positive
TXN-500073,2025-12-07 04:13:59,Card,Payments & Cards,17232.64,N,,,0.0,0.0,Cleared - False Positive
TXN-500277,2025-12-07 04:24:46,Mobile,Digital Banking,42078.2,Y,Synthetic Identity,Rule Engine,24423.46,8883.86,Recovered
TXN-500201,2025-12-07 05:39:26,Mobile,Digital Banking,40144.78,N,,,0.0,0.0,Cleared - False Positive
TXN-502443,2025-12-07 14:33:23,Card,Payments & Cards,37975.68,N,,,0.0,0.0,Cleared - False Positive
TXN-501394,2025-12-07 17:42:13,Card,Payments & Cards,17440.92,N,,,0.0,0.0,Cleared - False Positive
TXN-501700,2025-12-08 06:28:37,ATM,Retail Banking,15463.91,Y,Card Skimming,ML Model,9008.59,2765.04,Recovered
TXN-500699,2025-12-08 10:41:15,Card,Payments & Cards,120.5,N,,,0.0,0.0,Cleared - False Positive
TXN-501822,2025-12-09 02:22:43,Online,Digital Banking,5722.44,Y,Account Takeover,Customer Reported,3906.67,1635.41,Under Review
TXN-502038,2025-12-09 08:25:20,Card,Payments & Cards,27095.36,N,,,0.0,0.0,Cleared - False Positive
TXN-502127,2025-12-09 14:50:13,ATM,Retail Banking,3766.91,Y,Card Skimming,Customer Reported,3459.12,1825.8,Charged Off
TXN-500996,2025-12-09 19:18:48,Mobile,Digital Banking,8119.29,Y,Account Takeover,Customer Reported,7409.07,1455.69,Recovered
TXN-500194,2025-12-09 22:01:09,ATM,Retail Banking,44382.8,Y,Card Not Present,ML Model,21381.95,4598.67,Under Review
TXN-501006,2025-12-10 01:32:22,Card,Payments & Cards,13579.96,Y,Synthetic Identity,Customer Reported,6424.9,129.86,Under Review
TXN-502483,2025-12-10 06:20:30,Card,Payments & Cards,2291.39,Y,Synthetic Identity,ML Model,1528.6,162.67,Confirmed Fraud
TXN-500994,2025-12-10 06:48:44,Online,Digital Banking,12731.33,Y,Account Takeover,Rule Engine,12293.15,4738.22,Under Review
TXN-500462,2025-12-10 17:09:59,Card,Payments & Cards,20239.24,Y,Card Skimming,Rule Engine,14139.16,360.22,Confirmed Fraud
TXN-502391,2025-12-10 21:31:40,ACH,Commercial Banking,6301.8,N,,,0.0,0.0,Cleared - False Positive
TXN-501973,2025-12-12 00:30:33,ACH,Commercial Banking,16522.82,N,,,0.0,0.0,Cleared - False Positive
TXN-501292,2025-12-12 11:30:46,Mobile,Digital Banking,34357.4,N,,,0.0,0.0,Cleared - False Positive
TXN-502071,2025-12-12 15:57:09,Online,Digital Banking,2917.22,Y,Account Takeover,ML Model,1492.07,44.03,Recovered
TXN-500225,2025-12-13 01:06:06,Card,Payments & Cards,5097.66,N,,,0.0,0.0,Cleared - False Positive
TXN-501464,2025-12-13 15:46:47,Online,Digital Banking,1646.29,N,,,0.0,0.0,Cleared - False Positive
TXN-500880,2025-12-14 09:00:41,ACH,Commercial Banking,2052.04,Y,Account Takeover,ML Model,1815.55,95.73,Confirmed Fraud
TXN-501548,2025-12-14 09:58:20,ACH,Commercial Banking,11359.96,N,,,0.0,0.0,Cleared - False Positive
TXN-500685,2025-12-15 03:28:42,ACH,Commercial Banking,31526.49,N,,,0.0,0.0,Cleared - False Positive
TXN-501034,2025-12-15 09:07:18,Mobile,Digital Banking,25114.57,N,,,0.0,0.0,Cleared - False Positive
TXN-500622,2025-12-15 11:12:25,Mobile,Digital Banking,26482.14,Y,Account Takeover,ML Model,26342.6,1833.91,Charged Off
TXN-501304,2025-12-15 11:35:55,ATM,Retail Banking,2359.46,Y,Card Not Present,Manual Review,1142.4,230.46,Under Review
TXN-500380,2025-12-15 18:06:18,Card,Payments & Cards,42409.29,Y,Synthetic Identity,ML Model,14291.79,396.74,Under Review
TXN-500834,2025-12-16 00:47:57,Wire,Payments & Cards,121886.07,N,,,0.0,0.0,Cleared - False Positive
TXN-501042,2025-12-16 06:19:36,ACH,Commercial Banking,39374.66,N,,,0.0,0.0,Cleared - False Positive
TXN-502248,2025-12-16 10:36:57,Mobile,Digital Banking,25535.07,Y,Synthetic Identity,ML Model,8440.07,1506.51,Under Review
TXN-500651,2025-12-17 03:17:34,Online,Digital Banking,14989.39,Y,Account Takeover,Customer Reported,11253.89,1826.39,Under Review
TXN-500754,2025-12-17 06:10:24,ATM,Retail Banking,10119.02,N,,,0.0,0.0,Cleared - False Positive
TXN-501437,2025-12-17 15:53:52,Online,Digital Banking,23586.61,Y,Card Not Present,ML Model,15456.11,1590.67,Recovered
TXN-500414,2025-12-17 17:09:06,Online,Digital Banking,41693.84,Y,Card Not Present,Manual Review,38097.03,15456.9,Confirmed Fraud
TXN-501301,2025-12-17 20:38:09,Wire,Payments & Cards,85274.27,Y,Business Email Compromise,Customer Reported,29694.46,721.52,Charged Off
TXN-501857,2025-12-17 22:36:08,Online,Digital Banking,44248.36,N,,,0.0,0.0,Cleared - False Positive
TXN-500693,2025-12-18 00:23:21,ATM,Retail Banking,19090.78,N,,,0.0,0.0,Cleared - False Positive
TXN-501928,2025-12-18 03:38:13,Online,Digital Banking,31694.22,N,,,0.0,0.0,Cleared - False Positive
TXN-500436,2025-12-18 04:05:44,Online,Digital Banking,39012.23,Y,Account Takeover,Manual Review,17267.34,2457.74,Charged Off
TXN-501689,2025-12-18 13:59:53,Mobile,Digital Banking,38568.93,N,,,0.0,0.0,Cleared - False Positive
TXN-501472,2025-12-19 04:09:33,Card,Payments & Cards,20693.09,N,,,0.0,0.0,Cleared - False Positive
TXN-502164,2025-12-20 05:43:05,ACH,Commercial Banking,12196.08,N,,,0.0,0.0,Cleared - False Positive
TXN-500730,2025-12-20 19:23:11,Online,Digital Banking,43719.8,Y,Card Not Present,ML Model,30330.57,4312.37,Charged Off
TXN-501519,2025-12-20 20:17:47,Online,Digital Banking,17439.66,N,,,0.0,0.0,Cleared - False Positive
TXN-502234,2025-12-21 05:11:22,Card,Payments & Cards,1142.33,N,,,0.0,0.0,Cleared - False Positive
TXN-501379,2025-12-21 05:15:20,ATM,Retail Banking,31278.28,Y,Card Not Present,ML Model,16014.49,1283.24,Confirmed Fraud
TXN-501996,2025-12-21 19:19:36,Online,Digital Banking,41390.47,Y,Account Takeover,Manual Review,14717.65,2878.72,Recovered
TXN-501662,2025-12-21 19:53:00,Mobile,Digital Banking,15536.54,Y,Account Takeover,Manual Review,9527.67,2778.16,Recovered
TXN-501780,2025-12-22 01:04:50,Card,Payments & Cards,25265.38,Y,Synthetic Identity,ML Model,21792.84,6166.67,Under Review
TXN-500326,2025-12-22 05:28:46,Online,Digital Banking,23440.53,N,,,0.0,0.0,Cleared - False Positive
TXN-501508,2025-12-22 21:07:24,Card,Payments & Cards,29764.76,Y,Card Not Present,Manual Review,26748.51,5779.19,Charged Off
TXN-500646,2025-12-23 03:10:15,Card,Payments & Cards,30294.34,N,,,0.0,0.0,Cleared - False Positive
TXN-500789,2025-12-23 03:32:47,Online,Digital Banking,6435.16,N,,,0.0,0.0,Cleared - False Positive
TXN-501615,2025-12-23 09:36:28,Online,Digital Banking,37040.38,N,,,0.0,0.0,Cleared - False Positive
TXN-501834,2025-12-23 14:56:39,Card,Payments & Cards,35517.22,Y,Card Not Present,Manual Review,31046.81,5460.89,Under Review
TXN-501750,2025-12-25 03:23:00,Mobile,Digital Banking,5200.35,Y,Account Takeover,Customer Reported,4223.87,46.1,Under Review
TXN-501456,2025-12-25 04:35:46,Online,Digital Banking,9326.05,N,,,0.0,0.0,Cleared - False Positive
TXN-500807,2025-12-25 11:31:12,Card,Payments & Cards,43649.53,Y,Synthetic Identity,ML Model,35164.07,19668.58,Under Review
TXN-501384,2025-12-25 11:38:14,Wire,Payments & Cards,64317.65,N,,,0.0,0.0,Cleared - False Positive
TXN-501986,2025-12-25 12:02:41,Online,Digital Banking,18073.92,N,,,0.0,0.0,Cleared - False Positive
TXN-500655,2025-12-25 16:35:40,Card,Payments & Cards,12767.01,N,,,0.0,0.0,Cleared - False Positive
TXN-500281,2025-12-25 19:26:24,ATM,Retail Banking,36533.78,N,,,0.0,0.0,Cleared - False Positive
TXN-501939,2025-12-26 09:43:23,Mobile,Digital Banking,5656.28,N,,,0.0,0.0,Cleared - False Positive
TXN-500930,2025-12-26 11:22:05,Wire,Payments & Cards,14633.73,N,,,0.0,0.0,Cleared - False Positive
TXN-501349,2025-12-26 11:37:52,Wire,Payments & Cards,189112.79,N,,,0.0,0.0,Cleared - False Positive
TXN-502057,2025-12-26 15:17:47,Card,Payments & Cards,32538.29,N,,,0.0,0.0,Cleared - False Positive
TXN-502295,2025-12-26 18:18:08,Online,Digital Banking,32586.22,N,,,0.0,0.0,Cleared - False Positive
TXN-501449,2025-12-26 18:22:07,Online,Digital Banking,17733.38,Y,Card Not Present,Manual Review,7255.37,496.24,Recovered
TXN-501605,2025-12-26 18:53:13,Card,Payments & Cards,44203.85,Y,Card Not Present,Manual Review,27670.63,849.67,Confirmed Fraud
TXN-502264,2025-12-27 05:09:09,Online,Digital Banking,43329.12,Y,Account Takeover,Rule Engine,18734.59,2475.81,Confirmed Fraud
TXN-500710,2025-12-27 14:09:27,Card,Payments & Cards,43096.38,N,,,0.0,0.0,Cleared - False Positive
TXN-500571,2025-12-27 18:40:12,Mobile,Digital Banking,3535.59,Y,Account Takeover,ML Model,1304.23,2.14,Recovered
TXN-500786,2025-12-27 18:47:52,ATM,Retail Banking,27401.08,N,,,0.0,0.0,Cleared - False Positive
TXN-501507,2025-12-27 23:18:08,Online,Digital Banking,34605.16,N,,,0.0,0.0,Cleared - False Positive
TXN-500505,2025-12-28 00:40:46,Card,Payments & Cards,42129.46,Y,Card Not Present,Customer Reported,20747.65,2125.65,Confirmed Fraud
TXN-500784,2025-12-28 05:28:05,Card,Payments & Cards,35827.2,N,,,0.0,0.0,Cleared - False Positive
TXN-502114,2025-12-28 18:07:31,ACH,Commercial Banking,23608.29,Y,Account Takeover,Customer Reported,15688.81,7010.23,Recovered
TXN-502097,2025-12-28 18:52:49,ACH,Commercial Banking,26972.93,N,,,0.0,0.0,Cleared - False Positive
TXN-500891,2025-12-28 20:24:58,Card,Payments & Cards,3888.44,Y,Synthetic Identity,ML Model,1702.01,48.24,Confirmed Fraud
TXN-500170,2025-12-28 22:01:00,ACH,Commercial Banking,29237.59,Y,Account Takeover,Rule Engine,18829.36,300.24,Under Review
TXN-500453,2025-12-29 00:35:32,Card,Payments & Cards,29777.79,Y,Card Not Present,Manual Review,26503.33,299.58,Recovered
TXN-501842,2025-12-29 09:08:45,ACH,Commercial Banking,23277.79,Y,Synthetic Identity,Rule Engine,7083.05,2063.49,Under Review
TXN-501853,2025-12-29 11:48:26,Online,Digital Banking,16304.07,N,,,0.0,0.0,Cleared - False Positive
TXN-502337,2025-12-29 11:48:28,Online,Digital Banking,30233.92,Y,Account Takeover,Customer Reported,20977.37,3223.22,Under Review
TXN-502250,2025-12-30 05:44:32,Card,Payments & Cards,25842.31,N,,,0.0,0.0,Cleared - False Positive
TXN-502145,2025-12-30 11:00:18,Card,Payments & Cards,20802.71,Y,Card Skimming,Rule Engine,13798.26,1075.64,Under Review
TXN-501275,2025-12-31 02:19:02,Card,Payments & Cards,28232.07,Y,Synthetic Identity,ML Model,17142.8,621.83,Recovered
TXN-501501,2025-12-31 09:57:21,ACH,Commercial Banking,40033.59,N,,,0.0,0.0,Cleared - False Positive
TXN-501477,2025-12-31 13:12:58,Wire,Payments & Cards,100262.75,N,,,0.0,0.0,Cleared - False Positive
TXN-502331,2026-01-01 03:35:05,Wire,Payments & Cards,65269.53,Y,Wire Fraud,ML Model,54415.15,12245.87,Under Review
TXN-502570,2026-01-01 06:04:49,ACH,Commercial Banking,18922.75,Y,Synthetic Identity,Rule Engine,16828.0,693.75,Charged Off
TXN-501220,2026-01-01 23:23:08,Mobile,Digital Banking,34059.54,N,,,0.0,0.0,Cleared - False Positive
TXN-502013,2026-01-02 12:44:36,ATM,Retail Banking,21140.02,Y,Card Skimming,Customer Reported,14499.07,2042.76,Under Review
TXN-501797,2026-01-03 01:06:42,Online,Digital Banking,38316.0,N,,,0.0,0.0,Cleared - False Positive
TXN-500873,2026-01-03 12:09:03,Card,Payments & Cards,12281.05,Y,Synthetic Identity,ML Model,6972.76,752.94,Under Review
TXN-501959,2026-01-03 21:11:08,ACH,Commercial Banking,7773.57,N,,,0.0,0.0,Cleared - False Positive
TXN-500668,2026-01-04 08:11:22,Card,Payments & Cards,25792.73,N,,,0.0,0.0,Cleared - False Positive
TXN-502451,2026-01-04 22:25:02,Card,Payments & Cards,44783.93,N,,,0.0,0.0,Cleared - False Positive
TXN-501715,2026-01-05 12:16:48,ATM,Retail Banking,40194.83,Y,Card Not Present,Manual Review,32679.26,3009.22,Recovered
TXN-502479,2026-01-05 19:54:28,Card,Payments & Cards,15865.47,N,,,0.0,0.0,Cleared - False Positive
TXN-500344,2026-01-06 02:02:26,ATM,Retail Banking,16260.7,Y,Card Not Present,Manual Review,9085.52,578.53,Recovered
TXN-500964,2026-01-06 02:49:11,Card,Payments & Cards,14673.99,Y,Synthetic Identity,ML Model,8674.95,2926.23,Confirmed Fraud
TXN-502110,2026-01-06 04:06:05,Online,Digital Banking,24233.92,N,,,0.0,0.0,Cleared - False Positive
TXN-500713,2026-01-06 06:48:12,Card,Payments & Cards,34507.41,N,,,0.0,0.0,Cleared - False Positive
TXN-500608,2026-01-06 23:19:23,Online,Digital Banking,22663.83,N,,,0.0,0.0,Cleared - False Positive
TXN-500446,2026-01-07 07:16:37,ACH,Commercial Banking,39845.88,N,,,0.0,0.0,Cleared - False Positive
TXN-502459,2026-01-07 10:07:09,Mobile,Digital Banking,11056.19,Y,Account Takeover,Rule Engine,9375.28,3207.87,Under Review
TXN-502174,2026-01-07 20:33:13,Online,Digital Banking,16043.7,N,,,0.0,0.0,Cleared - False Positive
TXN-501603,2026-01-08 20:57:39,ATM,Retail Banking,23875.37,N,,,0.0,0.0,Cleared - False Positive
TXN-501498,2026-01-08 21:59:17,ACH,Commercial Banking,12518.25,Y,Synthetic Identity,Manual Review,7417.18,2166.53,Recovered
TXN-500358,2026-01-09 07:03:23,Online,Digital Banking,8262.47,Y,Account Takeover,Manual Review,5623.43,2433.89,Recovered
TXN-501186,2026-01-09 12:16:57,Wire,Payments & Cards,223185.45,Y,Business Email Compromise,Manual Review,187566.27,4955.81,Recovered
TXN-502246,2026-01-09 15:20:20,Card,Payments & Cards,20873.13,N,,,0.0,0.0,Cleared - False Positive
TXN-501650,2026-01-09 15:48:37,Mobile,Digital Banking,40832.11,Y,Account Takeover,ML Model,15587.61,3547.51,Confirmed Fraud
TXN-502182,2026-01-09 18:48:45,Card,Payments & Cards,33803.69,N,,,0.0,0.0,Cleared - False Positive
TXN-500701,2026-01-10 01:17:23,ATM,Retail Banking,40164.38,N,,,0.0,0.0,Cleared - False Positive
TXN-501671,2026-01-10 06:27:08,Mobile,Digital Banking,44816.26,Y,Synthetic Identity,Rule Engine,20626.05,8911.52,Under Review
TXN-500320,2026-01-10 13:15:08,Online,Digital Banking,5011.28,Y,Account Takeover,Rule Engine,2785.77,163.7,Charged Off
TXN-501047,2026-01-11 00:30:57,ATM,Retail Banking,18154.73,N,,,0.0,0.0,Cleared - False Positive
TXN-500477,2026-01-11 13:10:18,ATM,Retail Banking,19927.19,N,,,0.0,0.0,Cleared - False Positive
TXN-502503,2026-01-11 17:37:55,Card,Payments & Cards,20693.79,Y,Synthetic Identity,Manual Review,8871.3,1558.71,Under Review
TXN-500179,2026-01-11 22:57:40,ATM,Retail Banking,8559.47,N,,,0.0,0.0,Cleared - False Positive
TXN-500536,2026-01-12 01:34:57,Online,Digital Banking,10120.18,Y,Card Not Present,Manual Review,6807.72,506.18,Confirmed Fraud
TXN-500478,2026-01-12 02:32:00,Card,Payments & Cards,14179.91,N,,,0.0,0.0,Cleared - False Positive
TXN-501774,2026-01-12 03:32:50,Online,Digital Banking,30165.35,N,,,0.0,0.0,Cleared - False Positive
TXN-501902,2026-01-12 06:39:15,Card,Payments & Cards,11796.55,N,,,0.0,0.0,Cleared - False Positive
TXN-501288,2026-01-12 15:43:14,Card,Payments & Cards,19945.26,N,,,0.0,0.0,Cleared - False Positive
TXN-502344,2026-01-12 19:03:12,ATM,Retail Banking,26617.65,Y,Card Skimming,Manual Review,20914.69,7611.13,Confirmed Fraud
TXN-501579,2026-01-13 06:32:45,ACH,Commercial Banking,10446.38,Y,Synthetic Identity,ML Model,6851.69,2206.61,Confirmed Fraud
TXN-500041,2026-01-13 13:09:09,Wire,Payments & Cards,229516.54,N,,,0.0,0.0,Cleared - False Positive
TXN-500899,2026-01-13 16:45:22,Online,Digital Banking,3827.97,Y,Account Takeover,Customer Reported,2041.99,34.68,Recovered
TXN-502467,2026-01-13 23:19:27,Online,Digital Banking,43243.07,Y,Account Takeover,Customer Reported,25144.89,4790.9,Charged Off
TXN-500954,2026-01-14 09:28:11,Card,Payments & Cards,17170.47,N,,,0.0,0.0,Cleared - False Positive
TXN-500984,2026-01-14 10:07:51,Mobile,Digital Banking,27704.18,Y,Synthetic Identity,ML Model,11522.58,968.41,Charged Off
TXN-500675,2026-01-14 10:40:56,Mobile,Digital Banking,20032.51,N,,,0.0,0.0,Cleared - False Positive
TXN-500493,2026-01-14 14:22:24,Online,Digital Banking,26301.98,N,,,0.0,0.0,Cleared - False Positive
TXN-501743,2026-01-14 18:19:49,ACH,Commercial Banking,25610.08,Y,Synthetic Identity,Manual Review,20112.2,7654.63,Charged Off
TXN-500178,2026-01-14 19:34:59,Wire,Payments & Cards,183924.94,N,,,0.0,0.0,Cleared - False Positive
TXN-501727,2026-01-15 08:54:39,Wire,Payments & Cards,122639.69,Y,Business Email Compromise,Customer Reported,66410.0,16273.22,Confirmed Fraud
TXN-502396,2026-01-15 12:08:38,Mobile,Digital Banking,35356.74,Y,Account Takeover,Manual Review,31137.96,9839.88,Under Review
TXN-500195,2026-01-15 23:00:18,ACH,Commercial Banking,36362.96,N,,,0.0,0.0,Cleared - False Positive
TXN-500203,2026-01-16 10:53:55,Mobile,Digital Banking,30525.33,N,,,0.0,0.0,Cleared - False Positive
TXN-502591,2026-01-16 15:06:25,Online,Digital Banking,38515.51,Y,Account Takeover,Manual Review,21190.82,1860.84,Confirmed Fraud
TXN-500095,2026-01-16 16:23:40,Wire,Payments & Cards,46379.61,Y,Wire Fraud,Rule Engine,35406.93,13999.08,Charged Off
TXN-500213,2026-01-17 04:13:02,Card,Payments & Cards,41956.53,N,,,0.0,0.0,Cleared - False Positive
TXN-500778,2026-01-17 13:44:47,ATM,Retail Banking,5648.5,Y,Card Skimming,Rule Engine,2560.1,210.49,Under Review
TXN-501598,2026-01-17 20:48:17,Mobile,Digital Banking,30020.71,Y,Synthetic Identity,ML Model,12338.96,754.35,Recovered
TXN-502059,2026-01-17 21:12:47,Online,Digital Banking,12147.0,Y,Account Takeover,Customer Reported,11869.28,5401.75,Charged Off
TXN-502321,2026-01-18 09:23:40,Online,Digital Banking,7061.2,N,,,0.0,0.0,Cleared - False Positive
TXN-500888,2026-01-18 10:33:02,Mobile,Digital Banking,29901.13,Y,Synthetic Identity,ML Model,10322.81,828.49,Recovered
TXN-502417,2026-01-18 13:10:49,ACH,Commercial Banking,18921.64,N,,,0.0,0.0,Cleared - False Positive
TXN-502190,2026-01-18 14:14:37,ATM,Retail Banking,4734.41,Y,Card Skimming,Customer Reported,3535.36,223.88,Confirmed Fraud
TXN-502589,2026-01-18 14:30:44,Wire,Payments & Cards,188026.17,Y,Business Email Compromise,Customer Reported,102746.06,10519.1,Under Review
TXN-502037,2026-01-18 17:16:42,Card,Payments & Cards,7440.52,N,,,0.0,0.0,Cleared - False Positive
TXN-501124,2026-01-19 08:18:53,Online,Digital Banking,16372.94,Y,Account Takeover,Rule Engine,15823.13,1307.78,Confirmed Fraud
TXN-501550,2026-01-19 10:31:29,Card,Payments & Cards,4986.53,Y,Card Skimming,Rule Engine,2470.97,8.7,Under Review
TXN-500124,2026-01-19 18:06:54,Online,Digital Banking,6952.84,Y,Card Not Present,Rule Engine,5205.12,180.5,Confirmed Fraud
TXN-501347,2026-01-20 15:09:32,Mobile,Digital Banking,17831.64,Y,Account Takeover,Manual Review,15514.51,481.16,Charged Off
TXN-500176,2026-01-20 23:21:08,Online,Digital Banking,35415.66,N,,,0.0,0.0,Cleared - False Positive
TXN-500566,2026-01-21 17:35:46,Online,Digital Banking,22275.75,Y,Card Not Present,ML Model,16632.72,5126.52,Charged Off
TXN-500127,2026-01-21 22:43:05,Online,Digital Banking,11532.12,Y,Account Takeover,Rule Engine,3565.27,1291.99,Under Review
TXN-501617,2026-01-21 23:16:32,Online,Digital Banking,12921.89,N,,,0.0,0.0,Cleared - False Positive
TXN-500944,2026-01-22 09:44:26,Card,Payments & Cards,24373.03,Y,Card Skimming,Manual Review,22674.18,5968.73,Confirmed Fraud
TXN-500242,2026-01-22 10:10:24,ACH,Commercial Banking,3538.99,N,,,0.0,0.0,Cleared - False Positive
TXN-500449,2026-01-22 22:55:17,Mobile,Digital Banking,3796.98,N,,,0.0,0.0,Cleared - False Positive
TXN-500774,2026-01-23 10:54:17,ACH,Commercial Banking,32520.63,N,,,0.0,0.0,Cleared - False Positive
TXN-501626,2026-01-23 16:17:25,Online,Digital Banking,15430.57,Y,Account Takeover,Rule Engine,9030.28,740.9,Confirmed Fraud
TXN-500867,2026-01-23 18:42:41,Online,Digital Banking,34226.75,Y,Card Not Present,ML Model,25967.92,1395.72,Charged Off
TXN-501556,2026-01-24 00:07:21,Card,Payments & Cards,900.26,N,,,0.0,0.0,Cleared - False Positive
TXN-501242,2026-01-24 00:27:28,Card,Payments & Cards,17326.21,Y,Synthetic Identity,ML Model,12030.55,5928.41,Under Review
TXN-502189,2026-01-24 10:53:43,ATM,Retail Banking,11835.89,Y,Card Skimming,Customer Reported,10095.25,992.27,Charged Off
TXN-502593,2026-01-24 14:48:05,ATM,Retail Banking,44915.06,Y,Card Skimming,Rule Engine,39774.45,16983.55,Under Review
TXN-501599,2026-01-24 15:41:17,Card,Payments & Cards,13945.13,N,,,0.0,0.0,Cleared - False Positive
TXN-502064,2026-01-24 21:39:35,Wire,Payments & Cards,83026.46,Y,Business Email Compromise,Rule Engine,80925.03,11602.11,Charged Off
TXN-501889,2026-01-24 23:19:56,ACH,Commercial Banking,27654.15,Y,Account Takeover,Rule Engine,23837.75,2226.16,Under Review
TXN-500257,2026-01-25 01:29:36,Card,Payments & Cards,23917.57,Y,Card Skimming,Manual Review,17396.2,1855.27,Recovered
TXN-501701,2026-01-25 22:08:03,Online,Digital Banking,16664.93,Y,Account Takeover,Customer Reported,11531.36,990.15,Recovered
TXN-501319,2026-01-26 00:15:15,Mobile,Digital Banking,43566.89,Y,Account Takeover,Rule Engine,15041.79,195.04,Under Review
TXN-502471,2026-01-26 04:51:34,Online,Digital Banking,10820.05,Y,Account Takeover,Customer Reported,8060.09,3868.12,Charged Off
TXN-502293,2026-01-26 05:20:35,ACH,Commercial Banking,133.42,N,,,0.0,0.0,Cleared - False Positive
TXN-502458,2026-01-26 05:54:46,ATM,Retail Banking,12234.52,N,,,0.0,0.0,Cleared - False Positive
TXN-500313,2026-01-26 14:21:24,ACH,Commercial Banking,35914.83,N,,,0.0,0.0,Cleared - False Positive
TXN-500053,2026-01-27 18:19:32,Online,Digital Banking,4211.68,N,,,0.0,0.0,Cleared - False Positive
TXN-500324,2026-01-27 19:24:02,Online,Digital Banking,20349.99,Y,Account Takeover,Customer Reported,8788.09,406.95,Charged Off
TXN-502036,2026-01-27 20:37:36,Mobile,Digital Banking,18281.14,N,,,0.0,0.0,Cleared - False Positive
TXN-502335,2026-01-27 23:20:45,Online,Digital Banking,21662.33,N,,,0.0,0.0,Cleared - False Positive
TXN-500948,2026-01-28 01:54:09,Mobile,Digital Banking,1428.15,N,,,0.0,0.0,Cleared - False Positive
TXN-500695,2026-01-28 04:32:23,Wire,Payments & Cards,154263.51,N,,,0.0,0.0,Cleared - False Positive
TXN-501092,2026-01-28 06:11:23,Mobile,Digital Banking,11521.05,Y,Account Takeover,ML Model,8548.26,994.12,Recovered
TXN-501561,2026-01-28 12:08:23,ACH,Commercial Banking,19398.43,N,,,0.0,0.0,Cleared - False Positive
TXN-501190,2026-01-28 13:12:14,ACH,Commercial Banking,31222.39,N,,,0.0,0.0,Cleared - False Positive
TXN-500227,2026-01-28 16:47:00,Wire,Payments & Cards,103653.76,N,,,0.0,0.0,Cleared - False Positive
TXN-500764,2026-01-28 19:31:22,Online,Digital Banking,17320.53,N,,,0.0,0.0,Cleared - False Positive
TXN-501069,2026-01-29 02:36:32,Wire,Payments & Cards,167634.23,N,,,0.0,0.0,Cleared - False Positive
TXN-500221,2026-01-29 02:51:35,ATM,Retail Banking,34013.32,N,,,0.0,0.0,Cleared - False Positive
TXN-500334,2026-01-29 10:58:46,Card,Payments & Cards,1141.14,N,,,0.0,0.0,Cleared - False Positive
TXN-500506,2026-01-29 22:05:41,Wire,Payments & Cards,147428.81,N,,,0.0,0.0,Cleared - False Positive
TXN-500734,2026-01-30 04:13:48,Card,Payments & Cards,15648.84,N,,,0.0,0.0,Cleared - False Positive
TXN-502559,2026-01-30 12:18:41,Mobile,Digital Banking,2122.1,Y,Account Takeover,Rule Engine,668.85,25.96,Confirmed Fraud
TXN-500278,2026-01-30 12:22:52,Card,Payments & Cards,20694.58,N,,,0.0,0.0,Cleared - False Positive
TXN-501004,2026-01-31 14:24:02,Online,Digital Banking,10335.46,N,,,0.0,0.0,Cleared - False Positive
TXN-501754,2026-02-01 00:29:17,Mobile,Digital Banking,20501.34,N,,,0.0,0.0,Cleared - False Positive
TXN-501269,2026-02-01 10:25:44,Card,Payments & Cards,25663.47,Y,Card Not Present,Rule Engine,14793.31,1588.83,Under Review
TXN-500988,2026-02-02 07:06:16,Card,Payments & Cards,37466.05,Y,Card Not Present,Customer Reported,18631.35,4519.29,Charged Off
TXN-501796,2026-02-02 18:20:14,Mobile,Digital Banking,43406.91,N,,,0.0,0.0,Cleared - False Positive
TXN-500024,2026-02-02 19:56:05,ATM,Retail Banking,13725.01,N,,,0.0,0.0,Cleared - False Positive
TXN-502192,2026-02-03 02:54:17,Card,Payments & Cards,41241.27,N,,,0.0,0.0,Cleared - False Positive
TXN-502460,2026-02-03 04:03:53,Wire,Payments & Cards,125748.49,N,,,0.0,0.0,Cleared - False Positive
TXN-500968,2026-02-03 04:24:51,Online,Digital Banking,23758.48,Y,Card Not Present,ML Model,18090.62,1790.05,Recovered
TXN-501860,2026-02-03 13:49:02,Mobile,Digital Banking,36887.76,N,,,0.0,0.0,Cleared - False Positive
TXN-502457,2026-02-03 15:59:25,Card,Payments & Cards,16566.54,N,,,0.0,0.0,Cleared - False Positive
TXN-502510,2026-02-03 21:35:37,Wire,Payments & Cards,67362.14,Y,Business Email Compromise,Manual Review,21955.18,5986.66,Confirmed Fraud
TXN-502186,2026-02-03 22:10:49,Mobile,Digital Banking,29822.61,N,,,0.0,0.0,Cleared - False Positive
TXN-502406,2026-02-03 22:32:38,Card,Payments & Cards,7231.29,N,,,0.0,0.0,Cleared - False Positive
TXN-502365,2026-02-05 03:10:04,Card,Payments & Cards,25775.18,N,,,0.0,0.0,Cleared - False Positive
TXN-500276,2026-02-05 08:13:22,Card,Payments & Cards,42937.91,N,,,0.0,0.0,Cleared - False Positive
TXN-500648,2026-02-05 08:46:15,Card,Payments & Cards,7686.08,N,,,0.0,0.0,Cleared - False Positive
TXN-501920,2026-02-05 12:08:07,ATM,Retail Banking,14618.37,Y,Card Not Present,ML Model,11861.84,2844.77,Confirmed Fraud
TXN-500001,2026-02-06 01:10:34,Wire,Payments & Cards,113422.33,N,,,0.0,0.0,Cleared - False Positive
TXN-501408,2026-02-06 02:34:55,Card,Payments & Cards,5730.46,N,,,0.0,0.0,Cleared - False Positive
TXN-502137,2026-02-06 10:52:58,Wire,Payments & Cards,124620.9,N,,,0.0,0.0,Cleared - False Positive
TXN-501091,2026-02-06 14:09:52,ACH,Commercial Banking,25103.42,Y,Account Takeover,Customer Reported,13617.51,1677.26,Charged Off
TXN-501894,2026-02-06 23:28:58,Mobile,Digital Banking,12629.28,N,,,0.0,0.0,Cleared - False Positive
TXN-501904,2026-02-07 13:35:08,Card,Payments & Cards,2984.68,N,,,0.0,0.0,Cleared - False Positive
TXN-500813,2026-02-07 15:52:11,Wire,Payments & Cards,211350.36,N,,,0.0,0.0,Cleared - False Positive
TXN-501130,2026-02-07 21:27:30,Card,Payments & Cards,21935.64,N,,,0.0,0.0,Cleared - False Positive
TXN-500574,2026-02-08 09:30:27,Card,Payments & Cards,13490.35,N,,,0.0,0.0,Cleared - False Positive
TXN-502111,2026-02-08 15:11:17,ACH,Commercial Banking,44614.7,Y,Synthetic Identity,Manual Review,16631.77,3087.51,Confirmed Fraud
TXN-500997,2026-02-08 17:30:40,Card,Payments & Cards,9867.5,N,,,0.0,0.0,Cleared - False Positive
TXN-500010,2026-02-08 19:33:10,Wire,Payments & Cards,87676.04,N,,,0.0,0.0,Cleared - False Positive
TXN-501608,2026-02-09 01:45:34,Mobile,Digital Banking,8953.88,N,,,0.0,0.0,Cleared - False Positive
TXN-500817,2026-02-09 03:37:48,Mobile,Digital Banking,22661.2,N,,,0.0,0.0,Cleared - False Positive
TXN-502148,2026-02-09 06:31:20,Card,Payments & Cards,37513.7,Y,Card Not Present,ML Model,31478.52,9.03,Confirmed Fraud
TXN-502496,2026-02-10 01:14:10,Mobile,Digital Banking,38581.65,Y,Account Takeover,ML Model,35323.15,1189.41,Confirmed Fraud
TXN-501863,2026-02-10 18:18:54,Online,Digital Banking,12019.1,N,,,0.0,0.0,Cleared - False Positive
TXN-501685,2026-02-10 18:28:43,ACH,Commercial Banking,36465.47,N,,,0.0,0.0,Cleared - False Positive
TXN-501509,2026-02-10 23:53:16,Card,Payments & Cards,30835.08,Y,Synthetic Identity,Manual Review,14551.61,416.71,Charged Off
TXN-501681,2026-02-11 00:35:18,ATM,Retail Banking,5726.8,N,,,0.0,0.0,Cleared - False Positive
TXN-502370,2026-02-11 15:49:56,Card,Payments & Cards,145.46,N,,,0.0,0.0,Cleared - False Positive
TXN-500336,2026-02-11 18:28:27,Wire,Payments & Cards,176510.11,N,,,0.0,0.0,Cleared - False Positive
TXN-500153,2026-02-11 19:03:05,Online,Digital Banking,24705.03,N,,,0.0,0.0,Cleared - False Positive
TXN-501253,2026-02-11 23:25:05,Card,Payments & Cards,14427.83,N,,,0.0,0.0,Cleared - False Positive
TXN-501937,2026-02-12 02:08:25,Card,Payments & Cards,17420.85,N,,,0.0,0.0,Cleared - False Positive
TXN-500790,2026-02-12 03:10:25,ACH,Commercial Banking,20477.26,Y,Account Takeover,Rule Engine,8457.74,516.47,Confirmed Fraud
TXN-502261,2026-02-12 15:28:59,ACH,Commercial Banking,11625.43,Y,Synthetic Identity,Manual Review,3675.27,1106.86,Charged Off
TXN-501596,2026-02-12 17:14:41,ACH,Commercial Banking,41891.87,N,,,0.0,0.0,Cleared - False Positive
TXN-500097,2026-02-13 01:57:35,Card,Payments & Cards,17877.62,N,,,0.0,0.0,Cleared - False Positive
TXN-500228,2026-02-13 05:47:23,ATM,Retail Banking,17284.06,Y,Card Not Present,ML Model,14674.51,3017.95,Charged Off
TXN-501286,2026-02-13 14:51:44,Wire,Payments & Cards,77071.3,Y,Business Email Compromise,Customer Reported,28983.06,3406.32,Confirmed Fraud
TXN-500115,2026-02-14 18:57:58,Card,Payments & Cards,21665.71,Y,Card Skimming,Rule Engine,19959.83,2252.6,Charged Off
TXN-500678,2026-02-15 09:16:59,Card,Payments & Cards,29246.61,Y,Card Skimming,ML Model,10478.41,679.71,Charged Off
TXN-500134,2026-02-15 11:49:13,Online,Digital Banking,18567.2,N,,,0.0,0.0,Cleared - False Positive
TXN-500186,2026-02-15 13:51:26,Card,Payments & Cards,7706.41,Y,Synthetic Identity,Rule Engine,6965.6,97.98,Under Review
TXN-501882,2026-02-15 23:21:24,Card,Payments & Cards,14182.49,Y,Synthetic Identity,Rule Engine,7395.81,293.07,Charged Off
TXN-501823,2026-02-16 05:17:45,Card,Payments & Cards,3601.28,Y,Synthetic Identity,Manual Review,3217.58,45.73,Charged Off
TXN-502563,2026-02-16 08:03:04,Card,Payments & Cards,190.03,N,,,0.0,0.0,Cleared - False Positive
TXN-500686,2026-02-16 09:52:07,Mobile,Digital Banking,40347.73,Y,Synthetic Identity,Customer Reported,17207.13,5640.92,Under Review
TXN-501524,2026-02-16 12:24:16,Card,Payments & Cards,36491.1,N,,,0.0,0.0,Cleared - False Positive
TXN-500819,2026-02-16 13:52:28,Card,Payments & Cards,38538.29,N,,,0.0,0.0,Cleared - False Positive
TXN-501869,2026-02-17 03:54:04,Card,Payments & Cards,30887.09,N,,,0.0,0.0,Cleared - False Positive
TXN-500410,2026-02-17 14:00:22,Card,Payments & Cards,43132.59,Y,Synthetic Identity,Customer Reported,16624.92,7416.77,Confirmed Fraud
TXN-501532,2026-02-17 23:57:12,Card,Payments & Cards,40291.76,N,,,0.0,0.0,Cleared - False Positive
TXN-501772,2026-02-19 08:22:07,Card,Payments & Cards,17950.75,N,,,0.0,0.0,Cleared - False Positive
TXN-502552,2026-02-19 08:33:28,Card,Payments & Cards,14515.67,N,,,0.0,0.0,Cleared - False Positive
TXN-502166,2026-02-19 11:49:22,Card,Payments & Cards,26308.83,Y,Synthetic Identity,Rule Engine,23393.51,1687.72,Under Review
TXN-500374,2026-02-19 14:49:43,Card,Payments & Cards,38494.35,Y,Card Not Present,Manual Review,35658.4,16122.31,Charged Off
TXN-501557,2026-02-19 15:16:54,Mobile,Digital Banking,85.69,Y,Account Takeover,Manual Review,69.65,12.8,Charged Off
TXN-501018,2026-02-20 02:57:53,ATM,Retail Banking,19168.08,Y,Card Skimming,ML Model,15906.07,1157.36,Charged Off
TXN-500023,2026-02-20 05:08:50,Card,Payments & Cards,246.24,N,,,0.0,0.0,Cleared - False Positive
TXN-501737,2026-02-21 11:12:58,Card,Payments & Cards,5514.6,N,,,0.0,0.0,Cleared - False Positive
TXN-501354,2026-02-21 13:37:40,ACH,Commercial Banking,7210.65,Y,Account Takeover,Rule Engine,3851.5,196.77,Recovered
TXN-500671,2026-02-21 19:31:49,Online,Digital Banking,23863.34,Y,Account Takeover,Rule Engine,19745.86,1618.75,Charged Off
TXN-501276,2026-02-22 05:51:55,Card,Payments & Cards,43388.66,Y,Synthetic Identity,ML Model,14994.77,81.39,Recovered
TXN-501712,2026-02-22 15:35:18,Wire,Payments & Cards,238908.74,N,,,0.0,0.0,Cleared - False Positive
TXN-502538,2026-02-22 22:01:35,Card,Payments & Cards,12853.39,Y,Synthetic Identity,Rule Engine,4670.85,985.17,Under Review
TXN-501807,2026-02-23 08:09:37,Wire,Payments & Cards,94658.02,Y,Business Email Compromise,Customer Reported,66897.06,22708.6,Charged Off
TXN-500865,2026-02-23 08:49:28,Mobile,Digital Banking,33092.37,Y,Account Takeover,ML Model,11668.41,735.75,Under Review
TXN-501711,2026-02-23 12:40:54,Wire,Payments & Cards,222601.22,N,,,0.0,0.0,Cleared - False Positive
TXN-502521,2026-02-23 17:35:03,ATM,Retail Banking,1934.35,Y,Card Skimming,Manual Review,1392.03,277.87,Charged Off
TXN-501844,2026-02-24 04:39:17,Card,Payments & Cards,3579.36,N,,,0.0,0.0,Cleared - False Positive
TXN-502495,2026-02-24 22:35:22,Wire,Payments & Cards,228885.74,N,,,0.0,0.0,Cleared - False Positive
TXN-502379,2026-02-25 10:22:14,Mobile,Digital Banking,9382.64,Y,Account Takeover,Customer Reported,4080.73,337.49,Charged Off
TXN-500727,2026-02-25 12:38:46,Online,Digital Banking,20192.73,N,,,0.0,0.0,Cleared - False Positive
TXN-501709,2026-02-26 02:11:22,Mobile,Digital Banking,37574.35,N,,,0.0,0.0,Cleared - False Positive
TXN-501523,2026-02-26 04:14:29,Mobile,Digital Banking,21314.87,N,,,0.0,0.0,Cleared - False Positive
TXN-502184,2026-02-26 13:30:19,Online,Digital Banking,40044.69,Y,Card Not Present,Rule Engine,33155.55,1303.5,Confirmed Fraud
TXN-501027,2026-02-26 19:41:52,Mobile,Digital Banking,9132.41,N,,,0.0,0.0,Cleared - False Positive
TXN-501360,2026-02-26 21:43:35,Card,Payments & Cards,44405.42,N,,,0.0,0.0,Cleared - False Positive
TXN-500504,2026-02-26 23:29:22,Card,Payments & Cards,25179.69,Y,Synthetic Identity,ML Model,17104.16,7442.97,Under Review
TXN-502143,2026-02-27 00:08:24,Mobile,Digital Banking,26796.1,Y,Synthetic Identity,Manual Review,12820.25,1672.53,Under Review
TXN-500473,2026-02-27 01:31:41,ACH,Commercial Banking,7533.74,Y,Synthetic Identity,Customer Reported,7064.31,194.44,Under Review
TXN-501337,2026-02-27 05:19:12,Online,Digital Banking,43050.91,N,,,0.0,0.0,Cleared - False Positive
TXN-501887,2026-02-27 07:05:12,ACH,Commercial Banking,24679.6,Y,Synthetic Identity,Customer Reported,13932.73,3424.81,Charged Off
TXN-501640,2026-02-27 08:18:18,ACH,Commercial Banking,9933.47,N,,,0.0,0.0,Cleared - False Positive
TXN-502434,2026-02-27 14:01:10,Card,Payments & Cards,43933.66,Y,Card Skimming,ML Model,14203.15,1746.76,Under Review
TXN-501905,2026-02-27 23:21:20,Mobile,Digital Banking,42696.64,Y,Synthetic Identity,Rule Engine,41941.22,12962.25,Confirmed Fraud
TXN-501397,2026-02-28 00:51:43,ACH,Commercial Banking,16513.07,N,,,0.0,0.0,Cleared - False Positive
TXN-501290,2026-02-28 05:40:28,Mobile,Digital Banking,25886.61,N,,,0.0,0.0,Cleared - False Positive
TXN-501949,2026-02-28 20:15:39,Online,Digital Banking,24445.51,Y,Account Takeover,Customer Reported,8834.82,1867.25,Recovered
TXN-500447,2026-02-28 21:51:27,ACH,Commercial Banking,34046.95,N,,,0.0,0.0,Cleared - False Positive
TXN-502491,2026-03-01 02:34:29,Card,Payments & Cards,5337.03,Y,Synthetic Identity,Customer Reported,3453.03,200.55,Charged Off
TXN-500982,2026-03-01 18:50:53,Online,Digital Banking,26100.67,N,,,0.0,0.0,Cleared - False Positive
TXN-501638,2026-03-01 20:23:00,ATM,Retail Banking,2483.67,N,,,0.0,0.0,Cleared - False Positive
TXN-502048,2026-03-02 15:31:58,Mobile,Digital Banking,43330.61,N,,,0.0,0.0,Cleared - False Positive
TXN-501658,2026-03-02 21:54:38,Card,Payments & Cards,35002.74,Y,Synthetic Identity,ML Model,27030.61,4135.57,Charged Off
TXN-501732,2026-03-02 23:51:44,Mobile,Digital Banking,8392.96,N,,,0.0,0.0,Cleared - False Positive
TXN-502384,2026-03-03 07:23:47,ATM,Retail Banking,15398.56,N,,,0.0,0.0,Cleared - False Positive
TXN-500354,2026-03-03 15:52:36,Online,Digital Banking,28267.26,N,,,0.0,0.0,Cleared - False Positive
TXN-501465,2026-03-03 18:25:15,Card,Payments & Cards,43566.46,N,,,0.0,0.0,Cleared - False Positive
TXN-500120,2026-03-04 06:47:41,Mobile,Digital Banking,14579.17,N,,,0.0,0.0,Cleared - False Positive
TXN-501876,2026-03-04 07:38:56,ATM,Retail Banking,23278.31,N,,,0.0,0.0,Cleared - False Positive
TXN-501358,2026-03-04 09:11:13,Card,Payments & Cards,1091.09,Y,Card Not Present,Customer Reported,984.44,115.4,Recovered
TXN-502549,2026-03-04 09:39:39,Card,Payments & Cards,16904.42,Y,Synthetic Identity,Customer Reported,9394.75,444.13,Confirmed Fraud
TXN-501821,2026-03-04 15:09:37,Wire,Payments & Cards,16263.31,N,,,0.0,0.0,Cleared - False Positive
TXN-501227,2026-03-05 06:59:57,Wire,Payments & Cards,212052.24,N,,,0.0,0.0,Cleared - False Positive
TXN-500773,2026-03-06 15:09:50,Card,Payments & Cards,8225.45,N,,,0.0,0.0,Cleared - False Positive
TXN-500385,2026-03-06 17:51:37,Mobile,Digital Banking,30848.13,N,,,0.0,0.0,Cleared - False Positive
TXN-502485,2026-03-06 21:14:28,Wire,Payments & Cards,47691.38,Y,Wire Fraud,ML Model,33936.78,11876.11,Charged Off
TXN-501677,2026-03-07 05:28:25,Online,Digital Banking,23537.23,N,,,0.0,0.0,Cleared - False Positive
TXN-500131,2026-03-07 22:46:02,ATM,Retail Banking,25137.89,N,,,0.0,0.0,Cleared - False Positive
TXN-501747,2026-03-08 03:24:24,Card,Payments & Cards,6731.71,N,,,0.0,0.0,Cleared - False Positive
TXN-502445,2026-03-08 05:01:34,Card,Payments & Cards,5325.31,N,,,0.0,0.0,Cleared - False Positive
TXN-500140,2026-03-08 14:33:22,Mobile,Digital Banking,9800.33,Y,Synthetic Identity,Rule Engine,8379.6,717.8,Recovered
TXN-500316,2026-03-08 21:15:01,Card,Payments & Cards,20478.74,N,,,0.0,0.0,Cleared - False Positive
TXN-500537,2026-03-09 00:55:25,ATM,Retail Banking,10168.75,N,,,0.0,0.0,Cleared - False Positive
TXN-500139,2026-03-09 05:37:58,Card,Payments & Cards,20727.43,Y,Card Skimming,Manual Review,11544.31,939.51,Confirmed Fraud
TXN-502498,2026-03-09 12:07:53,ATM,Retail Banking,6899.03,N,,,0.0,0.0,Cleared - False Positive
TXN-501440,2026-03-09 12:34:03,Wire,Payments & Cards,5613.28,N,,,0.0,0.0,Cleared - False Positive
TXN-500249,2026-03-10 01:52:45,Mobile,Digital Banking,13143.06,N,,,0.0,0.0,Cleared - False Positive
TXN-500391,2026-03-10 03:33:29,Online,Digital Banking,4520.55,N,,,0.0,0.0,Cleared - False Positive
TXN-501632,2026-03-10 13:41:05,Online,Digital Banking,29561.57,N,,,0.0,0.0,Cleared - False Positive
TXN-500009,2026-03-10 20:01:50,Wire,Payments & Cards,196115.85,Y,Wire Fraud,ML Model,190211.08,46715.57,Under Review
TXN-502194,2026-03-10 22:56:51,Online,Digital Banking,37506.09,N,,,0.0,0.0,Cleared - False Positive
TXN-501153,2026-03-11 07:16:53,Mobile,Digital Banking,19732.99,Y,Synthetic Identity,ML Model,13609.29,4602.06,Confirmed Fraud
TXN-500274,2026-03-12 00:08:05,ACH,Commercial Banking,42297.2,N,,,0.0,0.0,Cleared - False Positive
TXN-500070,2026-03-12 00:10:09,Card,Payments & Cards,18332.92,Y,Card Not Present,Manual Review,11957.07,285.38,Recovered
TXN-502140,2026-03-12 03:25:47,Card,Payments & Cards,20180.82,Y,Synthetic Identity,Manual Review,14433.8,1254.11,Charged Off
TXN-500333,2026-03-12 04:36:17,ACH,Commercial Banking,16647.85,Y,Synthetic Identity,Customer Reported,12750.38,1106.93,Charged Off
TXN-500079,2026-03-12 10:00:09,ACH,Commercial Banking,44298.07,N,,,0.0,0.0,Cleared - False Positive
TXN-500417,2026-03-13 02:59:38,Card,Payments & Cards,11247.17,N,,,0.0,0.0,Cleared - False Positive
TXN-502177,2026-03-13 09:21:19,Online,Digital Banking,28317.14,N,,,0.0,0.0,Cleared - False Positive
TXN-502212,2026-03-13 14:59:30,Mobile,Digital Banking,2039.76,N,,,0.0,0.0,Cleared - False Positive
TXN-502599,2026-03-13 17:43:49,Card,Payments & Cards,12287.66,N,,,0.0,0.0,Cleared - False Positive
TXN-500917,2026-03-13 18:27:30,Online,Digital Banking,23654.02,Y,Card Not Present,Customer Reported,16846.31,3430.88,Confirmed Fraud
TXN-502008,2026-03-13 22:58:48,Online,Digital Banking,35288.5,Y,Card Not Present,ML Model,34457.53,6505.17,Charged Off
TXN-502195,2026-03-14 01:42:39,Wire,Payments & Cards,37377.84,N,,,0.0,0.0,Cleared - False Positive
TXN-501165,2026-03-14 05:33:22,Card,Payments & Cards,6689.81,Y,Card Not Present,ML Model,2129.75,649.71,Recovered
TXN-501749,2026-03-14 15:07:51,ATM,Retail Banking,3737.5,N,,,0.0,0.0,Cleared - False Positive
TXN-500397,2026-03-14 18:10:31,Card,Payments & Cards,43296.03,N,,,0.0,0.0,Cleared - False Positive
TXN-501936,2026-03-15 00:28:30,Mobile,Digital Banking,17912.3,N,,,0.0,0.0,Cleared - False Positive
TXN-500578,2026-03-15 04:40:22,Card,Payments & Cards,33206.47,N,,,0.0,0.0,Cleared - False Positive
TXN-502318,2026-03-15 13:16:38,Mobile,Digital Banking,42283.34,N,,,0.0,0.0,Cleared - False Positive
TXN-500826,2026-03-15 15:37:23,Card,Payments & Cards,28639.58,N,,,0.0,0.0,Cleared - False Positive
TXN-502000,2026-03-15 15:39:17,Wire,Payments & Cards,81316.49,Y,Business Email Compromise,Rule Engine,24588.78,254.66,Recovered
TXN-500864,2026-03-15 17:24:02,Mobile,Digital Banking,43936.2,Y,Synthetic Identity,Rule Engine,20126.35,943.73,Recovered
TXN-500870,2026-03-15 23:36:24,Card,Payments & Cards,20753.72,Y,Card Not Present,Rule Engine,9720.91,975.34,Under Review
TXN-502355,2026-03-16 00:17:10,Card,Payments & Cards,38544.38,Y,Card Not Present,Rule Engine,35805.5,15963.59,Confirmed Fraud
TXN-502211,2026-03-16 08:22:15,Mobile,Digital Banking,35745.23,N,,,0.0,0.0,Cleared - False Positive
TXN-501541,2026-03-16 10:28:24,Card,Payments & Cards,27744.99,N,,,0.0,0.0,Cleared - False Positive
TXN-500192,2026-03-16 13:06:50,ATM,Retail Banking,4208.82,Y,Card Not Present,Rule Engine,3906.92,1458.35,Recovered
TXN-501056,2026-03-16 13:14:19,Wire,Payments & Cards,160635.56,N,,,0.0,0.0,Cleared - False Positive
TXN-500035,2026-03-16 14:45:01,Online,Digital Banking,9589.98,Y,Card Not Present,ML Model,6525.3,1846.02,Recovered
TXN-501114,2026-03-17 04:04:11,Online,Digital Banking,16503.57,N,,,0.0,0.0,Cleared - False Positive
TXN-501493,2026-03-17 08:42:39,Online,Digital Banking,19601.36,Y,Card Not Present,Rule Engine,18742.93,1116.37,Recovered
TXN-500322,2026-03-18 07:38:18,Online,Digital Banking,34244.65,Y,Card Not Present,Manual Review,22344.5,308.79,Recovered
TXN-502403,2026-03-18 13:09:17,ACH,Commercial Banking,8346.32,N,,,0.0,0.0,Cleared - False Positive
TXN-501101,2026-03-18 23:46:43,Wire,Payments & Cards,104858.26,Y,Wire Fraud,Rule Engine,76883.46,3962.74,Under Review
TXN-502464,2026-03-18 23:57:47,Card,Payments & Cards,38249.46,N,,,0.0,0.0,Cleared - False Positive
TXN-501578,2026-03-19 04:11:58,Online,Digital Banking,5722.52,Y,Account Takeover,ML Model,3960.24,609.14,Confirmed Fraud
TXN-502134,2026-03-19 06:04:55,Card,Payments & Cards,40450.45,N,,,0.0,0.0,Cleared - False Positive
TXN-502266,2026-03-19 09:57:06,Online,Digital Banking,19448.77,Y,Account Takeover,Rule Engine,7134.65,629.24,Charged Off
TXN-501353,2026-03-19 13:24:09,ACH,Commercial Banking,37310.07,Y,Synthetic Identity,Manual Review,25197.77,10297.95,Recovered
TXN-501826,2026-03-19 14:24:41,Mobile,Digital Banking,24738.85,Y,Synthetic Identity,Manual Review,17244.34,6175.98,Recovered
TXN-502104,2026-03-19 14:38:40,Card,Payments & Cards,11011.48,N,,,0.0,0.0,Cleared - False Positive
TXN-501131,2026-03-19 15:38:48,Online,Digital Banking,5036.35,N,,,0.0,0.0,Cleared - False Positive
TXN-500234,2026-03-20 00:17:44,Mobile,Digital Banking,22978.87,N,,,0.0,0.0,Cleared - False Positive
TXN-501944,2026-03-20 02:13:34,Mobile,Digital Banking,29773.89,N,,,0.0,0.0,Cleared - False Positive
TXN-501654,2026-03-20 16:08:26,Mobile,Digital Banking,28221.46,Y,Synthetic Identity,Customer Reported,12822.63,36.2,Under Review
TXN-500426,2026-03-20 23:33:54,ACH,Commercial Banking,484.2,Y,Account Takeover,Customer Reported,475.52,24.07,Under Review
TXN-500437,2026-03-21 00:09:00,ACH,Commercial Banking,25694.04,Y,Synthetic Identity,Manual Review,12135.56,342.04,Confirmed Fraud
TXN-500739,2026-03-21 03:52:31,Online,Digital Banking,30971.43,N,,,0.0,0.0,Cleared - False Positive
TXN-502239,2026-03-21 09:53:18,Card,Payments & Cards,37051.71,N,,,0.0,0.0,Cleared - False Positive
TXN-501713,2026-03-21 18:26:20,Wire,Payments & Cards,188695.35,N,,,0.0,0.0,Cleared - False Positive
TXN-500550,2026-03-21 19:42:08,Online,Digital Banking,6650.46,Y,Card Not Present,ML Model,3350.13,1009.64,Confirmed Fraud
TXN-501026,2026-03-22 11:07:55,Wire,Payments & Cards,191863.72,N,,,0.0,0.0,Cleared - False Positive
TXN-500406,2026-03-22 14:11:51,Online,Digital Banking,33483.27,N,,,0.0,0.0,Cleared - False Positive
TXN-502243,2026-03-22 19:39:45,Wire,Payments & Cards,95875.1,Y,Wire Fraud,Rule Engine,67350.41,4262.45,Charged Off
TXN-502482,2026-03-23 02:40:58,Card,Payments & Cards,26174.83,N,,,0.0,0.0,Cleared - False Positive
TXN-501619,2026-03-24 05:04:17,Online,Digital Banking,18339.41,Y,Account Takeover,Rule Engine,17589.7,3238.27,Charged Off
TXN-501748,2026-03-24 12:40:45,Mobile,Digital Banking,4179.53,Y,Synthetic Identity,ML Model,3166.53,269.28,Confirmed Fraud
TXN-502369,2026-03-24 13:36:13,Card,Payments & Cards,32530.91,N,,,0.0,0.0,Cleared - False Positive
TXN-501871,2026-03-24 19:12:45,ACH,Commercial Banking,6992.06,N,,,0.0,0.0,Cleared - False Positive
TXN-500724,2026-03-24 23:49:27,Online,Digital Banking,8697.88,N,,,0.0,0.0,Cleared - False Positive
TXN-501322,2026-03-25 06:12:34,Card,Payments & Cards,15893.22,N,,,0.0,0.0,Cleared - False Positive
TXN-500454,2026-03-25 16:33:57,Online,Digital Banking,20258.66,N,,,0.0,0.0,Cleared - False Positive
TXN-501827,2026-03-26 09:30:38,ATM,Retail Banking,36165.0,Y,Card Skimming,Rule Engine,26385.55,7771.2,Under Review
TXN-501843,2026-03-26 18:47:48,ATM,Retail Banking,21664.39,N,,,0.0,0.0,Cleared - False Positive
TXN-500006,2026-03-26 19:54:05,Online,Digital Banking,8857.18,N,,,0.0,0.0,Cleared - False Positive
TXN-500980,2026-03-27 18:32:44,Card,Payments & Cards,40304.05,N,,,0.0,0.0,Cleared - False Positive
TXN-500723,2026-03-27 19:15:19,Mobile,Digital Banking,10736.58,Y,Synthetic Identity,Rule Engine,3876.57,155.75,Confirmed Fraud
TXN-500056,2026-03-27 20:58:33,Card,Payments & Cards,6042.06,N,,,0.0,0.0,Cleared - False Positive
TXN-502393,2026-03-28 06:33:56,Online,Digital Banking,43611.34,Y,Card Not Present,ML Model,28122.63,4615.63,Charged Off
TXN-502577,2026-03-28 09:21:59,Online,Digital Banking,4582.29,Y,Account Takeover,Manual Review,3493.41,628.73,Recovered
TXN-501930,2026-03-28 13:19:52,Mobile,Digital Banking,41107.22,N,,,0.0,0.0,Cleared - False Positive
TXN-500348,2026-03-28 13:40:53,Card,Payments & Cards,18437.54,N,,,0.0,0.0,Cleared - False Positive
TXN-500287,2026-03-29 02:19:43,Online,Digital Banking,4802.78,N,,,0.0,0.0,Cleared - False Positive
TXN-500312,2026-03-29 05:25:25,ATM,Retail Banking,40423.37,Y,Card Skimming,Rule Engine,13260.53,2878.17,Under Review
TXN-502225,2026-03-29 09:54:26,Card,Payments & Cards,9694.81,Y,Card Not Present,Customer Reported,8610.27,197.72,Recovered
TXN-500310,2026-03-29 17:14:21,Online,Digital Banking,12577.11,N,,,0.0,0.0,Cleared - False Positive
TXN-501663,2026-03-30 01:47:26,Online,Digital Banking,7607.84,N,,,0.0,0.0,Cleared - False Positive
TXN-500687,2026-03-30 04:38:41,Card,Payments & Cards,30905.89,N,,,0.0,0.0,Cleared - False Positive
TXN-502033,2026-03-30 07:42:04,Mobile,Digital Banking,20299.65,N,,,0.0,0.0,Cleared - False Positive
TXN-501895,2026-03-30 14:39:57,ATM,Retail Banking,19619.7,Y,Card Skimming,Rule Engine,14169.56,2079.55,Under Review
TXN-502380,2026-03-30 15:32:15,Card,Payments & Cards,36536.82,Y,Synthetic Identity,Rule Engine,30056.46,6263.25,Charged Off
TXN-500219,2026-03-30 22:55:05,Online,Digital Banking,31477.46,N,,,0.0,0.0,Cleared - False Positive
TXN-501390,2026-03-31 01:01:40,ATM,Retail Banking,20010.46,N,,,0.0,0.0,Cleared - False Positive
TXN-500889,2026-03-31 04:29:38,Card,Payments & Cards,13775.85,N,,,0.0,0.0,Cleared - False Positive
TXN-501326,2026-03-31 06:41:45,Card,Payments & Cards,757.19,N,,,0.0,0.0,Cleared - False Positive
TXN-501148,2026-03-31 17:06:27,ATM,Retail Banking,42602.93,N,,,0.0,0.0,Cleared - False Positive
TXN-501910,2026-03-31 20:13:08,Mobile,Digital Banking,38936.9,Y,Account Takeover,Rule Engine,27903.14,2205.95,Under Review
TXN-500214,2026-04-01 03:10:13,Wire,Payments & Cards,222351.88,Y,Business Email Compromise,ML Model,70204.53,20411.17,Recovered
TXN-500547,2026-04-02 02:27:33,Mobile,Digital Banking,37838.26,N,,,0.0,0.0,Cleared - False Positive
TXN-501426,2026-04-02 03:56:06,ACH,Commercial Banking,17422.07,Y,Synthetic Identity,Rule Engine,6725.64,3049.57,Confirmed Fraud
TXN-500206,2026-04-02 04:15:15,Online,Digital Banking,33824.28,N,,,0.0,0.0,Cleared - False Positive
TXN-501790,2026-04-02 10:31:33,Mobile,Digital Banking,41040.39,N,,,0.0,0.0,Cleared - False Positive
TXN-501801,2026-04-02 14:40:52,Card,Payments & Cards,29164.88,Y,Card Not Present,Manual Review,19179.66,4698.78,Charged Off
TXN-501141,2026-04-02 15:10:45,Online,Digital Banking,12136.86,N,,,0.0,0.0,Cleared - False Positive
TXN-500145,2026-04-02 20:56:39,ACH,Commercial Banking,10009.41,Y,Account Takeover,Rule Engine,4039.88,387.75,Under Review
TXN-501759,2026-04-03 12:34:11,Card,Payments & Cards,31261.34,N,,,0.0,0.0,Cleared - False Positive
TXN-500464,2026-04-03 20:10:53,ATM,Retail Banking,1685.03,Y,Card Not Present,Manual Review,779.05,0.54,Confirmed Fraud
TXN-500064,2026-04-04 02:05:31,ATM,Retail Banking,36913.89,N,,,0.0,0.0,Cleared - False Positive
TXN-500805,2026-04-04 07:13:45,Card,Payments & Cards,30064.95,N,,,0.0,0.0,Cleared - False Positive
TXN-500427,2026-04-04 09:19:44,Card,Payments & Cards,25073.86,Y,Card Not Present,Rule Engine,15787.82,2035.11,Confirmed Fraud
TXN-502541,2026-04-04 13:30:27,Card,Payments & Cards,22209.69,N,,,0.0,0.0,Cleared - False Positive
TXN-500516,2026-04-05 09:08:04,Online,Digital Banking,17119.31,Y,Account Takeover,Rule Engine,12148.06,169.19,Recovered
TXN-501235,2026-04-05 17:52:11,ACH,Commercial Banking,34401.15,Y,Account Takeover,Manual Review,15502.63,2264.14,Recovered
TXN-501874,2026-04-05 19:40:37,Online,Digital Banking,17172.61,Y,Card Not Present,ML Model,6740.95,458.77,Under Review
TXN-502488,2026-04-06 03:04:53,Card,Payments & Cards,5689.94,Y,Card Not Present,Customer Reported,5278.92,45.56,Under Review
TXN-500672,2026-04-06 06:33:04,Card,Payments & Cards,20136.53,Y,Card Not Present,Manual Review,7856.69,156.72,Confirmed Fraud
TXN-500121,2026-04-06 20:11:22,Card,Payments & Cards,23910.56,N,,,0.0,0.0,Cleared - False Positive
TXN-500963,2026-04-07 08:32:42,Wire,Payments & Cards,19831.05,N,,,0.0,0.0,Cleared - False Positive
TXN-501802,2026-04-07 15:25:05,Mobile,Digital Banking,22720.81,N,,,0.0,0.0,Cleared - False Positive
TXN-500525,2026-04-08 13:01:59,Wire,Payments & Cards,209866.88,N,,,0.0,0.0,Cleared - False Positive
TXN-502141,2026-04-09 09:56:00,Mobile,Digital Banking,28279.79,Y,Synthetic Identity,Rule Engine,23096.72,7117.93,Under Review
TXN-501641,2026-04-09 13:10:22,Mobile,Digital Banking,40435.52,N,,,0.0,0.0,Cleared - False Positive
TXN-500762,2026-04-09 23:10:40,Wire,Payments & Cards,200634.16,N,,,0.0,0.0,Cleared - False Positive
TXN-502428,2026-04-10 00:34:57,Online,Digital Banking,1481.91,N,,,0.0,0.0,Cleared - False Positive
TXN-501335,2026-04-10 09:41:06,Card,Payments & Cards,17543.15,Y,Card Skimming,Customer Reported,14005.32,2377.56,Charged Off
TXN-500054,2026-04-10 19:38:05,Online,Digital Banking,40365.66,N,,,0.0,0.0,Cleared - False Positive
TXN-501787,2026-04-10 20:15:47,Online,Digital Banking,4610.45,N,,,0.0,0.0,Cleared - False Positive
TXN-500637,2026-04-11 15:38:09,Wire,Payments & Cards,170624.07,Y,Business Email Compromise,Customer Reported,148748.88,55855.15,Confirmed Fraud
TXN-501388,2026-04-11 17:05:09,Card,Payments & Cards,13955.41,N,,,0.0,0.0,Cleared - False Positive
TXN-502515,2026-04-11 19:52:36,Card,Payments & Cards,3682.94,N,,,0.0,0.0,Cleared - False Positive
TXN-501315,2026-04-12 06:46:27,ACH,Commercial Banking,32925.78,N,,,0.0,0.0,Cleared - False Positive
TXN-500588,2026-04-12 08:59:13,ACH,Commercial Banking,40965.41,N,,,0.0,0.0,Cleared - False Positive
TXN-500381,2026-04-12 11:54:14,Card,Payments & Cards,27996.06,Y,Card Not Present,Customer Reported,21354.17,3278.88,Charged Off
TXN-500052,2026-04-13 03:30:22,Card,Payments & Cards,40574.34,N,,,0.0,0.0,Cleared - False Positive
TXN-500089,2026-04-13 07:14:37,Mobile,Digital Banking,29250.95,N,,,0.0,0.0,Cleared - False Positive
TXN-500846,2026-04-14 13:56:46,ACH,Commercial Banking,25530.05,Y,Synthetic Identity,Manual Review,15690.32,8022.58,Under Review
TXN-501862,2026-04-14 14:05:28,ATM,Retail Banking,37205.04,Y,Card Skimming,ML Model,12026.16,3483.28,Recovered
TXN-502245,2026-04-14 19:30:36,Online,Digital Banking,11503.36,N,,,0.0,0.0,Cleared - False Positive
TXN-501110,2026-04-14 23:33:35,ATM,Retail Banking,32170.09,N,,,0.0,0.0,Cleared - False Positive
TXN-502561,2026-04-15 00:19:51,Online,Digital Banking,21757.55,N,,,0.0,0.0,Cleared - False Positive
TXN-500851,2026-04-15 02:43:27,Mobile,Digital Banking,29089.23,N,,,0.0,0.0,Cleared - False Positive
TXN-502020,2026-04-15 10:37:57,Card,Payments & Cards,6945.51,N,,,0.0,0.0,Cleared - False Positive
TXN-502249,2026-04-15 22:46:02,Card,Payments & Cards,8898.17,Y,Card Not Present,Customer Reported,4404.79,310.73,Confirmed Fraud
TXN-501837,2026-04-16 01:03:06,ACH,Commercial Banking,10928.4,N,,,0.0,0.0,Cleared - False Positive
TXN-502596,2026-04-16 10:07:15,Online,Digital Banking,9582.35,N,,,0.0,0.0,Cleared - False Positive
TXN-500934,2026-04-17 01:17:14,Wire,Payments & Cards,18155.39,Y,Wire Fraud,Rule Engine,16725.89,622.04,Confirmed Fraud
TXN-501140,2026-04-17 05:43:15,Wire,Payments & Cards,129358.34,N,,,0.0,0.0,Cleared - False Positive
TXN-501433,2026-04-17 06:01:51,Online,Digital Banking,41294.8,Y,Account Takeover,Customer Reported,19290.43,2069.65,Under Review
TXN-501256,2026-04-17 14:09:21,Card,Payments & Cards,44653.09,N,,,0.0,0.0,Cleared - False Positive
TXN-500617,2026-04-17 15:46:50,Online,Digital Banking,36885.78,N,,,0.0,0.0,Cleared - False Positive
TXN-501159,2026-04-17 23:40:19,ATM,Retail Banking,33840.79,N,,,0.0,0.0,Cleared - False Positive
TXN-500788,2026-04-18 22:05:44,Card,Payments & Cards,6875.02,N,,,0.0,0.0,Cleared - False Positive
TXN-501330,2026-04-19 04:26:10,Mobile,Digital Banking,23843.06,Y,Synthetic Identity,Customer Reported,20623.94,3951.66,Confirmed Fraud
TXN-500059,2026-04-19 10:01:58,ATM,Retail Banking,17897.49,Y,Card Not Present,Manual Review,7608.29,1234.68,Recovered
TXN-502099,2026-04-19 11:24:14,Card,Payments & Cards,30690.56,N,,,0.0,0.0,Cleared - False Positive
TXN-501420,2026-04-20 05:04:15,Online,Digital Banking,30981.18,Y,Card Not Present,Customer Reported,24748.84,1678.7,Charged Off
TXN-500369,2026-04-20 08:48:16,ACH,Commercial Banking,3093.8,N,,,0.0,0.0,Cleared - False Positive
TXN-500291,2026-04-20 13:41:40,Online,Digital Banking,723.05,N,,,0.0,0.0,Cleared - False Positive
TXN-500093,2026-04-20 20:48:45,Wire,Payments & Cards,226814.73,Y,Business Email Compromise,Manual Review,104278.65,5776.48,Under Review
TXN-501502,2026-04-20 22:17:25,Card,Payments & Cards,34641.64,N,,,0.0,0.0,Cleared - False Positive
TXN-501814,2026-04-21 01:29:45,Online,Digital Banking,6202.92,Y,Card Not Present,Rule Engine,2518.0,786.57,Under Review
TXN-502089,2026-04-21 01:49:13,Mobile,Digital Banking,40090.68,N,,,0.0,0.0,Cleared - False Positive
TXN-500448,2026-04-21 06:47:06,ACH,Commercial Banking,19182.25,Y,Account Takeover,ML Model,18823.35,4947.56,Under Review
TXN-501734,2026-04-22 07:47:42,Online,Digital Banking,39672.51,N,,,0.0,0.0,Cleared - False Positive
TXN-501412,2026-04-22 18:33:07,Online,Digital Banking,29078.92,N,,,0.0,0.0,Cleared - False Positive
TXN-500199,2026-04-23 01:03:36,Online,Digital Banking,8746.82,N,,,0.0,0.0,Cleared - False Positive
TXN-500288,2026-04-23 08:01:50,Card,Payments & Cards,9134.8,Y,Synthetic Identity,ML Model,7078.36,1343.78,Recovered
TXN-500939,2026-04-23 13:23:16,Wire,Payments & Cards,86109.85,N,,,0.0,0.0,Cleared - False Positive
TXN-501687,2026-04-23 16:27:25,Card,Payments & Cards,35115.55,N,,,0.0,0.0,Cleared - False Positive
TXN-502311,2026-04-23 17:06:41,ATM,Retail Banking,6975.2,N,,,0.0,0.0,Cleared - False Positive
TXN-501086,2026-04-23 18:42:56,ACH,Commercial Banking,35721.68,N,,,0.0,0.0,Cleared - False Positive
TXN-501934,2026-04-23 22:26:58,Online,Digital Banking,43193.8,Y,Account Takeover,Rule Engine,40451.5,5668.93,Recovered
TXN-500977,2026-04-24 03:55:25,ATM,Retail Banking,2054.79,N,,,0.0,0.0,Cleared - False Positive
TXN-501473,2026-04-24 13:32:54,Online,Digital Banking,43005.97,Y,Card Not Present,Manual Review,31913.32,972.87,Charged Off
TXN-501721,2026-04-24 13:56:49,Wire,Payments & Cards,155180.59,N,,,0.0,0.0,Cleared - False Positive
TXN-500816,2026-04-24 14:58:27,Card,Payments & Cards,33752.47,N,,,0.0,0.0,Cleared - False Positive
TXN-500173,2026-04-24 17:50:17,Mobile,Digital Banking,39007.54,N,,,0.0,0.0,Cleared - False Positive
TXN-501417,2026-04-24 22:59:14,Card,Payments & Cards,28317.88,N,,,0.0,0.0,Cleared - False Positive
TXN-502259,2026-04-25 01:37:42,Wire,Payments & Cards,135673.37,N,,,0.0,0.0,Cleared - False Positive
TXN-501927,2026-04-25 12:22:16,Card,Payments & Cards,12727.73,N,,,0.0,0.0,Cleared - False Positive
TXN-501593,2026-04-25 12:55:40,Online,Digital Banking,784.41,N,,,0.0,0.0,Cleared - False Positive
TXN-500830,2026-04-25 19:47:40,ATM,Retail Banking,3563.19,Y,Card Skimming,ML Model,3521.82,1042.5,Charged Off
TXN-500286,2026-04-26 01:40:03,Card,Payments & Cards,29202.41,Y,Synthetic Identity,Customer Reported,9781.95,1431.68,Charged Off
TXN-501192,2026-04-26 08:14:16,Online,Digital Banking,33804.67,Y,Card Not Present,Customer Reported,30451.47,4878.73,Recovered
TXN-500012,2026-04-26 19:18:53,ACH,Commercial Banking,25268.83,N,,,0.0,0.0,Cleared - False Positive
TXN-502150,2026-04-26 21:39:48,Online,Digital Banking,11800.78,N,,,0.0,0.0,Cleared - False Positive
TXN-500457,2026-04-26 22:27:17,Wire,Payments & Cards,168613.88,N,,,0.0,0.0,Cleared - False Positive
TXN-501362,2026-04-27 01:49:17,Online,Digital Banking,42606.48,N,,,0.0,0.0,Cleared - False Positive
TXN-500541,2026-04-27 15:57:58,Online,Digital Banking,28148.19,N,,,0.0,0.0,Cleared - False Positive
TXN-500913,2026-04-27 16:10:58,Card,Payments & Cards,40819.49,N,,,0.0,0.0,Cleared - False Positive
TXN-502092,2026-04-27 22:28:24,Card,Payments & Cards,15986.08,N,,,0.0,0.0,Cleared - False Positive
TXN-500190,2026-04-27 22:53:16,Mobile,Digital Banking,37139.86,Y,Account Takeover,Rule Engine,12573.5,382.78,Recovered
TXN-501444,2026-04-28 01:53:54,Mobile,Digital Banking,35243.87,N,,,0.0,0.0,Cleared - False Positive
TXN-501515,2026-04-28 03:08:47,ATM,Retail Banking,7319.9,Y,Card Skimming,Rule Engine,4648.75,1628.98,Recovered
TXN-500549,2026-04-28 16:11:17,Card,Payments & Cards,6212.52,Y,Card Not Present,Manual Review,3219.12,807.94,Recovered
TXN-502279,2026-04-29 03:12:29,Wire,Payments & Cards,2207.47,N,,,0.0,0.0,Cleared - False Positive
TXN-501932,2026-04-29 07:52:21,ATM,Retail Banking,34783.3,Y,Card Skimming,ML Model,10508.14,2058.62,Under Review
TXN-500951,2026-04-29 15:48:15,Online,Digital Banking,35221.92,N,,,0.0,0.0,Cleared - False Positive
TXN-502221,2026-04-30 04:06:14,ATM,Retail Banking,15722.82,N,,,0.0,0.0,Cleared - False Positive
TXN-502100,2026-05-01 06:36:50,Wire,Payments & Cards,158847.88,Y,Business Email Compromise,Customer Reported,93701.25,6815.83,Under Review
TXN-502536,2026-05-01 19:25:19,ACH,Commercial Banking,6004.5,N,,,0.0,0.0,Cleared - False Positive
TXN-501306,2026-05-02 00:23:19,Online,Digital Banking,884.16,Y,Card Not Present,Customer Reported,500.45,7.26,Recovered
TXN-501726,2026-05-02 03:22:17,Card,Payments & Cards,33228.57,N,,,0.0,0.0,Cleared - False Positive
TXN-500737,2026-05-03 00:22:44,Online,Digital Banking,9883.2,N,,,0.0,0.0,Cleared - False Positive
TXN-502280,2026-05-03 07:27:44,ATM,Retail Banking,13924.56,N,,,0.0,0.0,Cleared - False Positive
TXN-500161,2026-05-03 11:00:26,Card,Payments & Cards,44021.43,N,,,0.0,0.0,Cleared - False Positive
TXN-500236,2026-05-03 11:34:57,Online,Digital Banking,18283.35,N,,,0.0,0.0,Cleared - False Positive
TXN-501657,2026-05-03 17:15:46,ATM,Retail Banking,41540.59,N,,,0.0,0.0,Cleared - False Positive
TXN-500993,2026-05-04 01:17:50,ATM,Retail Banking,28235.28,Y,Card Not Present,Customer Reported,25707.67,664.65,Charged Off
TXN-500017,2026-05-04 02:23:01,Card,Payments & Cards,28335.56,Y,Synthetic Identity,Customer Reported,16914.82,567.19,Confirmed Fraud
TXN-500829,2026-05-05 09:28:28,Online,Digital Banking,7174.21,Y,Account Takeover,ML Model,2620.64,432.55,Confirmed Fraud
TXN-502275,2026-05-05 15:33:16,Card,Payments & Cards,4048.92,Y,Card Skimming,Customer Reported,3897.3,19.28,Under Review
TXN-501228,2026-05-05 20:57:06,Online,Digital Banking,44061.32,N,,,0.0,0.0,Cleared - False Positive
TXN-502517,2026-05-06 00:45:57,Mobile,Digital Banking,24047.34,Y,Synthetic Identity,Customer Reported,12629.35,1557.19,Recovered
TXN-501278,2026-05-06 01:16:53,Mobile,Digital Banking,3345.1,N,,,0.0,0.0,Cleared - False Positive
TXN-501293,2026-05-06 01:17:07,Mobile,Digital Banking,35417.56,Y,Account Takeover,Rule Engine,33438.44,5782.87,Recovered
TXN-501558,2026-05-06 14:38:04,Mobile,Digital Banking,43230.22,N,,,0.0,0.0,Cleared - False Positive
TXN-501212,2026-05-06 15:43:16,Mobile,Digital Banking,1173.31,N,,,0.0,0.0,Cleared - False Positive
TXN-501184,2026-05-06 21:00:54,Wire,Payments & Cards,248178.35,N,,,0.0,0.0,Cleared - False Positive
TXN-501684,2026-05-07 02:24:13,Mobile,Digital Banking,12774.8,N,,,0.0,0.0,Cleared - False Positive
TXN-502091,2026-05-07 08:12:41,Mobile,Digital Banking,15876.43,N,,,0.0,0.0,Cleared - False Positive
TXN-500716,2026-05-07 23:06:02,Card,Payments & Cards,5438.34,Y,Card Skimming,ML Model,5401.79,1283.72,Confirmed Fraud
TXN-501645,2026-05-08 02:39:02,ATM,Retail Banking,9764.11,N,,,0.0,0.0,Cleared - False Positive
TXN-501918,2026-05-08 10:50:48,Wire,Payments & Cards,34905.99,Y,Business Email Compromise,Rule Engine,11768.59,5343.34,Under Review
TXN-500463,2026-05-08 15:43:15,ATM,Retail Banking,38190.76,N,,,0.0,0.0,Cleared - False Positive
TXN-502017,2026-05-08 15:49:42,ATM,Retail Banking,34296.78,N,,,0.0,0.0,Cleared - False Positive
TXN-501463,2026-05-08 18:58:20,Wire,Payments & Cards,112365.49,Y,Business Email Compromise,Rule Engine,60997.38,4397.59,Under Review
TXN-501057,2026-05-09 06:12:24,Card,Payments & Cards,37565.89,Y,Synthetic Identity,Manual Review,26224.67,6783.97,Charged Off
TXN-502022,2026-05-09 06:42:14,Card,Payments & Cards,43126.78,Y,Card Skimming,Manual Review,18463.8,9772.4,Charged Off
TXN-501609,2026-05-09 07:12:30,ACH,Commercial Banking,6079.12,N,,,0.0,0.0,Cleared - False Positive
TXN-501313,2026-05-09 12:02:51,Online,Digital Banking,4780.36,Y,Account Takeover,Rule Engine,2101.76,76.35,Confirmed Fraud
TXN-501891,2026-05-09 19:00:16,Mobile,Digital Banking,37400.04,Y,Account Takeover,Manual Review,19145.38,772.36,Charged Off
TXN-500837,2026-05-09 22:05:15,Online,Digital Banking,5291.98,Y,Card Not Present,ML Model,3380.19,680.52,Recovered
TXN-501766,2026-05-09 23:22:33,Card,Payments & Cards,31560.02,N,,,0.0,0.0,Cleared - False Positive
TXN-502016,2026-05-10 06:39:31,Online,Digital Banking,43365.31,N,,,0.0,0.0,Cleared - False Positive
TXN-502210,2026-05-11 09:26:09,Mobile,Digital Banking,20408.88,N,,,0.0,0.0,Cleared - False Positive
TXN-500116,2026-05-11 15:48:26,Wire,Payments & Cards,42256.41,Y,Wire Fraud,Customer Reported,24384.73,3445.76,Charged Off
TXN-500614,2026-05-12 05:09:10,ATM,Retail Banking,5667.73,Y,Card Skimming,Manual Review,2637.86,89.69,Charged Off
TXN-502572,2026-05-12 14:41:32,Online,Digital Banking,35799.95,N,,,0.0,0.0,Cleared - False Positive
TXN-500144,2026-05-12 23:01:02,Wire,Payments & Cards,76543.46,Y,Wire Fraud,Customer Reported,40474.81,2595.97,Under Review
TXN-501851,2026-05-13 06:08:45,Wire,Payments & Cards,66549.41,N,,,0.0,0.0,Cleared - False Positive
TXN-502024,2026-05-13 17:25:55,Online,Digital Banking,11024.0,N,,,0.0,0.0,Cleared - False Positive
TXN-500600,2026-05-13 19:02:14,Mobile,Digital Banking,32244.14,N,,,0.0,0.0,Cleared - False Positive
TXN-501383,2026-05-13 22:23:03,Mobile,Digital Banking,30566.7,N,,,0.0,0.0,Cleared - False Positive
TXN-500908,2026-05-14 00:47:18,Card,Payments & Cards,36838.38,N,,,0.0,0.0,Cleared - False Positive
TXN-501365,2026-05-14 01:06:20,Online,Digital Banking,41943.3,Y,Account Takeover,Manual Review,15110.77,1851.64,Recovered
TXN-501594,2026-05-14 19:08:40,Card,Payments & Cards,2921.86,Y,Card Not Present,Rule Engine,2774.88,364.2,Confirmed Fraud
TXN-500102,2026-05-14 20:32:02,ACH,Commercial Banking,28797.6,N,,,0.0,0.0,Cleared - False Positive
TXN-500629,2026-05-14 20:50:53,Online,Digital Banking,15510.79,Y,Account Takeover,ML Model,14750.94,1085.21,Under Review
TXN-500168,2026-05-15 09:58:07,Card,Payments & Cards,8473.25,Y,Card Not Present,ML Model,7064.26,692.22,Charged Off
TXN-502444,2026-05-15 11:44:50,Online,Digital Banking,37976.04,N,,,0.0,0.0,Cleared - False Positive
TXN-502222,2026-05-15 15:15:36,ATM,Retail Banking,8399.31,Y,Card Skimming,Manual Review,4569.87,2094.31,Confirmed Fraud
TXN-501084,2026-05-16 03:40:54,Wire,Payments & Cards,245076.49,Y,Business Email Compromise,Manual Review,146009.45,1863.58,Confirmed Fraud
TXN-501204,2026-05-16 03:49:47,Online,Digital Banking,12623.56,N,,,0.0,0.0,Cleared - False Positive
TXN-500264,2026-05-16 04:26:03,Online,Digital Banking,5416.57,N,,,0.0,0.0,Cleared - False Positive
TXN-501525,2026-05-16 11:32:38,Card,Payments & Cards,24177.93,N,,,0.0,0.0,Cleared - False Positive
TXN-500832,2026-05-16 21:05:37,Online,Digital Banking,5009.7,N,,,0.0,0.0,Cleared - False Positive
TXN-502533,2026-05-17 01:02:56,Card,Payments & Cards,6103.8,N,,,0.0,0.0,Cleared - False Positive
TXN-500128,2026-05-17 02:12:36,Wire,Payments & Cards,185997.62,N,,,0.0,0.0,Cleared - False Positive
TXN-501370,2026-05-17 12:37:34,Wire,Payments & Cards,145262.84,Y,Business Email Compromise,Customer Reported,121602.33,7245.55,Under Review
TXN-500808,2026-05-17 21:03:29,Card,Payments & Cards,9853.65,N,,,0.0,0.0,Cleared - False Positive
TXN-502527,2026-05-18 07:09:40,Card,Payments & Cards,33787.16,Y,Synthetic Identity,ML Model,11872.81,1491.25,Recovered
TXN-501809,2026-05-18 10:18:18,Online,Digital Banking,16946.63,N,,,0.0,0.0,Cleared - False Positive
TXN-500480,2026-05-19 05:29:45,ATM,Retail Banking,2620.29,N,,,0.0,0.0,Cleared - False Positive
TXN-501543,2026-05-19 21:07:28,Card,Payments & Cards,30202.65,Y,Card Not Present,Rule Engine,13941.51,97.37,Under Review
TXN-502469,2026-05-19 23:33:03,ACH,Commercial Banking,12416.94,Y,Synthetic Identity,Customer Reported,7401.58,295.5,Confirmed Fraud
TXN-502499,2026-05-20 10:34:20,Online,Digital Banking,322.61,Y,Card Not Present,ML Model,207.61,2.45,Confirmed Fraud
TXN-501633,2026-05-20 22:00:54,Online,Digital Banking,33575.94,N,,,0.0,0.0,Cleared - False Positive
TXN-501719,2026-05-21 04:12:49,Online,Digital Banking,39084.46,Y,Account Takeover,Customer Reported,20589.05,3097.42,Charged Off
TXN-501132,2026-05-21 07:05:32,Mobile,Digital Banking,28579.27,N,,,0.0,0.0,Cleared - False Positive
TXN-501487,2026-05-21 18:44:47,Card,Payments & Cards,27299.63,N,,,0.0,0.0,Cleared - False Positive
TXN-500719,2026-05-22 01:52:50,Card,Payments & Cards,12130.69,Y,Card Skimming,ML Model,9681.62,1284.15,Confirmed Fraud
TXN-500775,2026-05-23 00:28:51,Card,Payments & Cards,7031.81,N,,,0.0,0.0,Cleared - False Positive
TXN-500746,2026-05-23 14:39:17,Card,Payments & Cards,23714.5,N,,,0.0,0.0,Cleared - False Positive
TXN-500670,2026-05-23 15:47:20,Card,Payments & Cards,5653.13,Y,Synthetic Identity,Rule Engine,5292.55,466.89,Under Review
TXN-500916,2026-05-23 17:36:45,Wire,Payments & Cards,118202.2,N,,,0.0,0.0,Cleared - False Positive
TXN-502015,2026-05-23 20:09:24,Card,Payments & Cards,43324.31,N,,,0.0,0.0,Cleared - False Positive
TXN-501071,2026-05-24 08:22:36,Card,Payments & Cards,8474.92,Y,Card Skimming,ML Model,3093.31,128.22,Recovered
TXN-501587,2026-05-24 10:33:12,Online,Digital Banking,11750.97,Y,Account Takeover,Customer Reported,8463.56,1395.51,Confirmed Fraud
TXN-500466,2026-05-24 12:37:31,ACH,Commercial Banking,19641.63,Y,Synthetic Identity,Manual Review,12344.14,1647.21,Under Review
TXN-502574,2026-05-24 21:20:34,Card,Payments & Cards,23531.88,Y,Synthetic Identity,Manual Review,18573.43,3080.95,Confirmed Fraud
TXN-502513,2026-05-25 17:54:33,Online,Digital Banking,141.12,Y,Account Takeover,Manual Review,130.48,44.96,Recovered
TXN-502439,2026-05-25 18:27:42,ACH,Commercial Banking,9826.99,N,,,0.0,0.0,Cleared - False Positive
TXN-501454,2026-05-25 18:55:12,Wire,Payments & Cards,151576.53,N,,,0.0,0.0,Cleared - False Positive
TXN-500421,2026-05-25 22:16:56,Mobile,Digital Banking,40809.88,N,,,0.0,0.0,Cleared - False Positive
TXN-501061,2026-05-26 03:38:54,Card,Payments & Cards,16123.04,Y,Synthetic Identity,Customer Reported,6937.95,73.27,Under Review
TXN-501832,2026-05-26 04:34:44,Card,Payments & Cards,26075.51,Y,Synthetic Identity,Manual Review,8841.37,126.59,Charged Off
TXN-501121,2026-05-26 06:09:27,Online,Digital Banking,21702.72,N,,,0.0,0.0,Cleared - False Positive
TXN-500279,2026-05-26 07:23:43,Card,Payments & Cards,1789.12,Y,Card Not Present,Manual Review,911.04,22.77,Under Review
TXN-500013,2026-05-27 00:19:13,Card,Payments & Cards,15583.41,Y,Synthetic Identity,Manual Review,11369.51,4063.02,Under Review
TXN-500418,2026-05-27 04:44:11,Online,Digital Banking,30865.19,N,,,0.0,0.0,Cleared - False Positive
TXN-500055,2026-05-27 15:42:37,ACH,Commercial Banking,16679.58,Y,Account Takeover,Customer Reported,7683.29,2920.24,Recovered
TXN-502476,2026-05-27 16:20:32,Card,Payments & Cards,41324.72,Y,Card Skimming,Manual Review,21603.39,9757.18,Confirmed Fraud
TXN-500108,2026-05-27 19:22:02,Online,Digital Banking,18592.42,N,,,0.0,0.0,Cleared - False Positive
TXN-500523,2026-05-27 23:42:42,Card,Payments & Cards,1412.02,N,,,0.0,0.0,Cleared - False Positive
TXN-500459,2026-05-28 08:48:10,ACH,Commercial Banking,28180.14,N,,,0.0,0.0,Cleared - False Positive
TXN-501415,2026-05-28 12:25:58,Card,Payments & Cards,24097.39,Y,Card Skimming,ML Model,21657.9,2978.62,Under Review
TXN-500605,2026-05-28 22:42:57,Wire,Payments & Cards,17299.15,Y,Business Email Compromise,ML Model,14484.26,4300.24,Recovered
TXN-500488,2026-05-29 04:32:31,ACH,Commercial Banking,25768.14,Y,Account Takeover,ML Model,25460.61,12168.06,Recovered
TXN-502468,2026-05-29 10:46:35,Online,Digital Banking,37913.28,Y,Account Takeover,Manual Review,28903.54,49.15,Charged Off
TXN-500841,2026-05-30 10:42:57,ACH,Commercial Banking,36409.35,N,,,0.0,0.0,Cleared - False Positive
TXN-500484,2026-05-30 16:05:52,Mobile,Digital Banking,39947.62,N,,,0.0,0.0,Cleared - False Positive
TXN-502426,2026-05-31 00:26:24,ATM,Retail Banking,164.52,Y,Card Not Present,Manual Review,121.43,16.92,Charged Off
TXN-500515,2026-05-31 06:05:39,Card,Payments & Cards,42009.14,N,,,0.0,0.0,Cleared - False Positive
TXN-500831,2026-05-31 08:04:25,Card,Payments & Cards,24103.07,Y,Card Skimming,ML Model,20229.08,2200.19,Confirmed Fraud
TXN-501392,2026-06-01 01:46:25,Card,Payments & Cards,5312.73,N,,,0.0,0.0,Cleared - False Positive
TXN-501909,2026-06-01 03:09:13,Online,Digital Banking,25838.63,Y,Card Not Present,Customer Reported,20396.72,1794.25,Under Review
TXN-500444,2026-06-01 05:36:42,Card,Payments & Cards,22098.21,N,,,0.0,0.0,Cleared - False Positive
TXN-501395,2026-06-01 06:25:51,Online,Digital Banking,1993.48,Y,Card Not Present,Customer Reported,1805.89,311.95,Confirmed Fraud
TXN-501265,2026-06-01 09:55:32,Wire,Payments & Cards,3051.74,N,,,0.0,0.0,Cleared - False Positive
TXN-501104,2026-06-01 14:10:31,Mobile,Digital Banking,38857.45,N,,,0.0,0.0,Cleared - False Positive
TXN-500971,2026-06-01 17:37:39,Mobile,Digital Banking,20214.58,Y,Account Takeover,ML Model,19163.46,2560.84,Recovered
TXN-501758,2026-06-02 00:02:42,Online,Digital Banking,9673.53,N,,,0.0,0.0,Cleared - False Positive
TXN-502223,2026-06-02 06:12:12,Online,Digital Banking,10484.32,Y,Account Takeover,Rule Engine,8459.93,834.77,Recovered
TXN-502278,2026-06-02 06:28:12,Online,Digital Banking,44031.55,Y,Account Takeover,Rule Engine,39473.9,5860.4,Confirmed Fraud
TXN-500631,2026-06-02 10:29:53,Online,Digital Banking,7695.13,Y,Account Takeover,Customer Reported,3375.19,349.55,Charged Off
TXN-500758,2026-06-03 05:20:13,Wire,Payments & Cards,97954.59,N,,,0.0,0.0,Cleared - False Positive
TXN-500915,2026-06-03 05:30:44,Wire,Payments & Cards,179942.67,Y,Wire Fraud,Customer Reported,89042.49,12342.18,Confirmed Fraud
TXN-502500,2026-06-04 07:04:10,ACH,Commercial Banking,27847.9,N,,,0.0,0.0,Cleared - False Positive
TXN-500688,2026-06-05 04:36:03,Card,Payments & Cards,25548.88,Y,Synthetic Identity,Customer Reported,19096.14,3297.55,Under Review
TXN-501510,2026-06-05 10:38:34,Mobile,Digital Banking,18712.59,N,,,0.0,0.0,Cleared - False Positive
TXN-500239,2026-06-05 15:54:03,ATM,Retail Banking,6127.19,Y,Card Not Present,Customer Reported,5527.38,2060.79,Charged Off
TXN-501730,2026-06-05 20:09:47,Card,Payments & Cards,4619.2,Y,Card Not Present,ML Model,3708.3,1379.11,Confirmed Fraud
TXN-501642,2026-06-05 20:25:51,Online,Digital Banking,37621.99,N,,,0.0,0.0,Cleared - False Positive
TXN-500645,2026-06-06 03:39:26,Online,Digital Banking,13237.96,Y,Account Takeover,Rule Engine,12032.0,4964.81,Charged Off
TXN-502432,2026-06-06 10:48:39,Online,Digital Banking,3939.01,Y,Account Takeover,ML Model,3769.11,160.35,Confirmed Fraud
TXN-501496,2026-06-06 11:27:39,ATM,Retail Banking,33823.1,N,,,0.0,0.0,Cleared - False Positive
TXN-500579,2026-06-06 12:54:46,Wire,Payments & Cards,105077.26,N,,,0.0,0.0,Cleared - False Positive
TXN-501060,2026-06-06 21:25:21,ATM,Retail Banking,14520.29,Y,Card Not Present,Manual Review,13192.12,26.35,Recovered
TXN-501794,2026-06-07 00:59:55,Mobile,Digital Banking,29726.6,Y,Account Takeover,Customer Reported,13812.39,4258.86,Charged Off
TXN-501305,2026-06-07 02:55:17,Wire,Payments & Cards,8327.76,N,,,0.0,0.0,Cleared - False Positive
TXN-502292,2026-06-07 10:03:49,Online,Digital Banking,28933.96,Y,Account Takeover,ML Model,10727.35,2254.02,Confirmed Fraud
TXN-500531,2026-06-07 20:35:48,Mobile,Digital Banking,27141.71,Y,Account Takeover,ML Model,22315.41,1592.85,Recovered
TXN-501251,2026-06-07 21:31:21,Card,Payments & Cards,23402.57,N,,,0.0,0.0,Cleared - False Positive
TXN-500890,2026-06-08 00:01:24,Card,Payments & Cards,6214.59,N,,,0.0,0.0,Cleared - False Positive
TXN-500021,2026-06-08 01:07:19,ACH,Commercial Banking,24015.38,Y,Account Takeover,ML Model,20598.94,3096.94,Recovered
TXN-500232,2026-06-08 05:25:58,ACH,Commercial Banking,13131.82,N,,,0.0,0.0,Cleared - False Positive
TXN-500560,2026-06-08 06:14:20,ATM,Retail Banking,43970.04,N,,,0.0,0.0,Cleared - False Positive
TXN-501199,2026-06-08 15:57:25,Card,Payments & Cards,5636.4,N,,,0.0,0.0,Cleared - False Positive
TXN-500481,2026-06-08 18:55:28,ATM,Retail Banking,18880.35,N,,,0.0,0.0,Cleared - False Positive
TXN-502082,2026-06-08 19:53:46,ACH,Commercial Banking,34932.93,Y,Account Takeover,Manual Review,26183.46,3485.83,Under Review
TXN-501753,2026-06-09 19:15:57,Online,Digital Banking,41959.46,Y,Account Takeover,Manual Review,13675.26,2024.53,Charged Off
TXN-500871,2026-06-09 19:19:44,ACH,Commercial Banking,11965.73,N,,,0.0,0.0,Cleared - False Positive
TXN-501479,2026-06-10 02:24:52,Online,Digital Banking,41677.08,Y,Card Not Present,Rule Engine,36281.67,1586.75,Recovered
TXN-500229,2026-06-10 02:50:09,Online,Digital Banking,32041.66,N,,,0.0,0.0,Cleared - False Positive
TXN-501962,2026-06-10 05:39:40,Card,Payments & Cards,4008.85,Y,Card Skimming,Rule Engine,3040.25,1233.09,Confirmed Fraud
TXN-500011,2026-06-11 12:05:00,Wire,Payments & Cards,73746.8,N,,,0.0,0.0,Cleared - False Positive
TXN-501693,2026-06-11 13:07:12,Online,Digital Banking,17569.15,N,,,0.0,0.0,Cleared - False Positive
TXN-501825,2026-06-11 19:36:09,Mobile,Digital Banking,41182.91,N,,,0.0,0.0,Cleared - False Positive
TXN-501913,2026-06-11 22:14:15,Wire,Payments & Cards,171308.29,Y,Business Email Compromise,Manual Review,76974.82,32195.08,Under Review
TXN-502106,2026-06-12 06:32:57,Card,Payments & Cards,16976.7,Y,Card Skimming,Manual Review,12502.52,135.8,Confirmed Fraud
TXN-500273,2026-06-12 14:13:01,Card,Payments & Cards,31508.48,N,,,0.0,0.0,Cleared - False Positive
TXN-501203,2026-06-12 18:00:19,Online,Digital Banking,43346.73,N,,,0.0,0.0,Cleared - False Positive
TXN-501804,2026-06-12 23:08:01,Card,Payments & Cards,1960.2,Y,Synthetic Identity,Customer Reported,749.85,36.0,Confirmed Fraud
TXN-500708,2026-06-13 09:40:38,Card,Payments & Cards,22018.27,N,,,0.0,0.0,Cleared - False Positive
TXN-502157,2026-06-13 12:29:10,ATM,Retail Banking,25147.0,N,,,0.0,0.0,Cleared - False Positive
TXN-502272,2026-06-13 14:28:31,Card,Payments & Cards,1446.19,N,,,0.0,0.0,Cleared - False Positive
TXN-501728,2026-06-13 16:36:12,Card,Payments & Cards,8146.32,Y,Card Skimming,Manual Review,4273.51,695.48,Under Review
TXN-500986,2026-06-14 10:08:40,Card,Payments & Cards,9323.8,N,,,0.0,0.0,Cleared - False Positive
TXN-501309,2026-06-14 11:36:01,Online,Digital Banking,40313.95,Y,Account Takeover,Manual Review,34845.71,166.55,Confirmed Fraud
TXN-500911,2026-06-15 10:01:08,Wire,Payments & Cards,174564.35,Y,Business Email Compromise,Rule Engine,151774.19,3824.13,Under Review
TXN-501571,2026-06-15 10:01:18,Card,Payments & Cards,37007.68,Y,Card Not Present,ML Model,30076.44,738.94,Recovered
TXN-500818,2026-06-15 10:33:18,Online,Digital Banking,9549.96,N,,,0.0,0.0,Cleared - False Positive
TXN-501885,2026-06-16 14:11:49,ACH,Commercial Banking,4159.4,Y,Account Takeover,Rule Engine,3915.23,60.8,Charged Off
TXN-501505,2026-06-16 21:06:04,Card,Payments & Cards,11956.16,N,,,0.0,0.0,Cleared - False Positive
TXN-501048,2026-06-17 02:14:18,Card,Payments & Cards,37130.64,N,,,0.0,0.0,Cleared - False Positive
TXN-500802,2026-06-17 09:26:46,Card,Payments & Cards,2437.33,N,,,0.0,0.0,Cleared - False Positive
TXN-501870,2026-06-17 11:40:08,Card,Payments & Cards,26817.12,Y,Card Skimming,Customer Reported,26072.72,2048.06,Under Review
TXN-500068,2026-06-17 14:23:12,Wire,Payments & Cards,50477.44,Y,Wire Fraud,Manual Review,47621.64,11402.92,Recovered
TXN-500000,2026-06-18 02:03:39,Card,Payments & Cards,33763.32,Y,Card Skimming,Manual Review,26280.46,143.23,Charged Off
TXN-500650,2026-06-18 04:28:54,Mobile,Digital Banking,41524.67,N,,,0.0,0.0,Cleared - False Positive
TXN-501036,2026-06-18 12:35:49,Online,Digital Banking,9635.82,N,,,0.0,0.0,Cleared - False Positive
TXN-502021,2026-06-18 20:36:36,Card,Payments & Cards,36709.59,N,,,0.0,0.0,Cleared - False Positive
TXN-502183,2026-06-18 22:23:38,Online,Digital Banking,26236.09,N,,,0.0,0.0,Cleared - False Positive
TXN-500216,2026-06-19 04:17:00,Card,Payments & Cards,7104.17,Y,Synthetic Identity,Manual Review,4914.22,163.77,Recovered
TXN-500149,2026-06-19 15:03:29,ACH,Commercial Banking,15686.89,Y,Synthetic Identity,Customer Reported,13157.8,467.3,Charged Off
TXN-500524,2026-06-19 16:12:30,Mobile,Digital Banking,15897.7,N,,,0.0,0.0,Cleared - False Positive
TXN-502472,2026-06-20 09:37:56,Card,Payments & Cards,9841.02,N,,,0.0,0.0,Cleared - False Positive
TXN-500200,2026-06-20 17:26:37,ATM,Retail Banking,35880.5,N,,,0.0,0.0,Cleared - False Positive
TXN-502113,2026-06-21 00:02:05,Card,Payments & Cards,17484.26,N,,,0.0,0.0,Cleared - False Positive
TXN-501964,2026-06-21 04:36:24,Online,Digital Banking,33070.69,Y,Account Takeover,ML Model,32577.04,3867.92,Charged Off
TXN-501980,2026-06-21 05:30:31,Card,Payments & Cards,23170.63,N,,,0.0,0.0,Cleared - False Positive
TXN-500424,2026-06-21 17:59:29,Card,Payments & Cards,32116.1,Y,Card Skimming,ML Model,16108.58,621.86,Charged Off
TXN-502258,2026-06-21 19:22:01,ATM,Retail Banking,25981.09,N,,,0.0,0.0,Cleared - False Positive
TXN-500534,2026-06-21 23:40:00,Card,Payments & Cards,42245.39,N,,,0.0,0.0,Cleared - False Positive
TXN-500002,2026-06-23 20:27:27,Online,Digital Banking,33413.72,N,,,0.0,0.0,Cleared - False Positive
TXN-500376,2026-06-24 03:05:41,Card,Payments & Cards,17778.62,N,,,0.0,0.0,Cleared - False Positive
TXN-501021,2026-06-24 09:52:14,ACH,Commercial Banking,27687.22,Y,Synthetic Identity,Manual Review,11048.93,709.24,Recovered
TXN-501779,2026-06-24 12:56:14,ACH,Commercial Banking,31659.28,N,,,0.0,0.0,Cleared - False Positive
TXN-502440,2026-06-24 21:45:54,Online,Digital Banking,2120.15,N,,,0.0,0.0,Cleared - False Positive
TXN-502242,2026-06-25 04:52:35,Card,Payments & Cards,15535.69,N,,,0.0,0.0,Cleared - False Positive
TXN-502312,2026-06-25 21:41:22,Online,Digital Banking,26471.78,N,,,0.0,0.0,Cleared - False Positive
TXN-500022,2026-06-25 23:35:26,Wire,Payments & Cards,237391.54,N,,,0.0,0.0,Cleared - False Positive
TXN-502462,2026-06-26 04:08:48,Wire,Payments & Cards,161477.36,N,,,0.0,0.0,Cleared - False Positive
TXN-501948,2026-06-26 12:10:45,ATM,Retail Banking,41560.36,N,,,0.0,0.0,Cleared - False Positive
TXN-500284,2026-06-26 19:32:08,Card,Payments & Cards,26078.97,N,,,0.0,0.0,Cleared - False Positive
TXN-500756,2026-06-27 15:28:57,Card,Payments & Cards,30033.96,Y,Card Skimming,Manual Review,16334.57,933.2,Recovered
TXN-501381,2026-06-28 02:35:50,Card,Payments & Cards,20377.92,Y,Card Skimming,Manual Review,15550.59,58.92,Under Review
TXN-501703,2026-06-28 10:27:37,Online,Digital Banking,10104.82,Y,Account Takeover,Rule Engine,9240.1,4085.09,Confirmed Fraud
TXN-501998,2026-06-28 23:41:00,Online,Digital Banking,22422.53,Y,Account Takeover,Rule Engine,16816.25,1069.82,Under Review
TXN-502546,2026-06-29 00:09:32,Card,Payments & Cards,10383.37,N,,,0.0,0.0,Cleared - False Positive
TXN-502516,2026-06-29 07:36:34,Mobile,Digital Banking,17726.66,Y,Account Takeover,Customer Reported,8278.05,1515.47,Recovered
TXN-500907,2026-06-29 15:59:17,Online,Digital Banking,27779.79,N,,,0.0,0.0,Cleared - False Positive
TXN-501563,2026-06-29 19:58:21,ACH,Commercial Banking,6124.74,N,,,0.0,0.0,Cleared - False Positive
TXN-501720,2026-06-30 03:39:15,Card,Payments & Cards,12810.65,N,,,0.0,0.0,Cleared - False Positive
TXN-500709,2026-06-30 04:38:23,Wire,Payments & Cards,191215.98,N,,,0.0,0.0,Cleared - False Positive
TXN-501665,2026-06-30 09:06:24,Online,Digital Banking,17938.21,N,,,0.0,0.0,Cleared - False Positive
TXN-501680,2026-06-30 09:46:35,Card,Payments & Cards,28062.2,N,,,0.0,0.0,Cleared - False Positive
TXN-500519,2026-06-30 12:28:29,Mobile,Digital Banking,44084.22,N,,,0.0,0.0,Cleared - False Positive
TXN-501108,2026-06-30 14:47:40,Online,Digital Banking,44799.14,N,,,0.0,0.0,Cleared - False Positive
TXN-502339,2026-07-01 07:31:55,Card,Payments & Cards,42552.88,N,,,0.0,0.0,Cleared - False Positive
TXN-500255,2026-07-01 14:12:07,ACH,Commercial Banking,6548.84,N,,,0.0,0.0,Cleared - False Positive
TXN-501257,2026-07-02 02:00:24,ACH,Commercial Banking,1892.63,N,,,0.0,0.0,Cleared - False Positive
TXN-501103,2026-07-02 03:18:43,ATM,Retail Banking,1041.92,N,,,0.0,0.0,Cleared - False Positive
TXN-502525,2026-07-02 05:47:11,Card,Payments & Cards,14123.0,N,,,0.0,0.0,Cleared - False Positive
TXN-500753,2026-07-02 14:00:29,Mobile,Digital Banking,32174.01,N,,,0.0,0.0,Cleared - False Positive
TXN-500319,2026-07-03 02:56:51,Mobile,Digital Banking,15119.55,N,,,0.0,0.0,Cleared - False Positive
TXN-500359,2026-07-03 13:11:56,Card,Payments & Cards,26110.5,N,,,0.0,0.0,Cleared - False Positive
TXN-502041,2026-07-03 20:48:49,ATM,Retail Banking,31428.8,Y,Card Skimming,Manual Review,22686.33,3277.62,Charged Off
TXN-502253,2026-07-04 05:24:09,Online,Digital Banking,16180.4,Y,Account Takeover,Customer Reported,13477.52,0.33,Charged Off
TXN-500018,2026-07-04 05:35:52,Card,Payments & Cards,32264.74,Y,Card Not Present,ML Model,10905.08,2900.13,Recovered
TXN-501000,2026-07-05 08:33:03,Card,Payments & Cards,12071.22,Y,Card Skimming,Manual Review,4135.14,500.95,Under Review
TXN-501428,2026-07-05 15:24:38,Card,Payments & Cards,40111.19,N,,,0.0,0.0,Cleared - False Positive
TXN-502584,2026-07-05 16:09:32,Mobile,Digital Banking,25540.26,N,,,0.0,0.0,Cleared - False Positive
TXN-501982,2026-07-05 22:29:23,Card,Payments & Cards,28032.4,Y,Synthetic Identity,Rule Engine,13121.17,2010.19,Under Review
TXN-502456,2026-07-05 23:17:31,Mobile,Digital Banking,887.11,Y,Synthetic Identity,Rule Engine,545.35,194.74,Recovered
TXN-501868,2026-07-06 02:24:05,ACH,Commercial Banking,27886.96,N,,,0.0,0.0,Cleared - False Positive
TXN-501332,2026-07-06 08:29:57,ATM,Retail Banking,40616.88,N,,,0.0,0.0,Cleared - False Positive
TXN-500878,2026-07-06 08:41:16,Card,Payments & Cards,30671.28,Y,Card Skimming,Customer Reported,28521.48,30.91,Under Review
TXN-502086,2026-07-06 12:29:49,Wire,Payments & Cards,189683.24,Y,Business Email Compromise,ML Model,178378.25,11435.36,Under Review
TXN-501050,2026-07-07 18:24:12,Wire,Payments & Cards,159007.28,N,,,0.0,0.0,Cleared - False Positive
TXN-502179,2026-07-08 01:20:40,Card,Payments & Cards,23961.32,N,,,0.0,0.0,Cleared - False Positive
TXN-501562,2026-07-08 02:46:36,Card,Payments & Cards,40318.72,Y,Card Not Present,Rule Engine,17880.21,4405.96,Confirmed Fraud
TXN-501016,2026-07-08 07:37:03,Online,Digital Banking,35765.42,N,,,0.0,0.0,Cleared - False Positive
TXN-501298,2026-07-08 09:04:48,ATM,Retail Banking,29880.83,Y,Card Not Present,Customer Reported,10994.6,228.66,Under Review
TXN-502556,2026-07-08 21:58:48,Mobile,Digital Banking,9587.31,N,,,0.0,0.0,Cleared - False Positive
TXN-500468,2026-07-09 03:08:17,Mobile,Digital Banking,5826.76,Y,Synthetic Identity,Manual Review,2159.59,535.65,Charged Off
TXN-501872,2026-07-09 21:48:12,Card,Payments & Cards,44694.48,Y,Synthetic Identity,Customer Reported,35404.92,1861.92,Charged Off
TXN-502005,2026-07-10 04:29:36,Online,Digital Banking,9808.4,Y,Account Takeover,Rule Engine,6336.85,21.94,Charged Off
TXN-502173,2026-07-10 11:07:52,Wire,Payments & Cards,208017.19,Y,Business Email Compromise,Rule Engine,168547.38,39328.13,Confirmed Fraud
TXN-500268,2026-07-10 11:46:29,Card,Payments & Cards,35137.29,Y,Card Not Present,Manual Review,19956.55,239.22,Charged Off
TXN-502518,2026-07-10 15:55:21,Online,Digital Banking,9314.96,Y,Account Takeover,ML Model,5028.05,252.03,Under Review
TXN-502507,2026-07-10 17:07:40,Wire,Payments & Cards,19515.98,N,,,0.0,0.0,Cleared - False Positive
TXN-500332,2026-07-11 05:35:17,Card,Payments & Cards,5278.94,N,,,0.0,0.0,Cleared - False Positive
TXN-501373,2026-07-11 14:25:50,Card,Payments & Cards,18865.54,Y,Synthetic Identity,Manual Review,12843.62,2304.1,Charged Off
TXN-500804,2026-07-11 20:45:52,Wire,Payments & Cards,2977.91,N,,,0.0,0.0,Cleared - False Positive
TXN-500543,2026-07-12 02:22:03,Online,Digital Banking,2808.86,N,,,0.0,0.0,Cleared - False Positive
TXN-500355,2026-07-12 04:21:14,Wire,Payments & Cards,183372.84,Y,Business Email Compromise,ML Model,75915.08,851.98,Recovered
TXN-500071,2026-07-12 16:07:14,ATM,Retail Banking,25351.32,N,,,0.0,0.0,Cleared - False Positive
TXN-500029,2026-07-12 21:16:08,Card,Payments & Cards,25517.45,N,,,0.0,0.0,Cleared - False Positive
TXN-502228,2026-07-12 23:30:31,Mobile,Digital Banking,7774.16,Y,Account Takeover,Rule Engine,2525.14,243.37,Under Review
TXN-502408,2026-07-13 01:42:11,Wire,Payments & Cards,5806.29,N,,,0.0,0.0,Cleared - False Positive
TXN-501118,2026-07-13 04:40:49,Card,Payments & Cards,13169.13,Y,Synthetic Identity,ML Model,6051.78,1802.03,Confirmed Fraud
TXN-500676,2026-07-13 11:23:37,ACH,Commercial Banking,44371.16,Y,Synthetic Identity,Rule Engine,34678.33,616.77,Charged Off
TXN-501686,2026-07-13 23:50:30,ACH,Commercial Banking,16075.07,Y,Account Takeover,ML Model,9858.93,1523.54,Confirmed Fraud
TXN-500885,2026-07-14 15:40:55,Wire,Payments & Cards,186219.1,Y,Business Email Compromise,Customer Reported,139126.83,70691.02,Charged Off
TXN-500183,2026-07-14 19:53:38,Card,Payments & Cards,18621.9,N,,,0.0,0.0,Cleared - False Positive
TXN-501351,2026-07-15 15:06:26,Mobile,Digital Banking,1825.05,N,,,0.0,0.0,Cleared - False Positive
TXN-502442,2026-07-15 18:45:06,Mobile,Digital Banking,39083.24,N,,,0.0,0.0,Cleared - False Positive
TXN-501518,2026-07-16 02:26:08,ATM,Retail Banking,33514.41,N,,,0.0,0.0,Cleared - False Positive
TXN-500592,2026-07-16 07:54:36,ATM,Retail Banking,18519.29,N,,,0.0,0.0,Cleared - False Positive
TXN-500371,2026-07-16 21:27:31,Card,Payments & Cards,30315.19,Y,Card Skimming,Customer Reported,29918.39,3914.93,Confirmed Fraud
TXN-501067,2026-07-17 07:44:11,ATM,Retail Banking,30086.29,N,,,0.0,0.0,Cleared - False Positive
TXN-500946,2026-07-17 16:01:48,Mobile,Digital Banking,20430.26,Y,Synthetic Identity,Manual Review,18089.52,1725.75,Confirmed Fraud
TXN-500649,2026-07-18 03:15:22,Card,Payments & Cards,44701.4,Y,Card Skimming,Manual Review,41655.18,4220.74,Under Review
TXN-502119,2026-07-18 04:04:29,Card,Payments & Cards,38824.28,N,,,0.0,0.0,Cleared - False Positive
TXN-500640,2026-07-18 09:02:56,Wire,Payments & Cards,154778.75,N,,,0.0,0.0,Cleared - False Positive
TXN-501154,2026-07-18 11:25:51,ATM,Retail Banking,16268.11,N,,,0.0,0.0,Cleared - False Positive
TXN-502056,2026-07-18 20:26:18,Card,Payments & Cards,10119.3,N,,,0.0,0.0,Cleared - False Positive
TXN-501865,2026-07-18 23:05:48,Online,Digital Banking,23171.31,N,,,0.0,0.0,Cleared - False Positive
TXN-501340,2026-07-19 00:23:50,Card,Payments & Cards,9206.72,Y,Card Not Present,Customer Reported,6961.61,250.64,Charged Off
TXN-502132,2026-07-19 00:43:13,Wire,Payments & Cards,223965.44,N,,,0.0,0.0,Cleared - False Positive
TXN-501819,2026-07-19 00:47:54,ATM,Retail Banking,16227.02,N,,,0.0,0.0,Cleared - False Positive
TXN-500020,2026-07-19 02:38:34,Wire,Payments & Cards,125957.82,Y,Business Email Compromise,Customer Reported,91268.54,14286.06,Under Review
TXN-501538,2026-07-19 03:46:54,Mobile,Digital Banking,777.71,Y,Account Takeover,ML Model,325.52,161.51,Under Review
TXN-502436,2026-07-19 04:22:40,Mobile,Digital Banking,6121.06,N,,,0.0,0.0,Cleared - False Positive
TXN-500714,2026-07-19 09:00:21,Mobile,Digital Banking,19323.57,N,,,0.0,0.0,Cleared - False Positive
TXN-500482,2026-07-19 20:09:22,Online,Digital Banking,32475.37,Y,Card Not Present,ML Model,9922.25,879.11,Under Review
TXN-501024,2026-07-20 06:49:58,Card,Payments & Cards,4241.28,N,,,0.0,0.0,Cleared - False Positive
TXN-501231,2026-07-20 23:28:56,ATM,Retail Banking,36952.07,Y,Card Not Present,Customer Reported,25939.67,512.38,Under Review
TXN-500656,2026-07-21 01:15:01,Mobile,Digital Banking,13913.94,N,,,0.0,0.0,Cleared - False Positive
TXN-501317,2026-07-21 02:45:32,Card,Payments & Cards,38190.76,N,,,0.0,0.0,Cleared - False Positive
TXN-500766,2026-07-21 03:10:36,Card,Payments & Cards,148.92,N,,,0.0,0.0,Cleared - False Positive
TXN-502322,2026-07-21 04:05:46,Mobile,Digital Banking,38959.3,N,,,0.0,0.0,Cleared - False Positive
TXN-501230,2026-07-21 08:59:21,Online,Digital Banking,26061.55,Y,Card Not Present,ML Model,17585.08,913.74,Recovered
TXN-501672,2026-07-21 21:25:50,Mobile,Digital Banking,28656.52,Y,Account Takeover,Customer Reported,17695.45,2993.08,Charged Off
TXN-500317,2026-07-22 14:45:31,Card,Payments & Cards,39222.4,N,,,0.0,0.0,Cleared - False Positive
TXN-501008,2026-07-22 15:07:24,Card,Payments & Cards,33424.49,N,,,0.0,0.0,Cleared - False Positive
TXN-500522,2026-07-22 17:48:11,Online,Digital Banking,24225.15,N,,,0.0,0.0,Cleared - False Positive
TXN-500318,2026-07-22 23:03:41,Card,Payments & Cards,28236.18,Y,Synthetic Identity,Manual Review,15050.85,125.82,Charged Off
TXN-501776,2026-07-23 02:12:49,ACH,Commercial Banking,8812.95,Y,Account Takeover,Manual Review,3271.07,75.36,Confirmed Fraud
TXN-502109,2026-07-23 05:43:02,Card,Payments & Cards,28913.63,Y,Card Not Present,Manual Review,10583.92,4116.56,Recovered
TXN-501705,2026-07-23 12:08:47,Mobile,Digital Banking,12125.64,Y,Synthetic Identity,Customer Reported,5421.74,325.43,Confirmed Fraud
TXN-501044,2026-07-24 06:26:27,Online,Digital Banking,5941.54,Y,Account Takeover,Rule Engine,2015.57,48.05,Recovered
TXN-500060,2026-07-24 14:29:43,Online,Digital Banking,38477.85,N,,,0.0,0.0,Cleared - False Positive
TXN-500992,2026-07-24 18:58:47,Card,Payments & Cards,37867.57,N,,,0.0,0.0,Cleared - False Positive
TXN-502340,2026-07-25 07:31:09,ATM,Retail Banking,9386.9,N,,,0.0,0.0,Cleared - False Positive
TXN-501068,2026-07-25 08:50:16,Online,Digital Banking,4330.2,Y,Account Takeover,Customer Reported,2511.16,139.57,Under Review
TXN-501229,2026-07-25 13:15:06,Online,Digital Banking,11874.81,Y,Account Takeover,ML Model,6223.69,1277.51,Recovered
TXN-501985,2026-07-25 13:19:11,Online,Digital Banking,23814.51,Y,Card Not Present,Customer Reported,23483.4,3249.7,Recovered
TXN-502571,2026-07-25 14:44:22,Card,Payments & Cards,22885.88,N,,,0.0,0.0,Cleared - False Positive
TXN-501542,2026-07-25 15:17:59,Card,Payments & Cards,27244.41,Y,Card Not Present,ML Model,15907.51,461.5,Charged Off
TXN-502267,2026-07-25 19:37:37,ATM,Retail Banking,30998.55,Y,Card Skimming,Manual Review,23460.72,4310.03,Confirmed Fraud
TXN-501631,2026-07-25 20:51:16,Mobile,Digital Banking,28175.79,N,,,0.0,0.0,Cleared - False Positive
TXN-501607,2026-07-27 04:26:54,Wire,Payments & Cards,55858.77,Y,Wire Fraud,Customer Reported,20278.99,3935.69,Confirmed Fraud
TXN-500732,2026-07-27 09:46:34,Mobile,Digital Banking,7716.49,Y,Account Takeover,Manual Review,3891.35,1406.83,Charged Off
TXN-500158,2026-07-28 03:37:35,ATM,Retail Banking,21820.1,N,,,0.0,0.0,Cleared - False Positive
TXN-500777,2026-07-28 08:16:34,ACH,Commercial Banking,7072.89,N,,,0.0,0.0,Cleared - False Positive
TXN-500662,2026-07-28 11:04:15,ACH,Commercial Banking,7382.98,Y,Account Takeover,ML Model,3719.23,70.5,Confirmed Fraud
TXN-500363,2026-07-28 11:05:35,Card,Payments & Cards,36659.54,Y,Synthetic Identity,ML Model,14651.04,249.65,Confirmed Fraud
TXN-502069,2026-07-29 05:07:43,Mobile,Digital Banking,12640.48,N,,,0.0,0.0,Cleared - False Positive
TXN-502397,2026-07-29 17:23:49,Card,Payments & Cards,35488.35,Y,Synthetic Identity,ML Model,17257.55,3288.05,Recovered
TXN-500757,2026-07-30 02:46:49,Online,Digital Banking,38779.89,N,,,0.0,0.0,Cleared - False Positive
TXN-500331,2026-07-30 19:29:25,Card,Payments & Cards,43794.81,N,,,0.0,0.0,Cleared - False Positive
TXN-500160,2026-07-31 00:46:56,Card,Payments & Cards,41503.71,Y,Card Skimming,Manual Review,23880.4,780.12,Recovered
