alert_id,timestamp,severity,source_system,business_unit,mitre_tactic,analyst,disposition,triage_time_minutes,status
ALT-901330,2024-08-01 04:23:52,High,Core Banking System,Retail Banking,Lateral Movement,T. Chen,Benign,44,Closed
ALT-901509,2024-08-01 06:17:17,Medium,ATM Network,Retail Banking,Exfiltration,L. Novak,False Positive,77,Closed
ALT-903968,2024-08-01 10:02:49,Low,Data Warehouse,Corporate IT & Infrastructure,Command and Control,S. Okafor,False Positive,86,Closed
ALT-903792,2024-08-01 11:57:53,Low,Card Issuance System,Payments & Cards,Persistence,Unassigned,Benign,353,Closed
ALT-903622,2024-08-01 13:36:19,Low,Endpoint Fleet,Corporate IT & Infrastructure,Collection,M. Patel,False Positive,29,Closed
ALT-903383,2024-08-01 15:12:44,Medium,Endpoint Fleet,Corporate IT & Infrastructure,Persistence,S. Okafor,Benign,65,Closed
ALT-901950,2024-08-01 19:19:56,Medium,Document Management System,Mortgage & Lending,Exfiltration,J. Kowalski,False Positive,55,Closed
ALT-900064,2024-08-01 22:07:05,High,Core Banking System,Retail Banking,Exfiltration,M. Patel,False Positive,10,Closed
ALT-902686,2024-08-02 03:05:23,Medium,Mobile Banking App,Digital Banking,Discovery,S. Okafor,False Positive,95,Closed
ALT-901424,2024-08-02 03:47:03,Medium,Online Banking Portal,Digital Banking,Privilege Escalation,M. Patel,False Positive,49,Closed
ALT-901639,2024-08-02 16:25:06,Low,Card Issuance System,Payments & Cards,Exfiltration,J. Kowalski,Benign,116,Closed
ALT-902151,2024-08-02 17:49:14,Low,Core Banking System,Retail Banking,Command and Control,Unassigned,Benign,232,Closed
ALT-902604,2024-08-03 00:58:05,Medium,Endpoint Fleet,Corporate IT & Infrastructure,Privilege Escalation,L. Novak,False Positive,169,Closed
ALT-901407,2024-08-03 04:37:11,Medium,ATM Network,Retail Banking,Impact,J. Kowalski,False Positive,88,Closed
ALT-901901,2024-08-03 10:15:40,Low,Customer API Gateway,Digital Banking,Exfiltration,Unassigned,Benign,67,Closed
ALT-902662,2024-08-03 12:15:41,Low,Loan Origination System,Mortgage & Lending,Discovery,S. Okafor,Benign,25,Closed
ALT-900949,2024-08-04 17:56:07,Medium,Data Warehouse,Corporate IT & Infrastructure,Credential Access,A. Ramirez,Benign,94,Closed
ALT-901034,2024-08-04 18:03:35,Low,ATM Network,Retail Banking,Lateral Movement,J. Kowalski,False Positive,333,Closed
ALT-902161,2024-08-04 20:49:32,Medium,Data Warehouse,Corporate IT & Infrastructure,Exfiltration,L. Novak,Benign,123,Closed
ALT-900069,2024-08-04 22:01:39,Medium,Teller Platform,Retail Banking,Impact,S. Okafor,True Positive,41,Closed
ALT-903614,2024-08-04 22:48:25,High,ATM Network,Retail Banking,Credential Access,Unassigned,False Positive,35,Closed
ALT-902576,2024-08-04 23:14:05,Low,Endpoint Fleet,Corporate IT & Infrastructure,Lateral Movement,A. Ramirez,Benign,72,Closed
ALT-900088,2024-08-05 00:58:41,Low,Trading Platform,Wealth Management,Execution,S. Okafor,Benign,134,Closed
ALT-900941,2024-08-05 01:44:20,Medium,Online Banking Portal,Digital Banking,Execution,J. Kowalski,Benign,149,Closed
ALT-902346,2024-08-05 03:14:24,Low,Commercial Loan Platform,Commercial Banking,Collection,L. Novak,False Positive,296,Closed
ALT-901426,2024-08-05 04:55:49,Low,Wealth Management Platform,Wealth Management,Exfiltration,M. Patel,False Positive,86,Closed
ALT-902920,2024-08-05 04:58:53,High,Customer API Gateway,Digital Banking,Lateral Movement,A. Ramirez,False Positive,45,Closed
ALT-900271,2024-08-05 10:13:17,Low,Commercial Loan Platform,Commercial Banking,Credential Access,Unassigned,Benign,237,Closed
ALT-900703,2024-08-05 12:01:37,Medium,Mobile Banking App,Digital Banking,Privilege Escalation,Unassigned,Benign,57,Closed
ALT-904087,2024-08-05 15:59:30,Medium,Loan Origination System,Mortgage & Lending,Persistence,M. Patel,Benign,26,Closed
ALT-901588,2024-08-05 19:02:36,Low,Payment Gateway,Payments & Cards,Discovery,Unassigned,True Positive,177,Closed
ALT-900752,2024-08-06 06:59:33,Medium,Active Directory,Corporate IT & Infrastructure,Discovery,A. Ramirez,Benign,128,Closed
ALT-901572,2024-08-06 18:18:20,Medium,Commercial Loan Platform,Commercial Banking,Discovery,A. Ramirez,Benign,162,Closed
ALT-900368,2024-08-06 21:29:37,Low,Data Warehouse,Corporate IT & Infrastructure,Collection,L. Novak,Benign,287,Closed
ALT-903990,2024-08-07 01:20:51,Low,Online Banking Portal,Digital Banking,Discovery,S. Okafor,False Positive,220,Closed
ALT-901657,2024-08-07 11:53:45,Low,Mobile Banking App,Digital Banking,Execution,Unassigned,Benign,117,Closed
ALT-904175,2024-08-07 20:39:42,Low,Trading Platform,Wealth Management,Exfiltration,J. Kowalski,True Positive,120,Closed
ALT-901402,2024-08-08 09:00:31,Critical,Wealth Management Platform,Wealth Management,Persistence,J. Kowalski,True Positive,14,Closed
ALT-902260,2024-08-08 13:45:00,Low,Commercial Loan Platform,Commercial Banking,Command and Control,A. Ramirez,Benign,276,Closed
ALT-901160,2024-08-08 14:46:51,Low,Active Directory,Corporate IT & Infrastructure,Credential Access,A. Ramirez,Benign,248,Closed
ALT-903654,2024-08-08 19:24:36,Low,Document Management System,Mortgage & Lending,Defense Evasion,L. Novak,Benign,69,Closed
ALT-900215,2024-08-08 20:21:26,Low,Commercial Loan Platform,Commercial Banking,Discovery,S. Okafor,Benign,352,Closed
ALT-902515,2024-08-09 00:37:53,Critical,Active Directory,Corporate IT & Infrastructure,Execution,T. Chen,False Positive,26,Closed
ALT-900336,2024-08-09 01:17:11,Medium,Mobile Banking App,Digital Banking,Privilege Escalation,Unassigned,False Positive,42,Closed
ALT-902713,2024-08-09 06:03:46,Medium,Treasury Management System,Commercial Banking,Collection,J. Kowalski,False Positive,15,Closed
ALT-903196,2024-08-09 09:36:46,Low,Cloud Workloads (AWS),Corporate IT & Infrastructure,Initial Access,L. Novak,Benign,297,Closed
ALT-900904,2024-08-09 09:57:10,Medium,Trading Platform,Wealth Management,Discovery,J. Kowalski,Benign,77,Closed
ALT-904048,2024-08-09 23:02:24,Low,Endpoint Fleet,Corporate IT & Infrastructure,Privilege Escalation,S. Okafor,False Positive,249,Closed
ALT-903816,2024-08-10 06:53:07,Medium,ATM Network,Retail Banking,Discovery,S. Okafor,Benign,167,Closed
ALT-902985,2024-08-10 12:21:38,Low,Wire Transfer System,Payments & Cards,Impact,S. Okafor,Benign,86,Closed
ALT-900611,2024-08-11 04:28:29,Low,Active Directory,Corporate IT & Infrastructure,Initial Access,J. Kowalski,Benign,260,Closed
ALT-903331,2024-08-11 09:52:09,High,Active Directory,Corporate IT & Infrastructure,Credential Access,J. Kowalski,Benign,8,Closed
ALT-903064,2024-08-11 10:38:13,Low,Mobile Banking App,Digital Banking,Impact,Unassigned,Benign,104,Closed
ALT-901404,2024-08-11 16:32:26,High,Endpoint Fleet,Corporate IT & Infrastructure,Discovery,J. Kowalski,True Positive,52,Closed
ALT-903450,2024-08-12 04:03:54,Low,Mobile Banking App,Digital Banking,Discovery,A. Ramirez,Benign,71,Closed
ALT-900509,2024-08-12 12:39:44,Low,Active Directory,Corporate IT & Infrastructure,Persistence,J. Kowalski,False Positive,206,Closed
ALT-900819,2024-08-12 19:33:20,High,Mobile Banking App,Digital Banking,Impact,S. Okafor,False Positive,22,Closed
ALT-903448,2024-08-13 03:17:24,Low,Wealth Management Platform,Wealth Management,Credential Access,J. Kowalski,Benign,159,Closed
ALT-900334,2024-08-13 15:02:42,Medium,Payment Gateway,Payments & Cards,Credential Access,M. Patel,Benign,126,Closed
ALT-901120,2024-08-13 19:43:15,Low,Mobile Banking App,Digital Banking,Defense Evasion,L. Novak,Benign,152,Closed
ALT-902987,2024-08-13 23:04:45,Medium,Mobile Banking App,Digital Banking,Initial Access,T. Chen,False Positive,67,Closed
ALT-901664,2024-08-14 03:54:39,Low,Wealth Management Platform,Wealth Management,Discovery,A. Ramirez,Benign,334,Closed
ALT-900339,2024-08-14 08:50:28,Low,Document Management System,Mortgage & Lending,Exfiltration,L. Novak,Benign,313,Closed
ALT-902318,2024-08-14 10:31:50,High,Core Banking System,Retail Banking,Impact,L. Novak,False Positive,22,Closed
ALT-903102,2024-08-14 19:18:56,Low,Wire Transfer System,Payments & Cards,Impact,J. Kowalski,False Positive,148,Closed
ALT-903860,2024-08-14 19:45:11,Low,Document Management System,Mortgage & Lending,Privilege Escalation,J. Kowalski,Benign,350,Closed
ALT-903350,2024-08-14 20:00:36,Medium,Commercial Loan Platform,Commercial Banking,Privilege Escalation,L. Novak,False Positive,41,Closed
ALT-904187,2024-08-14 21:11:36,Low,Mobile Banking App,Digital Banking,Execution,M. Patel,Benign,304,Closed
ALT-901298,2024-08-15 07:47:03,High,Trading Platform,Wealth Management,Exfiltration,T. Chen,Benign,45,Closed
ALT-901431,2024-08-15 09:37:03,Low,ATM Network,Retail Banking,Privilege Escalation,A. Ramirez,False Positive,176,Closed
ALT-904181,2024-08-15 09:46:40,Low,Online Banking Portal,Digital Banking,Credential Access,J. Kowalski,True Positive,136,Closed
ALT-900663,2024-08-15 19:02:30,Low,Wire Transfer System,Payments & Cards,Execution,S. Okafor,Benign,340,Closed
ALT-900803,2024-08-16 00:33:53,Medium,Treasury Management System,Commercial Banking,Collection,J. Kowalski,False Positive,43,Closed
ALT-903079,2024-08-16 01:01:22,High,Data Warehouse,Corporate IT & Infrastructure,Privilege Escalation,S. Okafor,False Positive,56,Closed
ALT-902046,2024-08-16 01:17:32,High,Payment Gateway,Payments & Cards,Exfiltration,M. Patel,Benign,26,Closed
ALT-902354,2024-08-16 06:57:44,High,Online Banking Portal,Digital Banking,Impact,M. Patel,True Positive,52,Closed
ALT-901476,2024-08-16 12:07:46,Medium,Data Warehouse,Corporate IT & Infrastructure,Collection,J. Kowalski,Benign,166,Closed
ALT-903323,2024-08-16 17:03:16,Low,Cloud Workloads (AWS),Corporate IT & Infrastructure,Defense Evasion,Unassigned,False Positive,72,Closed
ALT-902559,2024-08-16 18:36:05,Low,Commercial Loan Platform,Commercial Banking,Discovery,S. Okafor,Benign,231,Closed
ALT-902243,2024-08-16 19:12:49,Medium,Payment Gateway,Payments & Cards,Privilege Escalation,J. Kowalski,Benign,132,Closed
ALT-901320,2024-08-16 20:36:09,Medium,Commercial Loan Platform,Commercial Banking,Collection,T. Chen,Benign,13,Closed
ALT-901183,2024-08-16 21:07:17,Low,Treasury Management System,Commercial Banking,Persistence,J. Kowalski,False Positive,191,Closed
ALT-900273,2024-08-16 22:28:44,Medium,Wire Transfer System,Payments & Cards,Discovery,A. Ramirez,False Positive,134,Closed
ALT-900707,2024-08-17 03:50:15,Medium,Wealth Management Platform,Wealth Management,Discovery,T. Chen,False Positive,147,Closed
ALT-903269,2024-08-17 05:29:46,Low,Commercial Loan Platform,Commercial Banking,Initial Access,M. Patel,False Positive,205,Closed
ALT-903877,2024-08-17 11:44:56,Medium,Online Banking Portal,Digital Banking,Collection,M. Patel,False Positive,10,Closed
ALT-903805,2024-08-17 14:25:09,Low,Endpoint Fleet,Corporate IT & Infrastructure,Collection,Unassigned,False Positive,238,Closed
ALT-902006,2024-08-17 14:33:11,Low,Email & Collaboration (O365),Corporate IT & Infrastructure,Initial Access,A. Ramirez,False Positive,319,Closed
ALT-903884,2024-08-18 02:52:00,Low,Online Banking Portal,Digital Banking,Privilege Escalation,A. Ramirez,True Positive,131,Closed
ALT-902259,2024-08-18 11:20:59,Low,Card Issuance System,Payments & Cards,Privilege Escalation,A. Ramirez,False Positive,354,Closed
ALT-900302,2024-08-18 15:44:04,High,Online Banking Portal,Digital Banking,Defense Evasion,L. Novak,False Positive,11,Closed
ALT-900333,2024-08-18 19:05:03,Medium,Trading Platform,Wealth Management,Persistence,T. Chen,True Positive,59,Closed
ALT-903095,2024-08-19 00:12:06,Medium,Payment Gateway,Payments & Cards,Exfiltration,M. Patel,Benign,171,Closed
ALT-904167,2024-08-19 01:01:02,Low,Core Banking System,Retail Banking,Privilege Escalation,T. Chen,Benign,141,Closed
ALT-900547,2024-08-19 04:51:40,Low,Customer API Gateway,Digital Banking,Lateral Movement,T. Chen,False Positive,201,Closed
ALT-902454,2024-08-19 07:02:11,High,Loan Origination System,Mortgage & Lending,Command and Control,M. Patel,False Positive,8,Closed
ALT-903023,2024-08-19 07:45:08,Medium,Mobile Banking App,Digital Banking,Impact,L. Novak,False Positive,145,Closed
ALT-900677,2024-08-19 08:22:03,Low,Document Management System,Mortgage & Lending,Exfiltration,T. Chen,Benign,296,Closed
ALT-900523,2024-08-19 11:46:58,Low,Endpoint Fleet,Corporate IT & Infrastructure,Credential Access,Unassigned,Benign,350,Closed
ALT-901169,2024-08-19 15:31:46,Low,Card Issuance System,Payments & Cards,Credential Access,M. Patel,False Positive,145,Closed
ALT-902756,2024-08-19 16:45:59,Low,Card Issuance System,Payments & Cards,Initial Access,A. Ramirez,Benign,352,Closed
ALT-902159,2024-08-19 18:23:46,High,Core Banking System,Retail Banking,Lateral Movement,S. Okafor,True Positive,6,Closed
ALT-902219,2024-08-19 21:34:18,High,Teller Platform,Retail Banking,Defense Evasion,M. Patel,Benign,9,Closed
ALT-901296,2024-08-21 03:24:38,Low,Treasury Management System,Commercial Banking,Discovery,A. Ramirez,False Positive,227,Closed
ALT-904089,2024-08-21 04:04:25,Medium,Data Warehouse,Corporate IT & Infrastructure,Initial Access,A. Ramirez,True Positive,126,Closed
ALT-902592,2024-08-21 14:18:09,Low,Customer API Gateway,Digital Banking,Lateral Movement,M. Patel,Benign,274,Closed
ALT-903864,2024-08-21 18:45:00,Low,ATM Network,Retail Banking,Defense Evasion,Unassigned,False Positive,313,Closed
ALT-901032,2024-08-21 23:14:44,Medium,ATM Network,Retail Banking,Lateral Movement,M. Patel,False Positive,55,Closed
ALT-901015,2024-08-21 23:59:19,Medium,Cloud Workloads (AWS),Corporate IT & Infrastructure,Lateral Movement,M. Patel,Benign,81,Closed
ALT-902058,2024-08-22 00:20:35,High,Customer API Gateway,Digital Banking,Execution,Unassigned,False Positive,58,Closed
ALT-902900,2024-08-22 05:31:17,Low,Active Directory,Corporate IT & Infrastructure,Privilege Escalation,T. Chen,True Positive,229,Closed
ALT-902389,2024-08-22 09:58:37,Low,Trading Platform,Wealth Management,Command and Control,S. Okafor,Benign,90,Closed
ALT-902678,2024-08-22 12:11:13,Medium,Mobile Banking App,Digital Banking,Discovery,T. Chen,Benign,176,Closed
ALT-901198,2024-08-22 16:19:23,Medium,Online Banking Portal,Digital Banking,Command and Control,Unassigned,False Positive,139,Closed
ALT-901530,2024-08-22 20:38:12,Medium,Commercial Loan Platform,Commercial Banking,Lateral Movement,A. Ramirez,Benign,49,Closed
ALT-901327,2024-08-22 23:02:20,Medium,Treasury Management System,Commercial Banking,Lateral Movement,T. Chen,False Positive,167,Closed
ALT-900038,2024-08-23 09:15:13,Critical,Teller Platform,Retail Banking,Credential Access,L. Novak,True Positive,8,Closed
ALT-901503,2024-08-23 12:23:29,Medium,ATM Network,Retail Banking,Credential Access,J. Kowalski,Benign,133,Closed
ALT-901595,2024-08-23 17:27:12,Critical,Active Directory,Corporate IT & Infrastructure,Defense Evasion,L. Novak,False Positive,18,Closed
ALT-903705,2024-08-23 20:01:41,Low,Wealth Management Platform,Wealth Management,Persistence,Unassigned,True Positive,187,Closed
ALT-901701,2024-08-24 05:38:25,Low,Mobile Banking App,Digital Banking,Discovery,S. Okafor,Benign,69,Closed
ALT-902747,2024-08-24 07:39:54,Low,Commercial Loan Platform,Commercial Banking,Execution,J. Kowalski,False Positive,148,Closed
ALT-901110,2024-08-24 15:34:29,Low,ATM Network,Retail Banking,Collection,M. Patel,False Positive,126,Closed
ALT-902670,2024-08-24 17:51:34,Low,Document Management System,Mortgage & Lending,Persistence,T. Chen,Benign,103,Closed
ALT-900175,2024-08-25 01:49:52,Low,Payment Gateway,Payments & Cards,Discovery,M. Patel,False Positive,215,Closed
ALT-900354,2024-08-25 04:46:15,Low,Document Management System,Mortgage & Lending,Defense Evasion,T. Chen,Benign,358,Closed
ALT-901141,2024-08-25 15:05:30,Medium,Active Directory,Corporate IT & Infrastructure,Persistence,Unassigned,False Positive,126,Closed
ALT-903080,2024-08-25 15:53:51,Medium,Wealth Management Platform,Wealth Management,Credential Access,M. Patel,Benign,23,Closed
ALT-901290,2024-08-25 21:27:10,Medium,Core Banking System,Retail Banking,Credential Access,A. Ramirez,Benign,83,Closed
ALT-902328,2024-08-26 00:16:09,Medium,Data Warehouse,Corporate IT & Infrastructure,Command and Control,Unassigned,Benign,116,Closed
ALT-901774,2024-08-26 01:48:03,Medium,Teller Platform,Retail Banking,Privilege Escalation,L. Novak,True Positive,114,Closed
ALT-902907,2024-08-26 03:58:59,Low,Teller Platform,Retail Banking,Initial Access,A. Ramirez,Benign,239,Closed
ALT-903460,2024-08-26 06:08:05,Medium,Core Banking System,Retail Banking,Lateral Movement,M. Patel,Benign,106,Closed
ALT-903676,2024-08-26 11:15:31,Low,Customer API Gateway,Digital Banking,Execution,M. Patel,False Positive,125,Closed
ALT-902172,2024-08-26 13:43:21,Low,Treasury Management System,Commercial Banking,Privilege Escalation,T. Chen,True Positive,163,Closed
ALT-901192,2024-08-26 15:53:32,Low,Active Directory,Corporate IT & Infrastructure,Privilege Escalation,J. Kowalski,Benign,247,Closed
ALT-901171,2024-08-26 20:35:20,Low,Teller Platform,Retail Banking,Collection,A. Ramirez,True Positive,150,Closed
ALT-902595,2024-08-26 20:46:48,Critical,Treasury Management System,Commercial Banking,Execution,Unassigned,False Positive,18,Closed
ALT-900272,2024-08-27 04:51:20,Low,Customer API Gateway,Digital Banking,Exfiltration,M. Patel,False Positive,232,Closed
ALT-901084,2024-08-27 10:02:25,Low,Document Management System,Mortgage & Lending,Defense Evasion,S. Okafor,False Positive,321,Closed
ALT-903267,2024-08-27 12:14:37,Medium,Payment Gateway,Payments & Cards,Impact,M. Patel,Benign,138,Closed
ALT-901051,2024-08-27 16:10:57,Medium,Customer API Gateway,Digital Banking,Exfiltration,S. Okafor,True Positive,74,Closed
ALT-900173,2024-08-27 16:46:46,Low,Customer API Gateway,Digital Banking,Credential Access,T. Chen,Benign,323,Closed
ALT-903181,2024-08-27 21:00:31,Medium,Core Banking System,Retail Banking,Discovery,S. Okafor,Benign,76,Closed
ALT-901636,2024-08-27 22:34:54,Medium,Online Banking Portal,Digital Banking,Privilege Escalation,S. Okafor,Benign,97,Closed
ALT-901745,2024-08-28 01:12:37,Low,Online Banking Portal,Digital Banking,Discovery,M. Patel,Benign,221,Closed
ALT-902727,2024-08-28 08:46:54,Low,Online Banking Portal,Digital Banking,Collection,M. Patel,False Positive,97,Closed
ALT-903964,2024-08-28 12:12:49,Low,Card Issuance System,Payments & Cards,Defense Evasion,A. Ramirez,False Positive,118,Closed
ALT-901413,2024-08-28 12:44:54,Medium,Email & Collaboration (O365),Corporate IT & Infrastructure,Initial Access,L. Novak,False Positive,172,Closed
ALT-900255,2024-08-28 13:44:55,Low,Document Management System,Mortgage & Lending,Lateral Movement,S. Okafor,False Positive,325,Closed
ALT-902483,2024-08-28 17:19:25,Medium,Mobile Banking App,Digital Banking,Defense Evasion,T. Chen,Benign,51,Closed
ALT-904105,2024-08-28 22:04:07,Medium,Treasury Management System,Commercial Banking,Credential Access,Unassigned,False Positive,31,Closed
ALT-901914,2024-08-28 22:42:57,Low,Treasury Management System,Commercial Banking,Credential Access,Unassigned,Benign,255,Closed
ALT-900621,2024-08-28 22:43:50,Medium,Endpoint Fleet,Corporate IT & Infrastructure,Command and Control,A. Ramirez,False Positive,79,Closed
ALT-902034,2024-08-29 05:39:18,Low,Cloud Workloads (AWS),Corporate IT & Infrastructure,Credential Access,Unassigned,False Positive,303,Closed
ALT-903861,2024-08-29 09:24:50,High,Trading Platform,Wealth Management,Discovery,A. Ramirez,True Positive,30,Closed
ALT-901451,2024-08-29 11:41:51,Medium,Teller Platform,Retail Banking,Credential Access,L. Novak,True Positive,135,Closed
ALT-903461,2024-08-29 14:10:02,Low,Cloud Workloads (AWS),Corporate IT & Infrastructure,Command and Control,S. Okafor,False Positive,256,Closed
ALT-903798,2024-08-29 14:47:51,Medium,Wealth Management Platform,Wealth Management,Initial Access,L. Novak,Benign,16,Closed
ALT-900813,2024-08-29 15:04:45,High,Loan Origination System,Mortgage & Lending,Initial Access,S. Okafor,Benign,28,Closed
ALT-901155,2024-08-29 20:07:13,Medium,Wire Transfer System,Payments & Cards,Credential Access,A. Ramirez,False Positive,33,Closed
ALT-901175,2024-08-29 20:58:17,Medium,Email & Collaboration (O365),Corporate IT & Infrastructure,Exfiltration,A. Ramirez,False Positive,34,Closed
ALT-901890,2024-08-29 23:16:47,Low,Commercial Loan Platform,Commercial Banking,Privilege Escalation,J. Kowalski,False Positive,21,Closed
ALT-901843,2024-08-30 00:09:33,Medium,Online Banking Portal,Digital Banking,Impact,A. Ramirez,True Positive,87,Closed
ALT-903176,2024-08-30 02:52:59,Low,Document Management System,Mortgage & Lending,Exfiltration,A. Ramirez,False Positive,41,Closed
ALT-903900,2024-08-30 09:10:45,Medium,ATM Network,Retail Banking,Discovery,Unassigned,False Positive,95,Closed
ALT-903600,2024-08-30 09:38:05,Medium,Online Banking Portal,Digital Banking,Collection,Unassigned,Benign,165,Closed
ALT-900966,2024-08-30 12:59:42,Medium,Cloud Workloads (AWS),Corporate IT & Infrastructure,Collection,Unassigned,Benign,144,Closed
ALT-900753,2024-08-30 14:05:18,High,Online Banking Portal,Digital Banking,Exfiltration,T. Chen,True Positive,33,Closed
ALT-900011,2024-08-30 16:52:42,Medium,Trading Platform,Wealth Management,Collection,J. Kowalski,Benign,167,Closed
ALT-901353,2024-08-30 19:48:34,Low,ATM Network,Retail Banking,Collection,Unassigned,Benign,341,Closed
ALT-901608,2024-08-31 02:54:49,Medium,Commercial Loan Platform,Commercial Banking,Defense Evasion,A. Ramirez,Benign,25,Closed
ALT-900068,2024-08-31 07:11:53,Medium,ATM Network,Retail Banking,Initial Access,Unassigned,Benign,121,Closed
ALT-900452,2024-08-31 07:17:48,Low,Wire Transfer System,Payments & Cards,Collection,L. Novak,Benign,156,Closed
ALT-902935,2024-08-31 09:03:52,Low,Mobile Banking App,Digital Banking,Execution,J. Kowalski,Benign,176,Closed
ALT-900031,2024-08-31 12:14:08,Critical,Data Warehouse,Corporate IT & Infrastructure,Lateral Movement,L. Novak,True Positive,23,Closed
ALT-901908,2024-08-31 14:38:00,High,Customer API Gateway,Digital Banking,Privilege Escalation,Unassigned,True Positive,28,Closed
ALT-903667,2024-08-31 17:41:21,Low,Treasury Management System,Commercial Banking,Lateral Movement,Unassigned,False Positive,80,Closed
ALT-902851,2024-08-31 19:49:42,Medium,Email & Collaboration (O365),Corporate IT & Infrastructure,Command and Control,A. Ramirez,Benign,55,Closed
ALT-902387,2024-09-01 06:43:36,Low,Commercial Loan Platform,Commercial Banking,Impact,A. Ramirez,False Positive,167,Closed
ALT-901278,2024-09-01 08:18:55,Medium,Loan Origination System,Mortgage & Lending,Initial Access,J. Kowalski,Benign,176,Closed
ALT-902827,2024-09-01 10:03:52,Low,Endpoint Fleet,Corporate IT & Infrastructure,Privilege Escalation,A. Ramirez,False Positive,128,Closed
ALT-902500,2024-09-01 17:47:23,Medium,Data Warehouse,Corporate IT & Infrastructure,Lateral Movement,A. Ramirez,Benign,106,Closed
ALT-901958,2024-09-02 00:53:20,Low,ATM Network,Retail Banking,Lateral Movement,T. Chen,Benign,72,Closed
ALT-900704,2024-09-02 06:58:05,High,ATM Network,Retail Banking,Privilege Escalation,Unassigned,Benign,11,Closed
ALT-901889,2024-09-02 10:46:04,High,Teller Platform,Retail Banking,Exfiltration,L. Novak,True Positive,15,Closed
ALT-902060,2024-09-02 12:36:42,Medium,Mobile Banking App,Digital Banking,Persistence,L. Novak,False Positive,120,Closed
ALT-902138,2024-09-02 18:55:31,Low,Loan Origination System,Mortgage & Lending,Initial Access,Unassigned,False Positive,104,Closed
ALT-901349,2024-09-03 00:04:41,Critical,Card Issuance System,Payments & Cards,Defense Evasion,M. Patel,True Positive,13,Closed
ALT-902291,2024-09-03 02:51:22,Low,Customer API Gateway,Digital Banking,Persistence,M. Patel,False Positive,289,Closed
ALT-900172,2024-09-03 03:09:56,Low,Mobile Banking App,Digital Banking,Persistence,J. Kowalski,Benign,148,Closed
ALT-900501,2024-09-03 06:43:39,Medium,Teller Platform,Retail Banking,Command and Control,Unassigned,True Positive,130,Closed
ALT-904065,2024-09-03 10:19:13,Medium,Customer API Gateway,Digital Banking,Initial Access,T. Chen,True Positive,123,Closed
ALT-902585,2024-09-03 11:24:09,High,Email & Collaboration (O365),Corporate IT & Infrastructure,Exfiltration,A. Ramirez,True Positive,35,Closed
ALT-901880,2024-09-03 21:14:35,Low,Document Management System,Mortgage & Lending,Defense Evasion,M. Patel,True Positive,201,Closed
ALT-903444,2024-09-03 21:45:03,Low,Commercial Loan Platform,Commercial Banking,Lateral Movement,T. Chen,Benign,165,Closed
ALT-902062,2024-09-03 22:53:42,Low,Customer API Gateway,Digital Banking,Privilege Escalation,J. Kowalski,False Positive,186,Closed
ALT-902191,2024-09-04 00:22:53,High,Teller Platform,Retail Banking,Impact,A. Ramirez,Benign,59,Closed
ALT-903879,2024-09-04 05:10:15,Low,Card Issuance System,Payments & Cards,Credential Access,Unassigned,Benign,134,Closed
ALT-902438,2024-09-04 05:11:16,Low,Trading Platform,Wealth Management,Initial Access,Unassigned,False Positive,43,Closed
ALT-900307,2024-09-04 05:44:27,Medium,Mobile Banking App,Digital Banking,Privilege Escalation,M. Patel,Benign,128,Closed
ALT-901746,2024-09-04 10:49:50,High,Online Banking Portal,Digital Banking,Persistence,A. Ramirez,True Positive,58,Closed
ALT-900765,2024-09-04 11:46:52,Low,Wealth Management Platform,Wealth Management,Privilege Escalation,M. Patel,Benign,349,Closed
ALT-900808,2024-09-04 16:14:50,Low,Card Issuance System,Payments & Cards,Lateral Movement,A. Ramirez,Benign,345,Closed
ALT-902882,2024-09-04 19:42:05,Low,Treasury Management System,Commercial Banking,Exfiltration,A. Ramirez,False Positive,143,Closed
ALT-903975,2024-09-05 02:47:21,Medium,Data Warehouse,Corporate IT & Infrastructure,Discovery,Unassigned,Benign,137,Closed
ALT-903818,2024-09-05 09:08:31,Low,Trading Platform,Wealth Management,Impact,L. Novak,Benign,303,Closed
ALT-902598,2024-09-05 10:53:40,Low,Loan Origination System,Mortgage & Lending,Defense Evasion,Unassigned,False Positive,135,Closed
ALT-904112,2024-09-05 12:54:03,Medium,Email & Collaboration (O365),Corporate IT & Infrastructure,Command and Control,L. Novak,True Positive,32,Closed
ALT-901906,2024-09-05 13:35:24,Medium,Wealth Management Platform,Wealth Management,Command and Control,T. Chen,Benign,127,Closed
ALT-900374,2024-09-05 16:24:40,Medium,Card Issuance System,Payments & Cards,Lateral Movement,Unassigned,False Positive,69,Closed
ALT-902521,2024-09-06 00:41:30,Low,Loan Origination System,Mortgage & Lending,Discovery,T. Chen,Benign,344,Closed
ALT-903518,2024-09-06 01:17:37,Low,Data Warehouse,Corporate IT & Infrastructure,Exfiltration,L. Novak,Benign,149,Closed
ALT-903685,2024-09-06 01:37:52,Low,Mobile Banking App,Digital Banking,Command and Control,A. Ramirez,Benign,164,Closed
ALT-903937,2024-09-06 04:22:35,Low,Card Issuance System,Payments & Cards,Credential Access,T. Chen,False Positive,48,Closed
ALT-903391,2024-09-06 08:34:34,Low,Document Management System,Mortgage & Lending,Defense Evasion,A. Ramirez,Benign,213,Closed
ALT-900583,2024-09-06 17:31:34,Low,Email & Collaboration (O365),Corporate IT & Infrastructure,Discovery,J. Kowalski,Benign,269,Closed
ALT-900510,2024-09-06 20:27:59,Medium,Card Issuance System,Payments & Cards,Persistence,Unassigned,False Positive,58,Closed
ALT-902119,2024-09-06 22:39:22,Low,Wealth Management Platform,Wealth Management,Exfiltration,A. Ramirez,False Positive,263,Closed
ALT-903926,2024-09-07 04:45:18,Medium,Online Banking Portal,Digital Banking,Privilege Escalation,S. Okafor,Benign,179,Closed
ALT-900466,2024-09-07 10:01:45,Low,Active Directory,Corporate IT & Infrastructure,Discovery,M. Patel,Benign,288,Closed
ALT-900257,2024-09-07 14:02:42,Medium,Card Issuance System,Payments & Cards,Credential Access,J. Kowalski,False Positive,12,Closed
ALT-901430,2024-09-07 15:12:11,Medium,Mobile Banking App,Digital Banking,Exfiltration,A. Ramirez,Benign,139,Closed
ALT-903721,2024-09-07 16:38:56,Medium,Payment Gateway,Payments & Cards,Defense Evasion,M. Patel,False Positive,76,Closed
ALT-903611,2024-09-08 11:42:06,Medium,Email & Collaboration (O365),Corporate IT & Infrastructure,Command and Control,A. Ramirez,Benign,57,Closed
ALT-901964,2024-09-08 16:02:37,Medium,Loan Origination System,Mortgage & Lending,Collection,T. Chen,False Positive,31,Closed
ALT-903406,2024-09-08 22:59:55,Medium,Customer API Gateway,Digital Banking,Privilege Escalation,Unassigned,Benign,126,Closed
ALT-900527,2024-09-08 23:06:39,Medium,Core Banking System,Retail Banking,Execution,M. Patel,Benign,116,Closed
ALT-900667,2024-09-08 23:41:43,Medium,Mobile Banking App,Digital Banking,Credential Access,M. Patel,Benign,176,Closed
ALT-900004,2024-09-09 16:35:07,Low,Online Banking Portal,Digital Banking,Initial Access,Unassigned,Benign,331,Closed
ALT-901341,2024-09-10 02:10:59,Medium,Active Directory,Corporate IT & Infrastructure,Defense Evasion,M. Patel,Benign,168,Closed
ALT-900873,2024-09-10 09:00:11,High,Core Banking System,Retail Banking,Command and Control,A. Ramirez,False Positive,21,Closed
ALT-903438,2024-09-10 09:30:02,Medium,Online Banking Portal,Digital Banking,Persistence,Unassigned,False Positive,66,Closed
ALT-902889,2024-09-10 18:57:57,Low,Customer API Gateway,Digital Banking,Impact,J. Kowalski,False Positive,357,Closed
ALT-903874,2024-09-10 23:02:12,Low,Mobile Banking App,Digital Banking,Impact,T. Chen,Benign,153,Closed
ALT-903998,2024-09-11 02:29:35,Low,Loan Origination System,Mortgage & Lending,Privilege Escalation,A. Ramirez,Benign,260,Closed
ALT-901712,2024-09-11 16:07:30,High,Teller Platform,Retail Banking,Initial Access,L. Novak,False Positive,54,Closed
ALT-900463,2024-09-12 19:00:08,Low,Cloud Workloads (AWS),Corporate IT & Infrastructure,Collection,Unassigned,False Positive,254,Closed
ALT-901508,2024-09-12 20:14:35,Low,Payment Gateway,Payments & Cards,Persistence,M. Patel,Benign,353,Closed
ALT-901143,2024-09-13 00:40:38,Low,Email & Collaboration (O365),Corporate IT & Infrastructure,Persistence,Unassigned,Benign,180,Closed
ALT-901473,2024-09-13 01:35:40,Low,Mobile Banking App,Digital Banking,Privilege Escalation,Unassigned,Benign,118,Closed
ALT-901196,2024-09-13 06:56:29,Low,Online Banking Portal,Digital Banking,Initial Access,S. Okafor,Benign,224,Closed
ALT-903417,2024-09-13 21:33:27,Medium,Commercial Loan Platform,Commercial Banking,Persistence,S. Okafor,True Positive,31,Closed
ALT-902433,2024-09-13 21:37:19,Medium,Email & Collaboration (O365),Corporate IT & Infrastructure,Execution,M. Patel,Benign,127,Closed
ALT-902684,2024-09-13 22:43:00,Medium,Loan Origination System,Mortgage & Lending,Persistence,M. Patel,Benign,40,Closed
ALT-900157,2024-09-14 02:11:03,Low,Commercial Loan Platform,Commercial Banking,Impact,Unassigned,False Positive,232,Closed
ALT-901044,2024-09-14 06:14:42,Medium,Wire Transfer System,Payments & Cards,Command and Control,S. Okafor,Benign,143,Closed
ALT-904180,2024-09-14 08:48:31,High,Email & Collaboration (O365),Corporate IT & Infrastructure,Lateral Movement,L. Novak,False Positive,43,Closed
ALT-901669,2024-09-14 09:38:18,Medium,Document Management System,Mortgage & Lending,Execution,L. Novak,False Positive,113,Closed
ALT-902025,2024-09-14 10:53:47,Low,Treasury Management System,Commercial Banking,Lateral Movement,Unassigned,False Positive,238,Closed
ALT-903887,2024-09-14 14:34:34,High,Mobile Banking App,Digital Banking,Impact,A. Ramirez,Benign,22,Closed
ALT-901386,2024-09-14 17:38:50,Medium,Trading Platform,Wealth Management,Execution,T. Chen,Benign,149,Closed
ALT-902886,2024-09-14 22:42:54,Medium,ATM Network,Retail Banking,Collection,J. Kowalski,Benign,124,Closed
ALT-901934,2024-09-14 23:02:46,Low,Teller Platform,Retail Banking,Command and Control,M. Patel,False Positive,292,Closed
ALT-900259,2024-09-15 00:03:35,Low,Online Banking Portal,Digital Banking,Lateral Movement,T. Chen,Benign,300,Closed
ALT-901571,2024-09-15 00:56:17,Medium,Loan Origination System,Mortgage & Lending,Privilege Escalation,L. Novak,False Positive,46,Closed
ALT-903504,2024-09-15 07:23:28,Low,Email & Collaboration (O365),Corporate IT & Infrastructure,Initial Access,S. Okafor,False Positive,16,Closed
ALT-900500,2024-09-15 07:26:00,Medium,ATM Network,Retail Banking,Credential Access,L. Novak,Benign,99,Closed
ALT-902313,2024-09-15 09:55:21,High,Loan Origination System,Mortgage & Lending,Defense Evasion,L. Novak,True Positive,11,Closed
ALT-903649,2024-09-15 10:22:20,Medium,Wire Transfer System,Payments & Cards,Impact,Unassigned,False Positive,74,Closed
ALT-900314,2024-09-16 04:32:55,Low,Trading Platform,Wealth Management,Impact,J. Kowalski,Benign,131,Closed
ALT-900483,2024-09-16 05:25:29,Medium,Active Directory,Corporate IT & Infrastructure,Discovery,S. Okafor,True Positive,20,Closed
ALT-902308,2024-09-16 07:27:37,Low,Cloud Workloads (AWS),Corporate IT & Infrastructure,Command and Control,M. Patel,False Positive,36,Closed
ALT-903665,2024-09-16 09:09:57,High,Treasury Management System,Commercial Banking,Discovery,J. Kowalski,Benign,50,Closed
ALT-901326,2024-09-16 09:10:41,Medium,Active Directory,Corporate IT & Infrastructure,Defense Evasion,T. Chen,Benign,158,Closed
ALT-902710,2024-09-17 11:20:07,Low,Email & Collaboration (O365),Corporate IT & Infrastructure,Discovery,L. Novak,Benign,192,Closed
ALT-903066,2024-09-17 11:43:28,Low,Payment Gateway,Payments & Cards,Discovery,Unassigned,True Positive,95,Closed
ALT-904178,2024-09-17 14:18:06,Medium,Treasury Management System,Commercial Banking,Exfiltration,Unassigned,True Positive,19,Closed
ALT-900448,2024-09-17 18:45:46,Medium,Core Banking System,Retail Banking,Defense Evasion,L. Novak,Benign,140,Closed
ALT-903440,2024-09-17 20:13:06,High,Online Banking Portal,Digital Banking,Lateral Movement,M. Patel,True Positive,17,Closed
ALT-903100,2024-09-18 01:11:53,High,Document Management System,Mortgage & Lending,Credential Access,Unassigned,Benign,39,Closed
ALT-903388,2024-09-18 02:46:30,Low,Wire Transfer System,Payments & Cards,Privilege Escalation,Unassigned,False Positive,235,Closed
ALT-902703,2024-09-18 04:45:00,Medium,Cloud Workloads (AWS),Corporate IT & Infrastructure,Lateral Movement,A. Ramirez,False Positive,113,Closed
ALT-900445,2024-09-18 08:26:44,Medium,Card Issuance System,Payments & Cards,Command and Control,J. Kowalski,False Positive,78,Closed
ALT-900348,2024-09-18 09:05:05,High,Card Issuance System,Payments & Cards,Lateral Movement,Unassigned,False Positive,9,Closed
ALT-901771,2024-09-18 18:42:21,Medium,Cloud Workloads (AWS),Corporate IT & Infrastructure,Privilege Escalation,M. Patel,False Positive,172,Closed
ALT-903273,2024-09-19 12:21:44,Low,Teller Platform,Retail Banking,Impact,Unassigned,Benign,26,Closed
ALT-900251,2024-09-19 12:21:52,Low,Endpoint Fleet,Corporate IT & Infrastructure,Credential Access,L. Novak,False Positive,115,Closed
ALT-900035,2024-09-19 15:49:44,Critical,Loan Origination System,Mortgage & Lending,Collection,M. Patel,True Positive,6,Closed
ALT-901072,2024-09-19 20:00:24,Medium,Online Banking Portal,Digital Banking,Persistence,J. Kowalski,Benign,140,Closed
ALT-902249,2024-09-19 23:40:07,Low,Commercial Loan Platform,Commercial Banking,Credential Access,T. Chen,False Positive,140,Closed
ALT-901724,2024-09-20 02:12:02,Medium,Card Issuance System,Payments & Cards,Command and Control,S. Okafor,Benign,53,Closed
ALT-903076,2024-09-20 10:17:49,Medium,Endpoint Fleet,Corporate IT & Infrastructure,Collection,J. Kowalski,Benign,122,Closed
ALT-902228,2024-09-20 17:30:30,Medium,Data Warehouse,Corporate IT & Infrastructure,Impact,A. Ramirez,Benign,82,Closed
ALT-900423,2024-09-20 18:46:16,Low,Trading Platform,Wealth Management,Execution,L. Novak,False Positive,61,Closed
ALT-902805,2024-09-21 01:54:03,Medium,ATM Network,Retail Banking,Privilege Escalation,A. Ramirez,Benign,173,Closed
ALT-901760,2024-09-21 05:25:05,Low,Data Warehouse,Corporate IT & Infrastructure,Execution,J. Kowalski,False Positive,37,Closed
ALT-900086,2024-09-21 08:01:51,Low,Cloud Workloads (AWS),Corporate IT & Infrastructure,Privilege Escalation,S. Okafor,False Positive,269,Closed
ALT-902019,2024-09-21 12:03:48,Low,Endpoint Fleet,Corporate IT & Infrastructure,Credential Access,A. Ramirez,Benign,102,Closed
ALT-901957,2024-09-21 20:34:29,Low,Treasury Management System,Commercial Banking,Privilege Escalation,Unassigned,False Positive,335,Closed
ALT-902728,2024-09-22 17:26:07,Medium,Cloud Workloads (AWS),Corporate IT & Infrastructure,Command and Control,A. Ramirez,Benign,178,Closed
ALT-900470,2024-09-22 18:53:31,Low,Core Banking System,Retail Banking,Lateral Movement,S. Okafor,Benign,234,Closed
ALT-902626,2024-09-22 20:22:37,Low,Payment Gateway,Payments & Cards,Exfiltration,J. Kowalski,Benign,17,Closed
ALT-903801,2024-09-22 23:12:59,Medium,Wire Transfer System,Payments & Cards,Command and Control,L. Novak,Benign,34,Closed
ALT-900999,2024-09-23 02:48:32,High,Card Issuance System,Payments & Cards,Exfiltration,Unassigned,Benign,7,Closed
ALT-902200,2024-09-23 08:40:56,Low,Trading Platform,Wealth Management,Initial Access,M. Patel,Benign,21,Closed
ALT-901308,2024-09-23 12:35:20,Low,Trading Platform,Wealth Management,Credential Access,A. Ramirez,False Positive,82,Closed
ALT-901735,2024-09-23 13:21:07,Medium,Customer API Gateway,Digital Banking,Execution,M. Patel,False Positive,130,Closed
ALT-902227,2024-09-24 03:22:08,Low,Treasury Management System,Commercial Banking,Execution,J. Kowalski,False Positive,340,Closed
ALT-902461,2024-09-24 03:43:52,Medium,Customer API Gateway,Digital Banking,Privilege Escalation,J. Kowalski,False Positive,116,Closed
ALT-900284,2024-09-24 05:10:39,High,Treasury Management System,Commercial Banking,Lateral Movement,A. Ramirez,True Positive,8,Closed
ALT-902511,2024-09-24 05:35:49,Low,Data Warehouse,Corporate IT & Infrastructure,Privilege Escalation,T. Chen,True Positive,252,Closed
ALT-903022,2024-09-24 09:46:39,Low,Customer API Gateway,Digital Banking,Exfiltration,M. Patel,Benign,321,Closed
ALT-901708,2024-09-24 11:07:58,Low,Wire Transfer System,Payments & Cards,Command and Control,L. Novak,False Positive,280,Closed
ALT-903379,2024-09-24 11:12:52,Medium,Document Management System,Mortgage & Lending,Collection,J. Kowalski,Benign,150,Closed
ALT-903552,2024-09-24 12:10:24,Low,ATM Network,Retail Banking,Privilege Escalation,M. Patel,Benign,202,Closed
ALT-903529,2024-09-24 16:36:48,Medium,Online Banking Portal,Digital Banking,Discovery,J. Kowalski,Benign,176,Closed
ALT-901849,2024-09-24 20:21:29,High,Core Banking System,Retail Banking,Initial Access,M. Patel,True Positive,47,Closed
ALT-901325,2024-09-24 21:06:31,Low,Core Banking System,Retail Banking,Credential Access,L. Novak,True Positive,79,Closed
ALT-902473,2024-09-24 22:45:36,High,Email & Collaboration (O365),Corporate IT & Infrastructure,Collection,S. Okafor,Benign,27,Closed
ALT-903455,2024-09-24 22:59:55,Low,Mobile Banking App,Digital Banking,Command and Control,A. Ramirez,Benign,118,Closed
ALT-903628,2024-09-25 04:08:02,Medium,Core Banking System,Retail Banking,Collection,L. Novak,Benign,68,Closed
ALT-902989,2024-09-25 04:33:39,High,Mobile Banking App,Digital Banking,Privilege Escalation,M. Patel,True Positive,29,Closed
ALT-902930,2024-09-25 11:04:27,Medium,Teller Platform,Retail Banking,Impact,A. Ramirez,Benign,124,Closed
ALT-900594,2024-09-25 13:03:35,Low,Payment Gateway,Payments & Cards,Lateral Movement,Unassigned,False Positive,346,Closed
ALT-903190,2024-09-25 14:01:02,Low,Email & Collaboration (O365),Corporate IT & Infrastructure,Collection,A. Ramirez,Benign,111,Closed
ALT-900779,2024-09-25 14:20:09,Low,Commercial Loan Platform,Commercial Banking,Exfiltration,Unassigned,False Positive,75,Closed
ALT-903713,2024-09-25 18:37:40,Medium,Cloud Workloads (AWS),Corporate IT & Infrastructure,Credential Access,L. Novak,Benign,171,Closed
ALT-900174,2024-09-25 19:52:15,Medium,Data Warehouse,Corporate IT & Infrastructure,Discovery,M. Patel,Benign,169,Closed
ALT-900137,2024-09-25 21:16:19,Low,Endpoint Fleet,Corporate IT & Infrastructure,Initial Access,T. Chen,Benign,150,Closed
ALT-901524,2024-09-25 23:57:11,Low,Mobile Banking App,Digital Banking,Privilege Escalation,L. Novak,False Positive,51,Closed
ALT-903785,2024-09-26 10:10:21,High,Treasury Management System,Commercial Banking,Discovery,S. Okafor,True Positive,11,Closed
ALT-900595,2024-09-26 10:56:21,Low,Payment Gateway,Payments & Cards,Exfiltration,S. Okafor,False Positive,115,Closed
ALT-901134,2024-09-26 11:05:02,Medium,Cloud Workloads (AWS),Corporate IT & Infrastructure,Command and Control,M. Patel,True Positive,155,Closed
ALT-902505,2024-09-26 13:04:07,Medium,Online Banking Portal,Digital Banking,Privilege Escalation,J. Kowalski,Benign,101,Closed
ALT-900641,2024-09-26 23:23:45,Medium,Active Directory,Corporate IT & Infrastructure,Persistence,J. Kowalski,False Positive,112,Closed
ALT-900935,2024-09-27 01:51:10,Low,Card Issuance System,Payments & Cards,Collection,S. Okafor,Benign,138,Closed
ALT-902810,2024-09-27 11:53:17,Medium,Customer API Gateway,Digital Banking,Discovery,Unassigned,Benign,36,Closed
ALT-902397,2024-09-27 11:53:23,Medium,Teller Platform,Retail Banking,Lateral Movement,T. Chen,False Positive,31,Closed
ALT-900389,2024-09-27 12:25:11,Medium,Card Issuance System,Payments & Cards,Command and Control,T. Chen,False Positive,180,Closed
ALT-901005,2024-09-27 18:10:14,Low,Commercial Loan Platform,Commercial Banking,Discovery,S. Okafor,False Positive,219,Closed
ALT-903409,2024-09-27 22:15:26,Medium,Customer API Gateway,Digital Banking,Execution,L. Novak,True Positive,49,Closed
ALT-900018,2024-09-28 00:47:07,Medium,Treasury Management System,Commercial Banking,Impact,Unassigned,False Positive,49,Closed
ALT-903285,2024-09-28 13:28:24,Medium,Card Issuance System,Payments & Cards,Impact,A. Ramirez,False Positive,130,Closed
ALT-900757,2024-09-28 15:56:08,Low,Data Warehouse,Corporate IT & Infrastructure,Discovery,Unassigned,True Positive,158,Closed
ALT-903947,2024-09-28 18:19:49,Low,Teller Platform,Retail Banking,Credential Access,Unassigned,False Positive,220,Closed
ALT-900708,2024-09-29 04:20:28,Low,Treasury Management System,Commercial Banking,Execution,A. Ramirez,Benign,196,Closed
ALT-901552,2024-09-29 20:28:15,Low,Wire Transfer System,Payments & Cards,Execution,A. Ramirez,False Positive,25,Closed
ALT-903981,2024-09-29 21:48:59,High,Endpoint Fleet,Corporate IT & Infrastructure,Privilege Escalation,M. Patel,False Positive,14,Closed
ALT-901367,2024-09-29 23:41:02,Medium,Cloud Workloads (AWS),Corporate IT & Infrastructure,Command and Control,M. Patel,False Positive,29,Closed
ALT-900492,2024-09-30 01:42:06,Medium,Commercial Loan Platform,Commercial Banking,Discovery,Unassigned,False Positive,136,Closed
ALT-902378,2024-09-30 03:39:28,Low,Endpoint Fleet,Corporate IT & Infrastructure,Credential Access,J. Kowalski,Benign,360,Closed
ALT-901056,2024-09-30 11:40:07,Low,Cloud Workloads (AWS),Corporate IT & Infrastructure,Exfiltration,A. Ramirez,False Positive,30,Closed
ALT-901063,2024-09-30 12:17:24,Critical,Loan Origination System,Mortgage & Lending,Impact,T. Chen,False Positive,9,Closed
ALT-901309,2024-09-30 14:37:07,Low,Customer API Gateway,Digital Banking,Execution,J. Kowalski,False Positive,193,Closed
ALT-901336,2024-09-30 17:55:25,Medium,Email & Collaboration (O365),Corporate IT & Infrastructure,Impact,L. Novak,Benign,78,Closed
ALT-903189,2024-09-30 18:01:13,High,ATM Network,Retail Banking,Discovery,J. Kowalski,False Positive,44,Closed
ALT-900231,2024-09-30 22:28:26,Low,Customer API Gateway,Digital Banking,Collection,S. Okafor,Benign,283,Closed
ALT-903096,2024-10-01 03:38:26,Low,Loan Origination System,Mortgage & Lending,Lateral Movement,Unassigned,Benign,138,Closed
ALT-900631,2024-10-01 11:47:06,Low,Trading Platform,Wealth Management,Lateral Movement,T. Chen,Benign,209,Closed
ALT-902129,2024-10-01 23:21:19,Medium,Teller Platform,Retail Banking,Defense Evasion,A. Ramirez,Benign,34,Closed
ALT-900552,2024-10-02 10:45:02,Critical,Treasury Management System,Commercial Banking,Lateral Movement,Unassigned,True Positive,19,Closed
ALT-900911,2024-10-02 12:37:02,Low,Core Banking System,Retail Banking,Exfiltration,J. Kowalski,False Positive,351,Closed
ALT-902512,2024-10-02 12:43:25,Medium,Active Directory,Corporate IT & Infrastructure,Discovery,J. Kowalski,Benign,75,Closed
ALT-900816,2024-10-02 15:27:33,Low,Endpoint Fleet,Corporate IT & Infrastructure,Initial Access,S. Okafor,Benign,127,Closed
ALT-903928,2024-10-02 18:32:05,Low,Customer API Gateway,Digital Banking,Initial Access,S. Okafor,False Positive,327,Closed
ALT-901987,2024-10-02 19:06:10,Medium,Loan Origination System,Mortgage & Lending,Impact,L. Novak,False Positive,104,Closed
ALT-901609,2024-10-02 21:24:52,Medium,Wire Transfer System,Payments & Cards,Exfiltration,S. Okafor,Benign,163,Closed
ALT-901656,2024-10-02 22:52:02,Low,Loan Origination System,Mortgage & Lending,Impact,Unassigned,True Positive,30,Closed
ALT-901240,2024-10-03 05:39:29,High,Wire Transfer System,Payments & Cards,Credential Access,Unassigned,True Positive,42,Closed
ALT-902485,2024-10-03 07:36:15,High,Endpoint Fleet,Corporate IT & Infrastructure,Credential Access,Unassigned,Benign,21,Closed
ALT-903578,2024-10-03 17:31:16,Low,Document Management System,Mortgage & Lending,Privilege Escalation,M. Patel,False Positive,233,Closed
ALT-903071,2024-10-04 01:42:36,Low,Loan Origination System,Mortgage & Lending,Command and Control,L. Novak,False Positive,106,Closed
ALT-900972,2024-10-04 05:48:42,Medium,ATM Network,Retail Banking,Credential Access,T. Chen,Benign,149,Closed
ALT-901083,2024-10-04 13:16:25,High,Customer API Gateway,Digital Banking,Command and Control,Unassigned,True Positive,6,Closed
ALT-901581,2024-10-04 19:22:41,High,Treasury Management System,Commercial Banking,Discovery,A. Ramirez,False Positive,55,Closed
ALT-903826,2024-10-05 00:29:15,Low,Endpoint Fleet,Corporate IT & Infrastructure,Credential Access,A. Ramirez,Benign,99,Closed
ALT-903695,2024-10-05 01:16:17,Medium,Customer API Gateway,Digital Banking,Credential Access,L. Novak,True Positive,139,Closed
ALT-901113,2024-10-05 03:04:16,Medium,Email & Collaboration (O365),Corporate IT & Infrastructure,Privilege Escalation,Unassigned,Benign,86,Closed
ALT-902842,2024-10-05 03:06:32,Low,Teller Platform,Retail Banking,Lateral Movement,J. Kowalski,Benign,136,Closed
ALT-901300,2024-10-05 04:38:28,Low,Cloud Workloads (AWS),Corporate IT & Infrastructure,Collection,S. Okafor,Benign,225,Closed
ALT-902090,2024-10-05 06:34:36,Low,Teller Platform,Retail Banking,Discovery,J. Kowalski,False Positive,160,Closed
ALT-900394,2024-10-05 06:53:37,Low,Trading Platform,Wealth Management,Defense Evasion,L. Novak,False Positive,201,Closed
ALT-901144,2024-10-05 08:12:37,Medium,Online Banking Portal,Digital Banking,Exfiltration,A. Ramirez,False Positive,29,Closed
ALT-900602,2024-10-05 09:05:30,Medium,Document Management System,Mortgage & Lending,Lateral Movement,M. Patel,True Positive,31,Closed
ALT-902957,2024-10-05 17:46:02,High,Payment Gateway,Payments & Cards,Initial Access,Unassigned,False Positive,10,Closed
ALT-900478,2024-10-05 22:44:17,Low,ATM Network,Retail Banking,Impact,L. Novak,False Positive,193,Closed
ALT-904011,2024-10-06 05:47:45,Medium,Email & Collaboration (O365),Corporate IT & Infrastructure,Defense Evasion,Unassigned,Benign,131,Closed
ALT-901517,2024-10-06 12:12:08,Low,Endpoint Fleet,Corporate IT & Infrastructure,Initial Access,J. Kowalski,False Positive,201,Closed
ALT-901531,2024-10-06 12:28:46,Low,Loan Origination System,Mortgage & Lending,Credential Access,A. Ramirez,False Positive,75,Closed
ALT-901805,2024-10-06 13:51:41,Medium,Data Warehouse,Corporate IT & Infrastructure,Exfiltration,A. Ramirez,False Positive,101,Closed
ALT-903303,2024-10-06 20:33:08,Medium,Document Management System,Mortgage & Lending,Command and Control,J. Kowalski,False Positive,28,Closed
ALT-904182,2024-10-06 21:15:35,Low,Loan Origination System,Mortgage & Lending,Defense Evasion,J. Kowalski,Benign,326,Closed
ALT-901723,2024-10-07 02:27:27,Low,Email & Collaboration (O365),Corporate IT & Infrastructure,Exfiltration,S. Okafor,Benign,157,Closed
ALT-901007,2024-10-07 04:17:39,Low,ATM Network,Retail Banking,Initial Access,L. Novak,Benign,90,Closed
ALT-903162,2024-10-07 16:43:39,Medium,ATM Network,Retail Banking,Initial Access,Unassigned,Benign,174,Closed
ALT-900295,2024-10-08 01:08:37,Low,Email & Collaboration (O365),Corporate IT & Infrastructure,Impact,M. Patel,Benign,270,Closed
ALT-902531,2024-10-08 01:43:09,Medium,Commercial Loan Platform,Commercial Banking,Impact,Unassigned,False Positive,154,Closed
ALT-900489,2024-10-08 02:10:43,Low,Wealth Management Platform,Wealth Management,Impact,J. Kowalski,False Positive,43,Closed
ALT-903414,2024-10-08 05:50:29,Medium,Core Banking System,Retail Banking,Credential Access,T. Chen,Benign,55,Closed
ALT-902570,2024-10-08 09:02:57,Medium,Customer API Gateway,Digital Banking,Exfiltration,J. Kowalski,Benign,159,Closed
ALT-903242,2024-10-08 11:04:47,Medium,Email & Collaboration (O365),Corporate IT & Infrastructure,Initial Access,Unassigned,Benign,170,Closed
ALT-903492,2024-10-08 15:25:22,Low,Payment Gateway,Payments & Cards,Collection,M. Patel,Benign,235,Closed
ALT-903762,2024-10-09 00:08:14,Low,Customer API Gateway,Digital Banking,Command and Control,L. Novak,Benign,281,Closed
ALT-902359,2024-10-09 03:50:36,Low,Endpoint Fleet,Corporate IT & Infrastructure,Impact,M. Patel,Benign,139,Closed
ALT-901718,2024-10-09 04:00:10,High,Card Issuance System,Payments & Cards,Command and Control,A. Ramirez,True Positive,17,Closed
ALT-901560,2024-10-09 04:37:00,Medium,Card Issuance System,Payments & Cards,Initial Access,L. Novak,True Positive,56,Closed
ALT-903696,2024-10-09 13:40:49,High,Customer API Gateway,Digital Banking,Impact,J. Kowalski,True Positive,32,Closed
ALT-900467,2024-10-09 21:57:36,Medium,Email & Collaboration (O365),Corporate IT & Infrastructure,Credential Access,J. Kowalski,Benign,132,Closed
ALT-900435,2024-10-09 23:22:59,Low,Online Banking Portal,Digital Banking,Credential Access,A. Ramirez,Benign,101,Closed
ALT-904183,2024-10-09 23:46:29,Low,ATM Network,Retail Banking,Collection,M. Patel,True Positive,327,Closed
ALT-903977,2024-10-10 00:13:43,Medium,Endpoint Fleet,Corporate IT & Infrastructure,Execution,J. Kowalski,Benign,15,Closed
ALT-901490,2024-10-10 10:00:54,Critical,Treasury Management System,Commercial Banking,Initial Access,M. Patel,True Positive,9,Closed
ALT-901788,2024-10-10 15:22:03,Critical,Card Issuance System,Payments & Cards,Credential Access,A. Ramirez,False Positive,9,Closed
ALT-901210,2024-10-10 18:30:18,Low,ATM Network,Retail Banking,Defense Evasion,M. Patel,False Positive,109,Closed
ALT-902659,2024-10-11 01:13:05,Low,Card Issuance System,Payments & Cards,Collection,A. Ramirez,False Positive,323,Closed
ALT-900474,2024-10-11 04:19:20,High,Document Management System,Mortgage & Lending,Collection,L. Novak,False Positive,31,Closed
ALT-900147,2024-10-11 04:47:28,Low,Online Banking Portal,Digital Banking,Execution,L. Novak,False Positive,322,Closed
ALT-900460,2024-10-11 16:44:44,Medium,Commercial Loan Platform,Commercial Banking,Privilege Escalation,M. Patel,False Positive,108,Closed
ALT-903949,2024-10-11 20:47:58,Low,ATM Network,Retail Banking,Discovery,J. Kowalski,False Positive,188,Closed
ALT-902355,2024-10-12 02:51:09,Medium,Core Banking System,Retail Banking,Exfiltration,T. Chen,True Positive,69,Closed
ALT-900254,2024-10-12 09:46:52,Low,Teller Platform,Retail Banking,Command and Control,M. Patel,Benign,73,Closed
ALT-903232,2024-10-12 14:09:30,Low,Core Banking System,Retail Banking,Privilege Escalation,M. Patel,False Positive,263,Closed
ALT-903653,2024-10-12 14:48:13,Medium,Teller Platform,Retail Banking,Initial Access,Unassigned,False Positive,10,Closed
ALT-901733,2024-10-12 17:39:21,Medium,Mobile Banking App,Digital Banking,Lateral Movement,T. Chen,False Positive,99,Closed
ALT-901417,2024-10-12 20:28:38,Low,Email & Collaboration (O365),Corporate IT & Infrastructure,Collection,S. Okafor,Benign,187,Closed
ALT-904049,2024-10-12 22:31:45,High,Customer API Gateway,Digital Banking,Discovery,L. Novak,Benign,12,Closed
ALT-903657,2024-10-13 01:38:05,Low,Payment Gateway,Payments & Cards,Impact,Unassigned,False Positive,51,Closed
ALT-904017,2024-10-13 02:07:27,Low,Online Banking Portal,Digital Banking,Defense Evasion,T. Chen,Benign,31,Closed
ALT-903257,2024-10-13 07:55:44,Low,Wire Transfer System,Payments & Cards,Defense Evasion,M. Patel,False Positive,207,Closed
ALT-902459,2024-10-13 08:29:57,Low,ATM Network,Retail Banking,Lateral Movement,J. Kowalski,Benign,39,Closed
ALT-900440,2024-10-13 12:58:52,Low,Treasury Management System,Commercial Banking,Lateral Movement,Unassigned,False Positive,215,Closed
ALT-902733,2024-10-13 17:05:35,Low,Mobile Banking App,Digital Banking,Exfiltration,M. Patel,Benign,105,Closed
ALT-901139,2024-10-13 17:48:56,Low,Payment Gateway,Payments & Cards,Impact,T. Chen,False Positive,86,Closed
ALT-902253,2024-10-13 22:54:42,Medium,ATM Network,Retail Banking,Execution,J. Kowalski,True Positive,105,Closed
ALT-901359,2024-10-14 00:27:17,Medium,Teller Platform,Retail Banking,Collection,L. Novak,Benign,120,Closed
ALT-903306,2024-10-14 05:44:27,Low,Cloud Workloads (AWS),Corporate IT & Infrastructure,Command and Control,L. Novak,Benign,145,Closed
ALT-901306,2024-10-14 08:54:54,Low,Commercial Loan Platform,Commercial Banking,Defense Evasion,J. Kowalski,False Positive,60,Closed
ALT-900945,2024-10-14 11:38:10,Low,Active Directory,Corporate IT & Infrastructure,Persistence,S. Okafor,False Positive,254,Closed
ALT-900312,2024-10-14 13:29:09,Medium,Endpoint Fleet,Corporate IT & Infrastructure,Collection,S. Okafor,False Positive,94,Closed
ALT-903105,2024-10-14 14:06:50,Low,Data Warehouse,Corporate IT & Infrastructure,Lateral Movement,M. Patel,Benign,347,Closed
ALT-903038,2024-10-14 20:01:09,Medium,Loan Origination System,Mortgage & Lending,Discovery,Unassigned,False Positive,39,Closed
ALT-900629,2024-10-14 22:36:15,High,Document Management System,Mortgage & Lending,Lateral Movement,J. Kowalski,True Positive,60,Closed
ALT-901867,2024-10-15 00:03:31,Low,ATM Network,Retail Banking,Impact,Unassigned,Benign,201,Closed
ALT-901394,2024-10-15 04:55:55,Low,Active Directory,Corporate IT & Infrastructure,Discovery,L. Novak,Benign,271,Closed
ALT-900792,2024-10-15 08:42:55,Low,Core Banking System,Retail Banking,Privilege Escalation,S. Okafor,False Positive,37,Closed
ALT-903473,2024-10-15 22:45:23,Low,Wire Transfer System,Payments & Cards,Collection,J. Kowalski,False Positive,51,Closed
ALT-901020,2024-10-16 00:47:35,High,Document Management System,Mortgage & Lending,Persistence,J. Kowalski,True Positive,37,Closed
ALT-901872,2024-10-16 00:56:54,Low,Commercial Loan Platform,Commercial Banking,Execution,L. Novak,Benign,41,Closed
ALT-900246,2024-10-16 05:52:37,Low,Teller Platform,Retail Banking,Lateral Movement,L. Novak,False Positive,327,Closed
ALT-903850,2024-10-16 09:25:27,Medium,Card Issuance System,Payments & Cards,Impact,M. Patel,Benign,170,Closed
ALT-900000,2024-10-16 12:55:45,Medium,Document Management System,Mortgage & Lending,Exfiltration,S. Okafor,False Positive,101,Closed
ALT-901576,2024-10-16 15:48:27,Low,ATM Network,Retail Banking,Lateral Movement,L. Novak,False Positive,242,Closed
ALT-900750,2024-10-16 17:06:38,Low,Data Warehouse,Corporate IT & Infrastructure,Initial Access,L. Novak,True Positive,224,Closed
ALT-901539,2024-10-16 21:30:34,Low,Data Warehouse,Corporate IT & Infrastructure,Initial Access,Unassigned,Benign,319,Closed
ALT-903026,2024-10-17 06:23:52,High,Treasury Management System,Commercial Banking,Command and Control,L. Novak,True Positive,18,Closed
ALT-903553,2024-10-17 10:39:41,Medium,ATM Network,Retail Banking,Collection,T. Chen,Benign,133,Closed
ALT-901727,2024-10-17 14:49:21,High,Treasury Management System,Commercial Banking,Exfiltration,T. Chen,Benign,23,Closed
ALT-902848,2024-10-17 16:35:16,Medium,Card Issuance System,Payments & Cards,Lateral Movement,J. Kowalski,Benign,157,Closed
ALT-903390,2024-10-17 18:38:37,Low,ATM Network,Retail Banking,Lateral Movement,T. Chen,False Positive,196,Closed
ALT-900252,2024-10-18 00:56:10,Low,Teller Platform,Retail Banking,Defense Evasion,T. Chen,False Positive,259,Closed
ALT-901289,2024-10-18 06:25:51,Low,Mobile Banking App,Digital Banking,Persistence,J. Kowalski,Benign,19,Closed
ALT-901999,2024-10-18 08:03:20,Low,Teller Platform,Retail Banking,Discovery,S. Okafor,False Positive,70,Closed
ALT-901542,2024-10-18 12:12:45,Low,Data Warehouse,Corporate IT & Infrastructure,Credential Access,S. Okafor,Benign,340,Closed
ALT-900191,2024-10-18 14:02:15,Medium,Card Issuance System,Payments & Cards,Initial Access,L. Novak,False Positive,49,Closed
ALT-903647,2024-10-18 18:28:59,Medium,Wire Transfer System,Payments & Cards,Initial Access,J. Kowalski,Benign,28,Closed
ALT-902582,2024-10-18 18:35:53,Medium,Payment Gateway,Payments & Cards,Credential Access,L. Novak,False Positive,166,Closed
ALT-902618,2024-10-19 00:07:38,Medium,Loan Origination System,Mortgage & Lending,Credential Access,T. Chen,False Positive,99,Closed
ALT-900888,2024-10-19 00:17:22,Medium,Core Banking System,Retail Banking,Defense Evasion,T. Chen,False Positive,73,Closed
ALT-900222,2024-10-19 03:13:48,Medium,Mobile Banking App,Digital Banking,Lateral Movement,J. Kowalski,Benign,121,Closed
ALT-904163,2024-10-19 08:32:20,Medium,Online Banking Portal,Digital Banking,Initial Access,S. Okafor,Benign,117,Closed
ALT-902762,2024-10-19 11:46:11,Low,Wire Transfer System,Payments & Cards,Persistence,J. Kowalski,Benign,73,Closed
ALT-902692,2024-10-19 12:23:00,Medium,Online Banking Portal,Digital Banking,Discovery,T. Chen,False Positive,152,Closed
ALT-901759,2024-10-19 14:02:11,Low,Online Banking Portal,Digital Banking,Exfiltration,M. Patel,False Positive,52,Closed
ALT-901767,2024-10-19 14:45:39,Low,Cloud Workloads (AWS),Corporate IT & Infrastructure,Command and Control,T. Chen,False Positive,193,Closed
ALT-902247,2024-10-19 21:18:00,Low,Mobile Banking App,Digital Banking,Persistence,J. Kowalski,False Positive,236,Closed
ALT-904067,2024-10-20 05:53:27,Medium,Document Management System,Mortgage & Lending,Defense Evasion,A. Ramirez,False Positive,92,Closed
ALT-903690,2024-10-20 08:58:22,Medium,Customer API Gateway,Digital Banking,Command and Control,L. Novak,True Positive,114,Closed
ALT-903797,2024-10-20 10:38:42,High,Data Warehouse,Corporate IT & Infrastructure,Collection,J. Kowalski,False Positive,13,Closed
ALT-902547,2024-10-20 20:16:35,High,Online Banking Portal,Digital Banking,Lateral Movement,M. Patel,Benign,47,Closed
ALT-904003,2024-10-21 02:26:00,Low,Online Banking Portal,Digital Banking,Initial Access,J. Kowalski,False Positive,205,Closed
ALT-901898,2024-10-21 04:43:26,Low,Loan Origination System,Mortgage & Lending,Execution,M. Patel,True Positive,356,Closed
ALT-903936,2024-10-21 06:06:24,Critical,Cloud Workloads (AWS),Corporate IT & Infrastructure,Collection,M. Patel,False Positive,2,Closed
ALT-900884,2024-10-21 06:14:34,Low,Email & Collaboration (O365),Corporate IT & Infrastructure,Lateral Movement,M. Patel,False Positive,146,Closed
ALT-903353,2024-10-21 08:23:13,Low,ATM Network,Retail Banking,Persistence,J. Kowalski,Benign,245,Closed
ALT-902420,2024-10-21 15:02:14,Low,Card Issuance System,Payments & Cards,Lateral Movement,A. Ramirez,Benign,248,Closed
ALT-901532,2024-10-21 15:49:01,Medium,Online Banking Portal,Digital Banking,Credential Access,J. Kowalski,False Positive,59,Closed
ALT-901319,2024-10-21 19:38:32,Low,Card Issuance System,Payments & Cards,Collection,T. Chen,Benign,286,Closed
ALT-900946,2024-10-22 03:20:41,Low,Document Management System,Mortgage & Lending,Credential Access,A. Ramirez,Benign,200,Closed
ALT-903945,2024-10-22 18:14:57,Low,Endpoint Fleet,Corporate IT & Infrastructure,Credential Access,J. Kowalski,Benign,316,Closed
ALT-903642,2024-10-22 22:33:20,Medium,Document Management System,Mortgage & Lending,Execution,T. Chen,False Positive,171,Closed
ALT-900781,2024-10-23 06:44:57,Medium,Payment Gateway,Payments & Cards,Impact,L. Novak,False Positive,64,Closed
ALT-900744,2024-10-23 10:57:34,Low,Payment Gateway,Payments & Cards,Privilege Escalation,T. Chen,False Positive,80,Closed
ALT-901448,2024-10-23 14:14:04,Low,ATM Network,Retail Banking,Lateral Movement,M. Patel,Benign,172,Closed
ALT-902965,2024-10-23 16:07:26,High,Active Directory,Corporate IT & Infrastructure,Defense Evasion,Unassigned,False Positive,30,Closed
ALT-901752,2024-10-24 17:42:00,Low,Email & Collaboration (O365),Corporate IT & Infrastructure,Collection,M. Patel,Benign,124,Closed
ALT-903012,2024-10-24 18:21:45,Low,Payment Gateway,Payments & Cards,Credential Access,T. Chen,Benign,307,Closed
ALT-904069,2024-10-25 09:00:47,Low,Payment Gateway,Payments & Cards,Impact,A. Ramirez,Benign,101,Closed
ALT-902735,2024-10-25 09:46:39,Low,Payment Gateway,Payments & Cards,Execution,S. Okafor,Benign,147,Closed
ALT-902261,2024-10-25 18:41:12,Medium,Commercial Loan Platform,Commercial Banking,Exfiltration,Unassigned,False Positive,106,Closed
ALT-903101,2024-10-25 19:24:26,Medium,Core Banking System,Retail Banking,Collection,M. Patel,False Positive,78,Closed
ALT-902645,2024-10-25 23:27:17,Low,Cloud Workloads (AWS),Corporate IT & Infrastructure,Privilege Escalation,M. Patel,False Positive,129,Closed
ALT-901305,2024-10-26 09:01:53,Low,Data Warehouse,Corporate IT & Infrastructure,Lateral Movement,Unassigned,Benign,185,Closed
ALT-900264,2024-10-26 10:07:52,Low,Teller Platform,Retail Banking,Lateral Movement,T. Chen,True Positive,265,Closed
ALT-901604,2024-10-26 12:58:19,Low,Teller Platform,Retail Banking,Persistence,J. Kowalski,Benign,176,Closed
ALT-903992,2024-10-26 21:33:41,Low,Customer API Gateway,Digital Banking,Persistence,Unassigned,Benign,272,Closed
ALT-900957,2024-10-26 23:56:57,Medium,Mobile Banking App,Digital Banking,Command and Control,Unassigned,Benign,81,Closed
ALT-904134,2024-10-27 00:45:34,Low,Mobile Banking App,Digital Banking,Collection,J. Kowalski,False Positive,338,Closed
ALT-901696,2024-10-27 00:57:24,Low,Card Issuance System,Payments & Cards,Execution,A. Ramirez,False Positive,205,Closed
ALT-902723,2024-10-27 09:49:25,Medium,Document Management System,Mortgage & Lending,Defense Evasion,L. Novak,False Positive,111,Closed
ALT-900662,2024-10-27 13:27:56,High,Card Issuance System,Payments & Cards,Execution,M. Patel,False Positive,29,Closed
ALT-902294,2024-10-28 01:16:40,Low,Email & Collaboration (O365),Corporate IT & Infrastructure,Lateral Movement,T. Chen,True Positive,105,Closed
ALT-901764,2024-10-28 03:05:44,Low,Teller Platform,Retail Banking,Discovery,L. Novak,False Positive,135,Closed
ALT-903465,2024-10-28 07:22:33,Medium,Core Banking System,Retail Banking,Collection,S. Okafor,Benign,160,Closed
ALT-903795,2024-10-28 17:40:37,Medium,Core Banking System,Retail Banking,Exfiltration,L. Novak,Benign,36,Closed
ALT-900379,2024-10-28 21:13:25,Low,Treasury Management System,Commercial Banking,Impact,A. Ramirez,Benign,310,Closed
ALT-901200,2024-10-28 21:13:36,High,Online Banking Portal,Digital Banking,Persistence,Unassigned,False Positive,20,Closed
ALT-903478,2024-10-28 23:47:52,Medium,Teller Platform,Retail Banking,Lateral Movement,T. Chen,True Positive,24,Closed
ALT-902772,2024-10-29 00:21:59,High,Core Banking System,Retail Banking,Collection,J. Kowalski,False Positive,17,Closed
ALT-903325,2024-10-29 08:06:05,Medium,Endpoint Fleet,Corporate IT & Infrastructure,Command and Control,S. Okafor,Benign,12,Closed
ALT-900948,2024-10-29 18:40:24,Critical,Mobile Banking App,Digital Banking,Initial Access,L. Novak,True Positive,28,Closed
ALT-900693,2024-10-30 07:33:59,Low,Data Warehouse,Corporate IT & Infrastructure,Initial Access,J. Kowalski,False Positive,356,Closed
ALT-900590,2024-10-30 09:28:39,Low,Customer API Gateway,Digital Banking,Discovery,L. Novak,False Positive,136,Closed
ALT-901024,2024-10-30 13:10:03,Low,Data Warehouse,Corporate IT & Infrastructure,Exfiltration,S. Okafor,False Positive,208,Closed
ALT-900546,2024-10-30 16:32:32,Medium,Online Banking Portal,Digital Banking,Command and Control,S. Okafor,False Positive,102,Closed
ALT-902994,2024-10-30 18:19:52,Low,Document Management System,Mortgage & Lending,Discovery,M. Patel,False Positive,132,Closed
ALT-901904,2024-10-31 00:35:59,Low,Treasury Management System,Commercial Banking,Collection,T. Chen,Benign,294,Closed
ALT-902711,2024-10-31 00:45:35,Medium,Data Warehouse,Corporate IT & Infrastructure,Exfiltration,L. Novak,False Positive,56,Closed
ALT-903496,2024-10-31 03:50:52,Low,Online Banking Portal,Digital Banking,Lateral Movement,Unassigned,False Positive,288,Closed
ALT-902270,2024-10-31 07:17:09,Medium,Wire Transfer System,Payments & Cards,Exfiltration,Unassigned,True Positive,50,Closed
ALT-903145,2024-10-31 07:35:31,Medium,Document Management System,Mortgage & Lending,Privilege Escalation,T. Chen,False Positive,46,Closed
ALT-901651,2024-10-31 22:21:45,Low,Treasury Management System,Commercial Banking,Exfiltration,Unassigned,Benign,337,Closed
ALT-903352,2024-11-01 02:29:41,Low,Loan Origination System,Mortgage & Lending,Lateral Movement,Unassigned,False Positive,133,Closed
ALT-900357,2024-11-01 13:22:49,Low,Customer API Gateway,Digital Banking,Privilege Escalation,T. Chen,False Positive,121,Closed
ALT-901965,2024-11-01 20:35:17,Medium,Card Issuance System,Payments & Cards,Discovery,S. Okafor,False Positive,24,Closed
ALT-900734,2024-11-01 22:30:13,Low,Cloud Workloads (AWS),Corporate IT & Infrastructure,Initial Access,Unassigned,False Positive,237,Closed
ALT-903677,2024-11-02 15:27:58,Low,Mobile Banking App,Digital Banking,Defense Evasion,Unassigned,Benign,63,Closed
ALT-901579,2024-11-02 19:18:40,Low,Wire Transfer System,Payments & Cards,Defense Evasion,Unassigned,Benign,334,Closed
ALT-903963,2024-11-03 07:24:23,Low,Card Issuance System,Payments & Cards,Defense Evasion,Unassigned,Benign,159,Closed
ALT-903167,2024-11-03 17:13:13,Low,Card Issuance System,Payments & Cards,Persistence,Unassigned,False Positive,221,Closed
ALT-904076,2024-11-03 17:24:32,Medium,Card Issuance System,Payments & Cards,Command and Control,Unassigned,Benign,83,Closed
ALT-903791,2024-11-04 01:54:29,Low,ATM Network,Retail Banking,Exfiltration,T. Chen,False Positive,62,Closed
ALT-900748,2024-11-04 02:25:41,Medium,Online Banking Portal,Digital Banking,Impact,Unassigned,False Positive,138,Closed
ALT-904091,2024-11-04 05:30:31,Low,Active Directory,Corporate IT & Infrastructure,Impact,S. Okafor,True Positive,137,Closed
ALT-902722,2024-11-04 09:20:49,High,Mobile Banking App,Digital Banking,Privilege Escalation,Unassigned,True Positive,42,Closed
ALT-900718,2024-11-04 14:14:52,Low,Cloud Workloads (AWS),Corporate IT & Infrastructure,Initial Access,M. Patel,False Positive,130,Closed
ALT-902708,2024-11-04 18:09:20,Low,Cloud Workloads (AWS),Corporate IT & Infrastructure,Execution,A. Ramirez,True Positive,328,Closed
ALT-902732,2024-11-05 03:09:16,Medium,ATM Network,Retail Banking,Exfiltration,M. Patel,False Positive,51,Closed
ALT-902548,2024-11-05 04:20:24,Critical,Wealth Management Platform,Wealth Management,Lateral Movement,Unassigned,True Positive,9,Closed
ALT-901464,2024-11-05 13:06:24,Low,Data Warehouse,Corporate IT & Infrastructure,Impact,T. Chen,Benign,194,Closed
ALT-900771,2024-11-05 15:31:51,Low,Card Issuance System,Payments & Cards,Execution,L. Novak,Benign,262,Closed
ALT-903442,2024-11-05 20:48:10,Low,Document Management System,Mortgage & Lending,Impact,M. Patel,Benign,212,Closed
ALT-900519,2024-11-06 00:05:16,High,Loan Origination System,Mortgage & Lending,Impact,M. Patel,True Positive,9,Closed
ALT-900425,2024-11-06 02:13:23,Low,Mobile Banking App,Digital Banking,Discovery,M. Patel,False Positive,106,Closed
ALT-903634,2024-11-06 03:12:28,Low,Treasury Management System,Commercial Banking,Impact,L. Novak,True Positive,64,Closed
ALT-903501,2024-11-06 08:00:18,Low,Customer API Gateway,Digital Banking,Lateral Movement,A. Ramirez,Benign,38,Closed
ALT-901114,2024-11-06 10:23:53,Low,Card Issuance System,Payments & Cards,Impact,J. Kowalski,Benign,275,Closed
ALT-903234,2024-11-06 11:03:04,Low,Online Banking Portal,Digital Banking,Lateral Movement,T. Chen,False Positive,44,Closed
ALT-900395,2024-11-06 11:15:24,Medium,Payment Gateway,Payments & Cards,Impact,S. Okafor,False Positive,86,Closed
ALT-904193,2024-11-06 15:58:43,Low,Active Directory,Corporate IT & Infrastructure,Exfiltration,L. Novak,False Positive,292,Closed
ALT-901043,2024-11-06 16:55:21,Medium,Online Banking Portal,Digital Banking,Initial Access,Unassigned,False Positive,15,Closed
ALT-901465,2024-11-06 17:17:19,High,Treasury Management System,Commercial Banking,Credential Access,A. Ramirez,Benign,21,Closed
ALT-902011,2024-11-07 01:18:06,High,Active Directory,Corporate IT & Infrastructure,Collection,A. Ramirez,Benign,51,Closed
ALT-901380,2024-11-07 04:45:22,Low,Endpoint Fleet,Corporate IT & Infrastructure,Discovery,M. Patel,Benign,129,Closed
ALT-901485,2024-11-07 06:56:32,High,Loan Origination System,Mortgage & Lending,Exfiltration,T. Chen,False Positive,21,Closed
ALT-902198,2024-11-07 11:03:27,Low,Document Management System,Mortgage & Lending,Execution,T. Chen,False Positive,333,Closed
ALT-900678,2024-11-07 13:16:59,High,Card Issuance System,Payments & Cards,Discovery,M. Patel,True Positive,14,Closed
ALT-902287,2024-11-07 15:12:05,Low,Commercial Loan Platform,Commercial Banking,Credential Access,S. Okafor,False Positive,65,Closed
ALT-903744,2024-11-07 18:14:25,Low,Wire Transfer System,Payments & Cards,Persistence,M. Patel,False Positive,78,Closed
ALT-900907,2024-11-08 13:55:58,High,Active Directory,Corporate IT & Infrastructure,Command and Control,M. Patel,Benign,47,Closed
ALT-903542,2024-11-08 15:20:02,Low,Wealth Management Platform,Wealth Management,Collection,L. Novak,False Positive,307,Closed
ALT-900670,2024-11-08 17:38:26,High,Online Banking Portal,Digital Banking,Defense Evasion,Unassigned,True Positive,46,Closed
ALT-901366,2024-11-08 22:36:33,Low,Wire Transfer System,Payments & Cards,Privilege Escalation,T. Chen,Benign,129,Closed
ALT-901920,2024-11-09 05:15:46,Medium,Wire Transfer System,Payments & Cards,Privilege Escalation,L. Novak,False Positive,140,Closed
ALT-900318,2024-11-09 08:04:00,Low,Teller Platform,Retail Banking,Persistence,Unassigned,Benign,59,Closed
ALT-900896,2024-11-09 10:32:15,Low,Payment Gateway,Payments & Cards,Collection,J. Kowalski,Benign,95,Closed
ALT-903405,2024-11-09 11:02:41,Medium,Card Issuance System,Payments & Cards,Lateral Movement,A. Ramirez,Benign,136,Closed
ALT-902321,2024-11-09 19:57:18,Low,Core Banking System,Retail Banking,Discovery,M. Patel,False Positive,77,Closed
ALT-901840,2024-11-09 22:37:35,Low,Core Banking System,Retail Banking,Privilege Escalation,S. Okafor,Benign,223,Closed
ALT-900762,2024-11-09 22:51:41,Low,Online Banking Portal,Digital Banking,Impact,M. Patel,False Positive,215,Closed
ALT-903385,2024-11-09 23:34:48,Low,Loan Origination System,Mortgage & Lending,Privilege Escalation,J. Kowalski,False Positive,293,Closed
ALT-904194,2024-11-10 05:04:01,Medium,Email & Collaboration (O365),Corporate IT & Infrastructure,Impact,J. Kowalski,True Positive,145,Closed
ALT-902856,2024-11-10 06:06:31,Medium,Online Banking Portal,Digital Banking,Privilege Escalation,T. Chen,True Positive,21,Closed
ALT-901446,2024-11-10 09:24:15,Medium,Card Issuance System,Payments & Cards,Command and Control,T. Chen,False Positive,172,Closed
ALT-904022,2024-11-10 09:24:44,Medium,Trading Platform,Wealth Management,Impact,J. Kowalski,False Positive,53,Closed
ALT-900094,2024-11-10 10:07:17,Low,Treasury Management System,Commercial Banking,Initial Access,Unassigned,True Positive,157,Closed
ALT-902422,2024-11-10 13:01:00,Low,Customer API Gateway,Digital Banking,Collection,J. Kowalski,Benign,60,Closed
ALT-903157,2024-11-10 14:07:31,Low,Endpoint Fleet,Corporate IT & Infrastructure,Collection,M. Patel,Benign,308,Closed
ALT-902078,2024-11-10 18:51:21,High,Customer API Gateway,Digital Banking,Impact,T. Chen,Benign,53,Closed
ALT-900270,2024-11-11 01:28:10,Medium,Treasury Management System,Commercial Banking,Collection,A. Ramirez,Benign,91,Closed
ALT-901671,2024-11-11 02:55:58,Low,Document Management System,Mortgage & Lending,Execution,L. Novak,False Positive,15,Closed
ALT-903528,2024-11-11 05:42:54,Low,Wealth Management Platform,Wealth Management,Execution,A. Ramirez,Benign,224,Closed
ALT-901909,2024-11-11 06:15:22,Low,Commercial Loan Platform,Commercial Banking,Command and Control,S. Okafor,False Positive,199,Closed
ALT-902738,2024-11-11 07:26:40,High,Data Warehouse,Corporate IT & Infrastructure,Privilege Escalation,A. Ramirez,Benign,40,Closed
ALT-900183,2024-11-11 10:51:33,Low,Online Banking Portal,Digital Banking,Discovery,Unassigned,Benign,277,Closed
ALT-903082,2024-11-11 11:20:42,Medium,Cloud Workloads (AWS),Corporate IT & Infrastructure,Defense Evasion,J. Kowalski,Benign,38,Closed
ALT-900836,2024-11-11 15:02:51,Low,Data Warehouse,Corporate IT & Infrastructure,Discovery,S. Okafor,False Positive,202,Closed
ALT-901813,2024-11-11 15:37:55,Low,Wealth Management Platform,Wealth Management,Exfiltration,A. Ramirez,False Positive,262,Closed
ALT-902084,2024-11-11 18:15:22,Medium,Payment Gateway,Payments & Cards,Credential Access,T. Chen,Benign,72,Closed
ALT-901853,2024-11-11 22:46:32,Low,Teller Platform,Retail Banking,Discovery,L. Novak,Benign,111,Closed
ALT-901029,2024-11-12 02:35:54,Medium,Wealth Management Platform,Wealth Management,Exfiltration,J. Kowalski,True Positive,30,Closed
ALT-900208,2024-11-12 03:02:16,Medium,Payment Gateway,Payments & Cards,Lateral Movement,Unassigned,Benign,147,Closed
ALT-902581,2024-11-12 13:33:03,Low,Card Issuance System,Payments & Cards,Exfiltration,Unassigned,True Positive,332,Closed
ALT-901191,2024-11-12 21:04:03,Medium,Mobile Banking App,Digital Banking,Defense Evasion,S. Okafor,False Positive,81,Closed
ALT-902342,2024-11-13 00:36:04,Low,ATM Network,Retail Banking,Privilege Escalation,Unassigned,Benign,226,Closed
ALT-900258,2024-11-13 03:54:47,Low,Wealth Management Platform,Wealth Management,Privilege Escalation,A. Ramirez,Benign,227,Closed
ALT-900256,2024-11-13 05:21:12,Low,Customer API Gateway,Digital Banking,Command and Control,L. Novak,Benign,336,Closed
ALT-903956,2024-11-13 09:09:21,Low,Email & Collaboration (O365),Corporate IT & Infrastructure,Persistence,L. Novak,False Positive,318,Closed
ALT-902235,2024-11-13 15:34:43,Medium,Card Issuance System,Payments & Cards,Defense Evasion,J. Kowalski,Benign,175,Closed
ALT-904139,2024-11-14 01:12:25,High,Data Warehouse,Corporate IT & Infrastructure,Command and Control,L. Novak,True Positive,59,Closed
ALT-901288,2024-11-14 04:48:15,High,Payment Gateway,Payments & Cards,Collection,L. Novak,True Positive,7,Closed
ALT-903979,2024-11-14 12:08:25,Low,Mobile Banking App,Digital Banking,Privilege Escalation,S. Okafor,Benign,229,Closed
ALT-901841,2024-11-14 13:12:00,Low,Wealth Management Platform,Wealth Management,Collection,T. Chen,False Positive,303,Closed
ALT-901821,2024-11-14 15:49:05,High,Customer API Gateway,Digital Banking,Defense Evasion,A. Ramirez,Benign,19,Closed
ALT-902911,2024-11-14 17:50:28,Medium,Customer API Gateway,Digital Banking,Credential Access,A. Ramirez,False Positive,86,Closed
ALT-900766,2024-11-15 08:08:49,Low,Trading Platform,Wealth Management,Privilege Escalation,L. Novak,Benign,68,Closed
ALT-901209,2024-11-15 14:43:51,Medium,Wire Transfer System,Payments & Cards,Initial Access,L. Novak,Benign,77,Closed
ALT-901801,2024-11-15 16:31:07,Medium,Core Banking System,Retail Banking,Credential Access,J. Kowalski,Benign,70,Closed
ALT-902698,2024-11-15 19:49:59,Low,Cloud Workloads (AWS),Corporate IT & Infrastructure,Exfiltration,A. Ramirez,False Positive,255,Closed
ALT-901071,2024-11-15 21:38:32,Low,Trading Platform,Wealth Management,Command and Control,M. Patel,True Positive,359,Closed
ALT-902392,2024-11-15 22:31:02,Medium,Online Banking Portal,Digital Banking,Privilege Escalation,A. Ramirez,Benign,123,Closed
ALT-900428,2024-11-15 23:04:40,Critical,Trading Platform,Wealth Management,Discovery,L. Novak,True Positive,26,Closed
ALT-903828,2024-11-16 03:02:27,Medium,Data Warehouse,Corporate IT & Infrastructure,Credential Access,M. Patel,Benign,67,Closed
ALT-903827,2024-11-16 04:22:38,Low,Wire Transfer System,Payments & Cards,Discovery,T. Chen,Benign,140,Closed
ALT-900796,2024-11-16 09:02:58,Medium,Data Warehouse,Corporate IT & Infrastructure,Lateral Movement,J. Kowalski,Benign,62,Closed
ALT-901058,2024-11-16 09:58:19,Medium,Mobile Banking App,Digital Banking,Execution,J. Kowalski,False Positive,114,Closed
ALT-900713,2024-11-16 23:14:26,Low,Cloud Workloads (AWS),Corporate IT & Infrastructure,Discovery,L. Novak,Benign,65,Closed
ALT-903112,2024-11-17 00:16:12,Medium,Core Banking System,Retail Banking,Initial Access,M. Patel,Benign,98,Closed
ALT-900156,2024-11-17 02:03:09,Low,Treasury Management System,Commercial Banking,Initial Access,A. Ramirez,False Positive,316,Closed
ALT-902064,2024-11-17 06:23:50,Low,Teller Platform,Retail Banking,Lateral Movement,Unassigned,Benign,31,Closed
ALT-901280,2024-11-17 06:58:05,Low,Online Banking Portal,Digital Banking,Command and Control,L. Novak,Benign,103,Closed
ALT-903502,2024-11-17 15:22:48,Low,Wealth Management Platform,Wealth Management,Persistence,L. Novak,Benign,153,Closed
ALT-900906,2024-11-17 18:52:04,Medium,Online Banking Portal,Digital Banking,Defense Evasion,J. Kowalski,Benign,152,Closed
ALT-902912,2024-11-18 13:49:37,Medium,Mobile Banking App,Digital Banking,Collection,L. Novak,Benign,157,Closed
ALT-900491,2024-11-18 17:18:40,Medium,Commercial Loan Platform,Commercial Banking,Persistence,S. Okafor,False Positive,106,Closed
ALT-901966,2024-11-18 19:28:25,High,Card Issuance System,Payments & Cards,Persistence,M. Patel,Benign,33,Closed
ALT-900591,2024-11-18 20:51:58,Medium,Email & Collaboration (O365),Corporate IT & Infrastructure,Impact,S. Okafor,False Positive,75,Closed
ALT-900219,2024-11-19 03:16:35,Low,Core Banking System,Retail Banking,Discovery,T. Chen,False Positive,211,Closed
ALT-904024,2024-11-19 08:18:36,Low,Cloud Workloads (AWS),Corporate IT & Infrastructure,Impact,Unassigned,False Positive,330,Closed
ALT-904043,2024-11-19 11:36:13,Low,Payment Gateway,Payments & Cards,Exfiltration,L. Novak,True Positive,232,Closed
ALT-903796,2024-11-19 12:39:45,Medium,Active Directory,Corporate IT & Infrastructure,Impact,M. Patel,Benign,23,Closed
ALT-901444,2024-11-19 13:44:30,Medium,Mobile Banking App,Digital Banking,Privilege Escalation,M. Patel,Benign,23,Closed
ALT-901807,2024-11-19 17:38:59,Low,Loan Origination System,Mortgage & Lending,Persistence,A. Ramirez,Benign,218,Closed
ALT-902236,2024-11-19 19:10:08,Low,Teller Platform,Retail Banking,Collection,J. Kowalski,Benign,134,Closed
ALT-901313,2024-11-19 20:56:05,Medium,Email & Collaboration (O365),Corporate IT & Infrastructure,Privilege Escalation,A. Ramirez,Benign,97,Closed
ALT-902780,2024-11-19 22:54:42,Medium,Mobile Banking App,Digital Banking,Discovery,J. Kowalski,False Positive,170,Closed
ALT-904153,2024-11-19 23:01:15,Low,Payment Gateway,Payments & Cards,Privilege Escalation,S. Okafor,False Positive,103,Closed
ALT-904162,2024-11-20 06:58:29,Medium,Payment Gateway,Payments & Cards,Persistence,L. Novak,False Positive,143,Closed
ALT-901455,2024-11-20 18:56:25,Low,Treasury Management System,Commercial Banking,Impact,T. Chen,False Positive,148,Closed
ALT-902529,2024-11-20 19:59:39,Low,Commercial Loan Platform,Commercial Banking,Discovery,L. Novak,False Positive,158,Closed
ALT-900100,2024-11-20 22:00:14,Low,Card Issuance System,Payments & Cards,Defense Evasion,L. Novak,False Positive,307,Closed
ALT-900148,2024-11-21 05:23:23,Low,Wealth Management Platform,Wealth Management,Credential Access,S. Okafor,Benign,251,Closed
ALT-902639,2024-11-21 13:35:26,Low,Cloud Workloads (AWS),Corporate IT & Infrastructure,Collection,L. Novak,False Positive,265,Closed
ALT-900675,2024-11-21 15:55:47,High,Document Management System,Mortgage & Lending,Lateral Movement,Unassigned,True Positive,5,Closed
ALT-902526,2024-11-21 18:31:51,Low,Commercial Loan Platform,Commercial Banking,Lateral Movement,A. Ramirez,Benign,355,Closed
ALT-902499,2024-11-22 00:14:37,Medium,Document Management System,Mortgage & Lending,Collection,Unassigned,Benign,150,Closed
ALT-903342,2024-11-22 07:16:18,Medium,Data Warehouse,Corporate IT & Infrastructure,Privilege Escalation,T. Chen,False Positive,77,Closed
ALT-903419,2024-11-22 08:43:05,Low,Core Banking System,Retail Banking,Lateral Movement,T. Chen,Benign,176,Closed
ALT-900922,2024-11-22 13:11:37,Medium,Data Warehouse,Corporate IT & Infrastructure,Collection,T. Chen,Benign,60,Closed
ALT-900918,2024-11-22 19:32:50,Low,Teller Platform,Retail Banking,Collection,S. Okafor,Benign,106,Closed
ALT-903914,2024-11-22 23:14:33,Low,Treasury Management System,Commercial Banking,Execution,S. Okafor,Benign,155,Closed
ALT-900308,2024-11-23 05:51:17,Medium,Treasury Management System,Commercial Banking,Collection,J. Kowalski,Benign,31,Closed
ALT-900725,2024-11-23 10:48:11,Low,Cloud Workloads (AWS),Corporate IT & Infrastructure,Defense Evasion,M. Patel,Benign,203,Closed
ALT-902853,2024-11-23 13:18:05,Medium,Core Banking System,Retail Banking,Discovery,T. Chen,Benign,53,Closed
ALT-900116,2024-11-23 18:30:25,Medium,Teller Platform,Retail Banking,Collection,S. Okafor,False Positive,97,Closed
ALT-903036,2024-11-23 23:01:27,Medium,Wire Transfer System,Payments & Cards,Defense Evasion,T. Chen,Benign,58,Closed
ALT-901772,2024-11-24 12:48:15,Low,Document Management System,Mortgage & Lending,Discovery,M. Patel,False Positive,344,Closed
ALT-901406,2024-11-24 13:20:08,Medium,Wealth Management Platform,Wealth Management,Collection,A. Ramirez,Benign,124,Closed
ALT-902996,2024-11-24 13:48:12,Low,Trading Platform,Wealth Management,Credential Access,L. Novak,False Positive,147,Closed
ALT-901173,2024-11-24 17:54:45,High,Payment Gateway,Payments & Cards,Persistence,S. Okafor,True Positive,25,Closed
ALT-902302,2024-11-24 18:00:07,Low,Trading Platform,Wealth Management,Lateral Movement,T. Chen,Benign,185,Closed
ALT-902649,2024-11-24 19:00:10,Low,Mobile Banking App,Digital Banking,Command and Control,L. Novak,Benign,73,Closed
ALT-902427,2024-11-24 21:00:28,Medium,Card Issuance System,Payments & Cards,Impact,A. Ramirez,Benign,86,Closed
ALT-901855,2024-11-25 03:05:35,Low,Endpoint Fleet,Corporate IT & Infrastructure,Initial Access,T. Chen,Benign,135,Closed
ALT-902382,2024-11-25 05:07:06,Low,Wealth Management Platform,Wealth Management,Discovery,M. Patel,Benign,210,Closed
ALT-903041,2024-11-25 07:36:14,Low,ATM Network,Retail Banking,Persistence,T. Chen,Benign,44,Closed
ALT-902289,2024-11-25 10:44:22,Medium,Treasury Management System,Commercial Banking,Exfiltration,A. Ramirez,False Positive,78,Closed
ALT-903188,2024-11-25 20:05:51,Low,Treasury Management System,Commercial Banking,Defense Evasion,S. Okafor,True Positive,311,Closed
ALT-902709,2024-11-26 01:07:27,Low,Mobile Banking App,Digital Banking,Credential Access,T. Chen,True Positive,346,Closed
ALT-901167,2024-11-26 21:11:29,Low,Data Warehouse,Corporate IT & Infrastructure,Defense Evasion,S. Okafor,False Positive,312,Closed
ALT-903326,2024-11-26 21:22:54,Medium,Payment Gateway,Payments & Cards,Persistence,Unassigned,Benign,36,Closed
ALT-903841,2024-11-27 01:56:15,Low,Email & Collaboration (O365),Corporate IT & Infrastructure,Exfiltration,A. Ramirez,False Positive,203,Closed
ALT-901705,2024-11-27 04:07:07,Medium,Trading Platform,Wealth Management,Persistence,A. Ramirez,Benign,82,Closed
ALT-900200,2024-11-27 04:08:05,Medium,Customer API Gateway,Digital Banking,Lateral Movement,A. Ramirez,Benign,44,Closed
ALT-902724,2024-11-27 04:49:01,Medium,Mobile Banking App,Digital Banking,Impact,L. Novak,False Positive,47,Closed
ALT-903806,2024-11-27 20:54:42,Medium,Active Directory,Corporate IT & Infrastructure,Persistence,Unassigned,Benign,46,Closed
ALT-904038,2024-11-27 21:30:54,Medium,ATM Network,Retail Banking,Defense Evasion,M. Patel,Benign,15,Closed
ALT-900620,2024-11-27 21:51:20,Medium,Wealth Management Platform,Wealth Management,Persistence,Unassigned,False Positive,116,Closed
ALT-902507,2024-11-28 00:33:52,Low,Wealth Management Platform,Wealth Management,Lateral Movement,Unassigned,False Positive,195,Closed
ALT-900325,2024-11-28 02:36:44,Medium,Document Management System,Mortgage & Lending,Persistence,T. Chen,Benign,76,Closed
ALT-902653,2024-11-28 03:54:53,Critical,Wire Transfer System,Payments & Cards,Defense Evasion,Unassigned,True Positive,10,Closed
ALT-901640,2024-11-28 07:37:43,High,Data Warehouse,Corporate IT & Infrastructure,Collection,T. Chen,True Positive,17,Closed
ALT-904028,2024-11-28 08:49:45,Low,Email & Collaboration (O365),Corporate IT & Infrastructure,Execution,Unassigned,Benign,291,Closed
ALT-903597,2024-11-28 09:18:45,Medium,Customer API Gateway,Digital Banking,Privilege Escalation,A. Ramirez,False Positive,161,Closed
ALT-900240,2024-11-28 09:31:55,Low,Teller Platform,Retail Banking,Privilege Escalation,S. Okafor,False Positive,190,Closed
ALT-903923,2024-11-28 11:30:04,Low,Commercial Loan Platform,Commercial Banking,Discovery,T. Chen,Benign,348,Closed
ALT-901251,2024-11-28 14:51:20,Low,Active Directory,Corporate IT & Infrastructure,Privilege Escalation,A. Ramirez,Benign,240,Closed
ALT-902843,2024-11-28 18:52:29,Low,Teller Platform,Retail Banking,Exfiltration,S. Okafor,False Positive,51,Closed
ALT-902179,2024-11-29 02:00:52,Low,Treasury Management System,Commercial Banking,Impact,M. Patel,Benign,270,Closed
ALT-900087,2024-11-29 05:07:58,Medium,Cloud Workloads (AWS),Corporate IT & Infrastructure,Persistence,Unassigned,Benign,73,Closed
ALT-903568,2024-11-29 07:23:15,Low,Active Directory,Corporate IT & Infrastructure,Persistence,S. Okafor,Benign,116,Closed
ALT-903966,2024-11-29 10:06:02,Low,Teller Platform,Retail Banking,Lateral Movement,Unassigned,Benign,297,Closed
ALT-901630,2024-11-29 14:29:00,Medium,Active Directory,Corporate IT & Infrastructure,Defense Evasion,L. Novak,False Positive,179,Closed
ALT-901186,2024-11-29 19:32:29,Low,ATM Network,Retail Banking,Collection,A. Ramirez,Benign,193,Closed
ALT-901884,2024-11-29 20:24:56,Medium,Payment Gateway,Payments & Cards,Command and Control,L. Novak,False Positive,158,Closed
ALT-901070,2024-11-30 04:21:19,Medium,Email & Collaboration (O365),Corporate IT & Infrastructure,Discovery,L. Novak,False Positive,61,Closed
ALT-901961,2024-11-30 04:55:42,High,Data Warehouse,Corporate IT & Infrastructure,Collection,J. Kowalski,False Positive,32,Closed
ALT-902745,2024-11-30 05:53:26,Medium,Commercial Loan Platform,Commercial Banking,Defense Evasion,M. Patel,False Positive,119,Closed
ALT-903922,2024-11-30 09:46:20,Low,Email & Collaboration (O365),Corporate IT & Infrastructure,Execution,M. Patel,False Positive,118,Closed
ALT-901658,2024-11-30 09:59:00,Medium,Commercial Loan Platform,Commercial Banking,Lateral Movement,S. Okafor,Benign,60,Closed
ALT-903073,2024-11-30 11:39:00,Low,Endpoint Fleet,Corporate IT & Infrastructure,Initial Access,S. Okafor,Benign,326,Closed
ALT-903851,2024-11-30 15:10:14,Medium,Cloud Workloads (AWS),Corporate IT & Infrastructure,Impact,L. Novak,False Positive,42,Closed
ALT-901851,2024-11-30 17:40:12,Low,Customer API Gateway,Digital Banking,Privilege Escalation,S. Okafor,Benign,348,Closed
ALT-901792,2024-11-30 21:13:28,Low,Document Management System,Mortgage & Lending,Credential Access,Unassigned,False Positive,42,Closed
ALT-903880,2024-12-01 01:49:27,Medium,Customer API Gateway,Digital Banking,Initial Access,A. Ramirez,True Positive,157,Closed
ALT-903946,2024-12-01 19:14:29,Low,Payment Gateway,Payments & Cards,Lateral Movement,J. Kowalski,Benign,151,Closed
ALT-903123,2024-12-02 01:03:38,Low,Wire Transfer System,Payments & Cards,Collection,L. Novak,False Positive,27,Closed
ALT-900331,2024-12-02 04:53:02,Medium,Wire Transfer System,Payments & Cards,Execution,M. Patel,Benign,109,Closed
ALT-901441,2024-12-02 07:12:09,Low,Card Issuance System,Payments & Cards,Credential Access,S. Okafor,Benign,303,Closed
ALT-902136,2024-12-02 12:32:27,Low,Endpoint Fleet,Corporate IT & Infrastructure,Exfiltration,S. Okafor,Benign,300,Closed
ALT-903305,2024-12-02 13:29:17,Low,Document Management System,Mortgage & Lending,Lateral Movement,Unassigned,Benign,22,Closed
ALT-903315,2024-12-02 17:48:06,Low,Core Banking System,Retail Banking,Lateral Movement,A. Ramirez,Benign,90,Closed
ALT-902348,2024-12-02 21:57:19,Low,ATM Network,Retail Banking,Execution,Unassigned,False Positive,291,Closed
ALT-903146,2024-12-02 23:24:24,Medium,Mobile Banking App,Digital Banking,Command and Control,S. Okafor,Benign,27,Closed
ALT-902118,2024-12-03 04:04:36,Low,Active Directory,Corporate IT & Infrastructure,Privilege Escalation,L. Novak,Benign,155,Closed
ALT-903015,2024-12-03 04:26:51,Low,Trading Platform,Wealth Management,Persistence,T. Chen,True Positive,242,Closed
ALT-901945,2024-12-03 13:10:54,Medium,Teller Platform,Retail Banking,Credential Access,Unassigned,False Positive,10,Closed
ALT-901069,2024-12-03 14:27:55,Low,Treasury Management System,Commercial Banking,Command and Control,A. Ramirez,True Positive,152,Closed
ALT-901136,2024-12-03 20:14:54,Low,ATM Network,Retail Banking,Lateral Movement,S. Okafor,Benign,251,Closed
ALT-902560,2024-12-03 20:37:40,Medium,Customer API Gateway,Digital Banking,Execution,T. Chen,False Positive,106,Closed
ALT-900947,2024-12-04 07:34:57,Low,Customer API Gateway,Digital Banking,Collection,L. Novak,False Positive,151,Closed
ALT-902065,2024-12-04 08:02:31,Low,Online Banking Portal,Digital Banking,Credential Access,A. Ramirez,True Positive,266,Closed
ALT-901293,2024-12-04 11:24:19,Low,Trading Platform,Wealth Management,Persistence,M. Patel,Benign,231,Closed
ALT-903511,2024-12-04 16:05:51,Low,ATM Network,Retail Banking,Lateral Movement,T. Chen,Benign,313,Closed
ALT-900571,2024-12-05 00:50:46,Low,Teller Platform,Retail Banking,Discovery,L. Novak,False Positive,228,Closed
ALT-900975,2024-12-05 01:30:11,Low,Document Management System,Mortgage & Lending,Initial Access,J. Kowalski,Benign,294,Closed
ALT-903621,2024-12-05 16:14:33,Medium,Trading Platform,Wealth Management,Privilege Escalation,S. Okafor,True Positive,33,Closed
ALT-902141,2024-12-05 18:39:44,Low,Card Issuance System,Payments & Cards,Execution,Unassigned,False Positive,260,Closed
ALT-902300,2024-12-05 22:51:09,Low,Document Management System,Mortgage & Lending,Execution,T. Chen,False Positive,135,Closed
ALT-904154,2024-12-06 01:01:14,Low,Commercial Loan Platform,Commercial Banking,Command and Control,A. Ramirez,Benign,142,Closed
ALT-900370,2024-12-06 02:06:59,Low,Wealth Management Platform,Wealth Management,Command and Control,Unassigned,False Positive,105,Closed
ALT-902466,2024-12-06 03:00:18,Medium,Core Banking System,Retail Banking,Execution,L. Novak,True Positive,81,Closed
ALT-904093,2024-12-06 05:36:36,Low,Payment Gateway,Payments & Cards,Execution,L. Novak,Benign,298,Closed
ALT-900074,2024-12-06 10:29:13,Low,Teller Platform,Retail Banking,Privilege Escalation,L. Novak,Benign,298,Closed
ALT-902067,2024-12-06 12:15:58,High,Card Issuance System,Payments & Cards,Collection,M. Patel,True Positive,40,Closed
ALT-903437,2024-12-06 15:07:08,Medium,ATM Network,Retail Banking,Lateral Movement,T. Chen,False Positive,157,Closed
ALT-902071,2024-12-06 15:40:21,High,ATM Network,Retail Banking,Persistence,J. Kowalski,False Positive,31,Closed
ALT-903594,2024-12-06 20:36:21,Low,Wealth Management Platform,Wealth Management,Execution,J. Kowalski,Benign,315,Closed
ALT-904124,2024-12-07 02:00:32,Low,Core Banking System,Retail Banking,Initial Access,Unassigned,Benign,217,Closed
ALT-902961,2024-12-07 02:26:47,Low,Email & Collaboration (O365),Corporate IT & Infrastructure,Impact,A. Ramirez,True Positive,82,Closed
ALT-901938,2024-12-07 03:55:24,Medium,Payment Gateway,Payments & Cards,Command and Control,A. Ramirez,Benign,77,Closed
ALT-901979,2024-12-07 06:05:36,Medium,Mobile Banking App,Digital Banking,Defense Evasion,L. Novak,True Positive,122,Closed
ALT-903709,2024-12-07 06:09:20,Low,Active Directory,Corporate IT & Infrastructure,Privilege Escalation,Unassigned,False Positive,215,Closed
ALT-900990,2024-12-07 11:30:31,Low,Mobile Banking App,Digital Banking,Credential Access,J. Kowalski,False Positive,231,Closed
ALT-901645,2024-12-07 13:27:36,Low,Commercial Loan Platform,Commercial Banking,Privilege Escalation,S. Okafor,Benign,171,Closed
ALT-900349,2024-12-07 14:29:28,Medium,Trading Platform,Wealth Management,Command and Control,A. Ramirez,Benign,138,Closed
ALT-901304,2024-12-07 19:24:14,Low,Wire Transfer System,Payments & Cards,Lateral Movement,L. Novak,Benign,276,Closed
ALT-900378,2024-12-07 19:43:03,Low,Customer API Gateway,Digital Banking,Exfiltration,A. Ramirez,False Positive,68,Closed
ALT-903557,2024-12-07 22:07:21,Low,Commercial Loan Platform,Commercial Banking,Initial Access,L. Novak,Benign,302,Closed
ALT-903304,2024-12-08 01:40:49,High,Wire Transfer System,Payments & Cards,Persistence,M. Patel,False Positive,34,Closed
ALT-901666,2024-12-08 02:08:29,Critical,Loan Origination System,Mortgage & Lending,Credential Access,T. Chen,Benign,12,Closed
ALT-904149,2024-12-08 06:18:35,Low,Commercial Loan Platform,Commercial Banking,Credential Access,J. Kowalski,Benign,234,Closed
ALT-902963,2024-12-08 12:22:56,Low,Payment Gateway,Payments & Cards,Persistence,T. Chen,False Positive,33,Closed
ALT-900982,2024-12-08 15:13:43,Low,Endpoint Fleet,Corporate IT & Infrastructure,Defense Evasion,A. Ramirez,False Positive,185,Closed
ALT-901022,2024-12-08 15:25:31,Medium,Trading Platform,Wealth Management,Initial Access,Unassigned,Benign,56,Closed
ALT-900347,2024-12-08 16:19:08,Low,Trading Platform,Wealth Management,Command and Control,L. Novak,Benign,190,Closed
ALT-901738,2024-12-09 01:52:02,Medium,Teller Platform,Retail Banking,Discovery,A. Ramirez,Benign,127,Closed
ALT-903997,2024-12-09 08:06:07,Critical,Online Banking Portal,Digital Banking,Persistence,M. Patel,False Positive,3,Closed
ALT-900338,2024-12-09 08:20:50,Low,Active Directory,Corporate IT & Infrastructure,Collection,L. Novak,False Positive,92,Closed
ALT-900028,2024-12-09 23:20:37,Low,Core Banking System,Retail Banking,Command and Control,J. Kowalski,False Positive,351,Closed
ALT-901358,2024-12-10 03:06:13,Medium,Email & Collaboration (O365),Corporate IT & Infrastructure,Exfiltration,M. Patel,False Positive,39,Closed
ALT-903230,2024-12-10 04:04:50,High,Data Warehouse,Corporate IT & Infrastructure,Defense Evasion,S. Okafor,True Positive,46,Closed
ALT-901230,2024-12-10 10:22:31,Low,Trading Platform,Wealth Management,Privilege Escalation,Unassigned,False Positive,244,Closed
ALT-900651,2024-12-10 19:28:08,High,Payment Gateway,Payments & Cards,Initial Access,Unassigned,False Positive,16,Closed
ALT-904123,2024-12-10 22:29:22,Low,Customer API Gateway,Digital Banking,Privilege Escalation,Unassigned,Benign,353,Closed
ALT-902774,2024-12-11 01:39:16,Low,Mobile Banking App,Digital Banking,Impact,J. Kowalski,False Positive,62,Closed
ALT-900229,2024-12-11 05:33:17,Low,Document Management System,Mortgage & Lending,Credential Access,T. Chen,Benign,171,Closed
ALT-900227,2024-12-11 09:45:23,Low,Online Banking Portal,Digital Banking,Command and Control,T. Chen,False Positive,63,Closed
ALT-901285,2024-12-11 11:02:00,Low,Mobile Banking App,Digital Banking,Command and Control,S. Okafor,False Positive,221,Closed
ALT-902625,2024-12-11 15:38:35,High,Commercial Loan Platform,Commercial Banking,Discovery,J. Kowalski,True Positive,13,Closed
ALT-901460,2024-12-11 19:06:08,Low,Teller Platform,Retail Banking,Exfiltration,Unassigned,True Positive,263,Closed
ALT-903809,2024-12-12 06:02:33,Medium,Loan Origination System,Mortgage & Lending,Initial Access,M. Patel,Benign,13,Closed
ALT-901720,2024-12-12 07:39:15,Medium,Treasury Management System,Commercial Banking,Collection,J. Kowalski,False Positive,83,Closed
ALT-903178,2024-12-12 07:54:25,Low,Teller Platform,Retail Banking,Persistence,A. Ramirez,False Positive,323,Closed
ALT-900168,2024-12-12 08:22:07,Medium,Card Issuance System,Payments & Cards,Persistence,M. Patel,True Positive,88,Closed
ALT-900736,2024-12-12 14:03:56,Medium,Cloud Workloads (AWS),Corporate IT & Infrastructure,Execution,S. Okafor,False Positive,23,Closed
ALT-902630,2024-12-12 21:23:22,Low,Loan Origination System,Mortgage & Lending,Initial Access,A. Ramirez,False Positive,359,Closed
ALT-902781,2024-12-13 00:03:16,Medium,Customer API Gateway,Digital Banking,Persistence,Unassigned,False Positive,70,Closed
ALT-900237,2024-12-13 08:43:44,Low,Document Management System,Mortgage & Lending,Discovery,T. Chen,Benign,94,Closed
ALT-900033,2024-12-13 13:02:20,Medium,Mobile Banking App,Digital Banking,Lateral Movement,S. Okafor,False Positive,83,Closed
ALT-901121,2024-12-13 21:24:41,Low,Online Banking Portal,Digital Banking,Initial Access,M. Patel,False Positive,53,Closed
ALT-900127,2024-12-13 23:50:49,Low,Email & Collaboration (O365),Corporate IT & Infrastructure,Command and Control,Unassigned,Benign,44,Closed
ALT-901268,2024-12-14 01:05:46,Low,Trading Platform,Wealth Management,Persistence,J. Kowalski,Benign,334,Closed
ALT-902010,2024-12-14 04:14:58,Medium,Payment Gateway,Payments & Cards,Command and Control,A. Ramirez,Benign,91,Closed
ALT-900048,2024-12-14 05:16:54,Low,Wealth Management Platform,Wealth Management,Command and Control,T. Chen,False Positive,216,Closed
ALT-901577,2024-12-14 15:42:41,High,Wealth Management Platform,Wealth Management,Discovery,A. Ramirez,True Positive,52,Closed
ALT-903158,2024-12-14 20:44:06,Medium,Email & Collaboration (O365),Corporate IT & Infrastructure,Discovery,L. Novak,False Positive,135,Closed
ALT-902144,2024-12-15 02:56:44,Low,Email & Collaboration (O365),Corporate IT & Infrastructure,Initial Access,L. Novak,Benign,266,Closed
ALT-903377,2024-12-15 08:54:33,Medium,Payment Gateway,Payments & Cards,Execution,M. Patel,False Positive,167,Closed
ALT-901990,2024-12-15 12:43:21,Low,Endpoint Fleet,Corporate IT & Infrastructure,Initial Access,L. Novak,Benign,170,Closed
ALT-902127,2024-12-15 17:57:21,Low,Email & Collaboration (O365),Corporate IT & Infrastructure,Discovery,J. Kowalski,Benign,353,Closed
ALT-902706,2024-12-15 22:20:26,Medium,Online Banking Portal,Digital Banking,Command and Control,L. Novak,Benign,158,Closed
ALT-903783,2024-12-15 23:57:34,High,Data Warehouse,Corporate IT & Infrastructure,Impact,J. Kowalski,False Positive,12,Closed
ALT-903748,2024-12-16 00:40:26,Low,ATM Network,Retail Banking,Collection,T. Chen,False Positive,255,Closed
ALT-903404,2024-12-16 01:52:38,Medium,Online Banking Portal,Digital Banking,Impact,L. Novak,Benign,84,Closed
ALT-903049,2024-12-16 07:08:49,Low,Card Issuance System,Payments & Cards,Command and Control,T. Chen,Benign,294,Closed
ALT-903662,2024-12-16 08:16:34,Low,Customer API Gateway,Digital Banking,Execution,A. Ramirez,Benign,283,Closed
ALT-901871,2024-12-16 12:32:20,Low,Customer API Gateway,Digital Banking,Collection,T. Chen,Benign,308,Closed
ALT-900353,2024-12-16 14:04:49,High,Document Management System,Mortgage & Lending,Impact,J. Kowalski,False Positive,47,Closed
ALT-902347,2024-12-17 03:26:43,Low,ATM Network,Retail Banking,Exfiltration,Unassigned,Benign,262,Closed
ALT-903131,2024-12-17 05:14:37,Low,Online Banking Portal,Digital Banking,Discovery,M. Patel,Benign,199,Closed
ALT-900978,2024-12-17 14:05:10,High,Core Banking System,Retail Banking,Collection,L. Novak,False Positive,6,Closed
ALT-901170,2024-12-17 16:21:01,Low,Loan Origination System,Mortgage & Lending,Execution,A. Ramirez,False Positive,327,Closed
ALT-902712,2024-12-17 16:43:31,Low,Online Banking Portal,Digital Banking,Persistence,L. Novak,Benign,322,Closed
ALT-901546,2024-12-17 17:03:04,High,Wealth Management Platform,Wealth Management,Lateral Movement,M. Patel,Benign,36,Closed
ALT-902114,2024-12-17 22:14:28,Low,Endpoint Fleet,Corporate IT & Infrastructure,Discovery,Unassigned,Benign,210,Closed
ALT-902701,2024-12-18 01:34:22,Medium,Email & Collaboration (O365),Corporate IT & Infrastructure,Execution,L. Novak,Benign,123,Closed
ALT-904150,2024-12-18 07:48:13,Medium,Cloud Workloads (AWS),Corporate IT & Infrastructure,Defense Evasion,Unassigned,False Positive,43,Closed
ALT-903103,2024-12-18 08:20:04,Medium,Customer API Gateway,Digital Banking,Persistence,Unassigned,True Positive,121,Closed
ALT-903888,2024-12-18 10:37:33,Low,Loan Origination System,Mortgage & Lending,Exfiltration,M. Patel,Benign,284,Closed
ALT-900041,2024-12-18 13:07:40,Low,Active Directory,Corporate IT & Infrastructure,Defense Evasion,T. Chen,Benign,78,Closed
ALT-901847,2024-12-18 13:54:52,Medium,Commercial Loan Platform,Commercial Banking,Exfiltration,J. Kowalski,Benign,149,Closed
ALT-902089,2024-12-18 14:02:07,Low,Treasury Management System,Commercial Banking,Exfiltration,L. Novak,Benign,147,Closed
ALT-902688,2024-12-18 16:28:16,Low,Active Directory,Corporate IT & Infrastructure,Collection,T. Chen,Benign,124,Closed
ALT-902616,2024-12-18 18:59:10,Low,Endpoint Fleet,Corporate IT & Infrastructure,Credential Access,J. Kowalski,False Positive,18,Closed
ALT-903132,2024-12-18 19:23:09,Low,Customer API Gateway,Digital Banking,Command and Control,A. Ramirez,False Positive,277,Closed
ALT-902609,2024-12-19 11:19:36,Low,Customer API Gateway,Digital Banking,Defense Evasion,L. Novak,True Positive,29,Closed
ALT-901886,2024-12-19 12:03:54,Medium,Card Issuance System,Payments & Cards,Discovery,S. Okafor,Benign,106,Closed
ALT-900995,2024-12-20 05:38:53,Medium,Email & Collaboration (O365),Corporate IT & Infrastructure,Impact,M. Patel,Benign,57,Closed
ALT-901715,2024-12-20 07:39:15,Low,Teller Platform,Retail Banking,Execution,M. Patel,False Positive,53,Closed
ALT-902795,2024-12-20 09:45:17,High,Mobile Banking App,Digital Banking,Collection,T. Chen,Benign,40,Closed
ALT-902319,2024-12-20 13:22:37,Low,Email & Collaboration (O365),Corporate IT & Infrastructure,Credential Access,Unassigned,Benign,335,Closed
ALT-901259,2024-12-20 14:12:42,High,Loan Origination System,Mortgage & Lending,Command and Control,A. Ramirez,Benign,60,Closed
ALT-903210,2024-12-20 20:52:47,Medium,Teller Platform,Retail Banking,Persistence,J. Kowalski,Benign,95,Closed
ALT-901237,2024-12-20 22:11:13,Medium,Wealth Management Platform,Wealth Management,Collection,L. Novak,False Positive,141,Closed
ALT-903545,2024-12-21 01:37:33,Medium,Treasury Management System,Commercial Banking,Command and Control,J. Kowalski,False Positive,132,Closed
ALT-900144,2024-12-21 02:30:40,Medium,Active Directory,Corporate IT & Infrastructure,Defense Evasion,Unassigned,False Positive,66,Closed
ALT-903320,2024-12-21 03:39:29,Medium,ATM Network,Retail Banking,Command and Control,M. Patel,False Positive,70,Closed
ALT-900989,2024-12-21 04:15:15,Low,Customer API Gateway,Digital Banking,Discovery,S. Okafor,Benign,338,Closed
ALT-900794,2024-12-21 04:35:28,Medium,Active Directory,Corporate IT & Infrastructure,Privilege Escalation,J. Kowalski,Benign,92,Closed
ALT-903819,2024-12-22 00:38:12,Low,Trading Platform,Wealth Management,Command and Control,A. Ramirez,False Positive,108,Closed
ALT-903689,2024-12-22 00:59:11,Low,Mobile Banking App,Digital Banking,Credential Access,S. Okafor,Benign,251,Closed
ALT-902406,2024-12-22 01:25:09,Low,ATM Network,Retail Banking,Initial Access,L. Novak,Benign,187,Closed
ALT-901159,2024-12-22 07:46:38,Medium,Teller Platform,Retail Banking,Collection,J. Kowalski,False Positive,164,Closed
ALT-900798,2024-12-22 13:40:54,Low,Loan Origination System,Mortgage & Lending,Credential Access,A. Ramirez,False Positive,334,Closed
ALT-901515,2024-12-22 14:51:14,Low,Wealth Management Platform,Wealth Management,Initial Access,L. Novak,False Positive,355,Closed
ALT-902258,2024-12-22 17:03:14,Low,Active Directory,Corporate IT & Infrastructure,Command and Control,A. Ramirez,Benign,248,Closed
ALT-901185,2024-12-23 00:24:28,Medium,Endpoint Fleet,Corporate IT & Infrastructure,Credential Access,Unassigned,Benign,154,Closed
ALT-902365,2024-12-23 01:50:00,Medium,Loan Origination System,Mortgage & Lending,Initial Access,Unassigned,True Positive,11,Closed
ALT-901817,2024-12-23 01:54:57,Medium,Loan Origination System,Mortgage & Lending,Execution,J. Kowalski,Benign,37,Closed
ALT-902922,2024-12-23 03:36:58,Low,Teller Platform,Retail Banking,Lateral Movement,J. Kowalski,False Positive,256,Closed
ALT-903682,2024-12-23 10:01:51,Medium,Teller Platform,Retail Banking,Collection,L. Novak,False Positive,123,Closed
ALT-903960,2024-12-23 10:48:50,Medium,Online Banking Portal,Digital Banking,Lateral Movement,J. Kowalski,Benign,38,Closed
ALT-900262,2024-12-23 13:32:29,High,Card Issuance System,Payments & Cards,Command and Control,J. Kowalski,Benign,57,Closed
ALT-903917,2024-12-23 19:24:43,Low,Core Banking System,Retail Banking,Lateral Movement,A. Ramirez,Benign,29,Closed
ALT-904107,2024-12-23 21:51:43,Low,Payment Gateway,Payments & Cards,Discovery,J. Kowalski,False Positive,111,Closed
ALT-900541,2024-12-23 23:16:03,Medium,Loan Origination System,Mortgage & Lending,Initial Access,M. Patel,Benign,166,Closed
ALT-900089,2024-12-24 11:06:08,Medium,Mobile Banking App,Digital Banking,Command and Control,J. Kowalski,True Positive,10,Closed
ALT-900649,2024-12-24 15:55:28,Low,Data Warehouse,Corporate IT & Infrastructure,Lateral Movement,L. Novak,True Positive,27,Closed
ALT-903174,2024-12-24 21:22:44,Low,Wire Transfer System,Payments & Cards,Lateral Movement,A. Ramirez,Benign,271,Closed
ALT-903347,2024-12-25 03:07:41,Low,Commercial Loan Platform,Commercial Banking,Discovery,L. Novak,False Positive,51,Closed
ALT-902479,2024-12-25 05:02:18,High,Active Directory,Corporate IT & Infrastructure,Execution,T. Chen,True Positive,46,Closed
ALT-900787,2024-12-25 12:27:56,High,Data Warehouse,Corporate IT & Infrastructure,Persistence,L. Novak,Benign,59,Closed
ALT-903687,2024-12-25 16:03:41,High,Mobile Banking App,Digital Banking,Execution,M. Patel,True Positive,12,Closed
ALT-902950,2024-12-25 16:31:51,Low,Card Issuance System,Payments & Cards,Exfiltration,Unassigned,False Positive,213,Closed
ALT-900686,2024-12-25 21:49:50,Low,Wire Transfer System,Payments & Cards,Credential Access,S. Okafor,False Positive,59,Closed
ALT-901375,2024-12-26 03:26:05,Low,Card Issuance System,Payments & Cards,Command and Control,M. Patel,False Positive,161,Closed
ALT-901112,2024-12-26 07:23:09,Low,Mobile Banking App,Digital Banking,Credential Access,Unassigned,Benign,25,Closed
ALT-902197,2024-12-26 09:24:24,Medium,Card Issuance System,Payments & Cards,Privilege Escalation,T. Chen,False Positive,42,Closed
ALT-904151,2024-12-26 15:12:40,Medium,Teller Platform,Retail Banking,Persistence,T. Chen,Benign,11,Closed
ALT-900426,2024-12-26 19:05:02,Medium,Data Warehouse,Corporate IT & Infrastructure,Initial Access,J. Kowalski,True Positive,172,Closed
ALT-904166,2024-12-27 01:46:57,Medium,Commercial Loan Platform,Commercial Banking,Lateral Movement,M. Patel,True Positive,154,Closed
ALT-901105,2024-12-27 03:29:43,Low,Document Management System,Mortgage & Lending,Discovery,S. Okafor,Benign,238,Closed
ALT-903349,2024-12-27 10:38:54,High,Mobile Banking App,Digital Banking,Initial Access,J. Kowalski,True Positive,18,Closed
ALT-902267,2024-12-27 15:19:16,High,Payment Gateway,Payments & Cards,Command and Control,J. Kowalski,Benign,44,Closed
ALT-901497,2024-12-27 17:40:15,Low,Customer API Gateway,Digital Banking,Initial Access,L. Novak,False Positive,64,Closed
ALT-902080,2024-12-27 21:39:07,Low,Card Issuance System,Payments & Cards,Privilege Escalation,L. Novak,False Positive,46,Closed
ALT-900327,2024-12-27 23:20:48,Low,Email & Collaboration (O365),Corporate IT & Infrastructure,Defense Evasion,J. Kowalski,Benign,213,Closed
ALT-903770,2024-12-27 23:27:43,Low,Trading Platform,Wealth Management,Discovery,M. Patel,False Positive,282,Closed
ALT-903673,2024-12-28 02:33:36,Low,Customer API Gateway,Digital Banking,Impact,A. Ramirez,False Positive,157,Closed
ALT-901481,2024-12-29 01:47:56,Low,Teller Platform,Retail Banking,Persistence,T. Chen,False Positive,95,Closed
ALT-903394,2024-12-29 03:22:36,Medium,Loan Origination System,Mortgage & Lending,Execution,A. Ramirez,Benign,152,Closed
ALT-900967,2024-12-29 07:19:37,Medium,Endpoint Fleet,Corporate IT & Infrastructure,Execution,J. Kowalski,False Positive,158,Closed
ALT-903519,2024-12-29 18:05:31,Critical,Loan Origination System,Mortgage & Lending,Collection,Unassigned,True Positive,5,Closed
ALT-900433,2024-12-30 02:46:21,Medium,Core Banking System,Retail Banking,Defense Evasion,T. Chen,Benign,64,Closed
ALT-901799,2024-12-30 06:35:37,High,Data Warehouse,Corporate IT & Infrastructure,Exfiltration,A. Ramirez,True Positive,56,Closed
ALT-900537,2024-12-30 09:52:28,Low,Endpoint Fleet,Corporate IT & Infrastructure,Discovery,S. Okafor,Benign,63,Closed
ALT-903050,2024-12-30 15:45:07,Low,ATM Network,Retail Banking,Initial Access,L. Novak,True Positive,126,Closed
ALT-900206,2024-12-30 23:52:03,Low,Active Directory,Corporate IT & Infrastructure,Execution,M. Patel,False Positive,254,Closed
ALT-904104,2024-12-31 01:08:02,Low,Treasury Management System,Commercial Banking,Command and Control,J. Kowalski,Benign,33,Closed
ALT-900171,2024-12-31 11:20:15,Low,Customer API Gateway,Digital Banking,Command and Control,L. Novak,False Positive,204,Closed
ALT-902489,2024-12-31 12:57:04,Low,Wire Transfer System,Payments & Cards,Collection,T. Chen,Benign,330,Closed
ALT-902894,2025-01-01 00:57:55,High,Trading Platform,Wealth Management,Execution,M. Patel,True Positive,51,Closed
ALT-900154,2025-01-01 06:00:46,Low,Email & Collaboration (O365),Corporate IT & Infrastructure,Privilege Escalation,S. Okafor,Benign,95,Closed
ALT-903607,2025-01-01 09:38:06,High,Wire Transfer System,Payments & Cards,Privilege Escalation,Unassigned,False Positive,53,Closed
ALT-902892,2025-01-01 17:12:48,Medium,Data Warehouse,Corporate IT & Infrastructure,Discovery,T. Chen,Benign,109,Closed
ALT-903457,2025-01-01 17:54:02,Medium,Treasury Management System,Commercial Banking,Command and Control,A. Ramirez,False Positive,11,Closed
ALT-901414,2025-01-01 21:22:21,Medium,Wealth Management Platform,Wealth Management,Exfiltration,Unassigned,Benign,166,Closed
ALT-901275,2025-01-02 17:29:29,Low,ATM Network,Retail Banking,Lateral Movement,Unassigned,False Positive,347,Closed
ALT-901654,2025-01-02 21:33:20,Low,Commercial Loan Platform,Commercial Banking,Initial Access,Unassigned,False Positive,356,Closed
ALT-901842,2025-01-03 05:03:59,High,Teller Platform,Retail Banking,Impact,T. Chen,True Positive,44,Closed
ALT-903087,2025-01-03 13:07:54,Low,Loan Origination System,Mortgage & Lending,Command and Control,Unassigned,Benign,320,Closed
ALT-902015,2025-01-03 13:12:33,High,Payment Gateway,Payments & Cards,Command and Control,S. Okafor,Benign,37,Closed
ALT-902244,2025-01-03 20:55:27,Low,Teller Platform,Retail Banking,Credential Access,M. Patel,False Positive,263,Closed
ALT-901124,2025-01-03 22:26:26,High,Wire Transfer System,Payments & Cards,Impact,M. Patel,False Positive,5,Closed
ALT-900775,2025-01-04 18:17:03,High,Commercial Loan Platform,Commercial Banking,Collection,A. Ramirez,False Positive,30,Closed
ALT-903939,2025-01-04 22:11:35,Low,Online Banking Portal,Digital Banking,Credential Access,S. Okafor,False Positive,202,Closed
ALT-902022,2025-01-05 00:05:12,Medium,Wire Transfer System,Payments & Cards,Exfiltration,T. Chen,False Positive,13,Closed
ALT-903484,2025-01-05 02:47:12,Low,Payment Gateway,Payments & Cards,Execution,S. Okafor,False Positive,262,Closed
ALT-902174,2025-01-05 05:36:59,Medium,Online Banking Portal,Digital Banking,Initial Access,M. Patel,Benign,113,Closed
ALT-900586,2025-01-05 12:40:47,Low,Wire Transfer System,Payments & Cards,Persistence,S. Okafor,False Positive,181,Closed
ALT-901974,2025-01-05 13:51:32,Medium,Card Issuance System,Payments & Cards,Lateral Movement,L. Novak,True Positive,85,Closed
ALT-902750,2025-01-05 14:06:31,Low,Document Management System,Mortgage & Lending,Collection,Unassigned,True Positive,121,Closed
ALT-901472,2025-01-05 20:15:47,Medium,Treasury Management System,Commercial Banking,Discovery,J. Kowalski,False Positive,153,Closed
ALT-903173,2025-01-06 01:45:01,Low,Teller Platform,Retail Banking,Discovery,L. Novak,Benign,182,Closed
ALT-903343,2025-01-06 02:09:59,Low,Mobile Banking App,Digital Banking,Impact,T. Chen,False Positive,235,Closed
ALT-903434,2025-01-06 03:44:10,High,Treasury Management System,Commercial Banking,Collection,A. Ramirez,Benign,45,Closed
ALT-900170,2025-01-06 06:30:53,Low,Core Banking System,Retail Banking,Privilege Escalation,S. Okafor,Benign,341,Closed
ALT-901224,2025-01-06 06:41:35,Low,Customer API Gateway,Digital Banking,Discovery,J. Kowalski,True Positive,193,Closed
ALT-903838,2025-01-06 08:15:00,Medium,Commercial Loan Platform,Commercial Banking,Credential Access,A. Ramirez,Benign,98,Closed
ALT-903586,2025-01-06 09:45:45,Low,Wealth Management Platform,Wealth Management,Credential Access,Unassigned,False Positive,37,Closed
ALT-900280,2025-01-06 12:01:27,High,Treasury Management System,Commercial Banking,Impact,J. Kowalski,Benign,58,Closed
ALT-901408,2025-01-06 20:20:17,Medium,Wealth Management Platform,Wealth Management,Persistence,L. Novak,False Positive,109,Closed
ALT-900446,2025-01-06 20:28:01,Low,Online Banking Portal,Digital Banking,Initial Access,J. Kowalski,False Positive,225,Closed
ALT-902017,2025-01-07 11:53:49,Medium,Trading Platform,Wealth Management,Initial Access,T. Chen,False Positive,80,Closed
ALT-901685,2025-01-07 20:32:02,Low,Core Banking System,Retail Banking,Exfiltration,T. Chen,Benign,77,Closed
ALT-903531,2025-01-08 01:43:00,Medium,Teller Platform,Retail Banking,Initial Access,J. Kowalski,True Positive,43,Closed
ALT-901628,2025-01-08 02:21:56,Low,Treasury Management System,Commercial Banking,Privilege Escalation,L. Novak,Benign,285,Closed
ALT-902018,2025-01-08 03:02:41,Low,Online Banking Portal,Digital Banking,Defense Evasion,L. Novak,Benign,283,Closed
ALT-900304,2025-01-08 03:54:32,Low,Email & Collaboration (O365),Corporate IT & Infrastructure,Collection,T. Chen,Benign,145,Closed
ALT-900065,2025-01-08 04:24:50,Low,Data Warehouse,Corporate IT & Infrastructure,Privilege Escalation,J. Kowalski,False Positive,344,Closed
ALT-902440,2025-01-08 18:05:26,Medium,Core Banking System,Retail Banking,Execution,M. Patel,True Positive,91,Closed
ALT-900642,2025-01-08 22:12:07,Low,Customer API Gateway,Digital Banking,Execution,A. Ramirez,True Positive,241,Closed
ALT-900628,2025-01-09 02:53:21,High,Wire Transfer System,Payments & Cards,Credential Access,M. Patel,False Positive,57,Closed
ALT-902331,2025-01-09 05:08:03,Medium,Payment Gateway,Payments & Cards,Privilege Escalation,A. Ramirez,False Positive,161,Closed
ALT-902562,2025-01-09 16:39:34,Low,Customer API Gateway,Digital Banking,Exfiltration,M. Patel,Benign,207,Closed
ALT-902351,2025-01-09 18:16:02,Medium,Trading Platform,Wealth Management,Execution,Unassigned,True Positive,12,Closed
ALT-903962,2025-01-09 23:24:51,Low,Customer API Gateway,Digital Banking,Lateral Movement,S. Okafor,Benign,171,Closed
ALT-903236,2025-01-10 02:44:32,Medium,Trading Platform,Wealth Management,Exfiltration,Unassigned,Benign,62,Closed
ALT-901978,2025-01-10 07:25:41,Medium,Data Warehouse,Corporate IT & Infrastructure,Lateral Movement,Unassigned,False Positive,108,Closed
ALT-903024,2025-01-10 08:05:26,Low,Document Management System,Mortgage & Lending,Collection,M. Patel,Benign,218,Closed
ALT-900644,2025-01-10 12:35:02,Medium,Treasury Management System,Commercial Banking,Exfiltration,A. Ramirez,Benign,99,Closed
ALT-900986,2025-01-10 16:22:07,Medium,Data Warehouse,Corporate IT & Infrastructure,Command and Control,M. Patel,Benign,114,Closed
ALT-900180,2025-01-10 17:45:42,Medium,Email & Collaboration (O365),Corporate IT & Infrastructure,Impact,J. Kowalski,Benign,52,Closed
ALT-900135,2025-01-11 02:13:53,High,Trading Platform,Wealth Management,Credential Access,A. Ramirez,True Positive,36,Closed
ALT-900102,2025-01-11 04:27:58,Medium,Online Banking Portal,Digital Banking,Execution,T. Chen,False Positive,45,Closed
ALT-903485,2025-01-11 06:19:07,Low,ATM Network,Retail Banking,Credential Access,T. Chen,Benign,65,Closed
ALT-900897,2025-01-11 09:30:19,Critical,Core Banking System,Retail Banking,Discovery,S. Okafor,True Positive,10,Closed
ALT-901428,2025-01-11 10:27:32,Low,Card Issuance System,Payments & Cards,Initial Access,L. Novak,False Positive,287,Closed
ALT-904026,2025-01-11 16:49:35,Medium,Email & Collaboration (O365),Corporate IT & Infrastructure,Credential Access,J. Kowalski,True Positive,168,Closed
ALT-902612,2025-01-12 03:31:22,Medium,Wire Transfer System,Payments & Cards,Privilege Escalation,J. Kowalski,False Positive,120,Closed
ALT-902896,2025-01-12 08:41:33,Medium,Wealth Management Platform,Wealth Management,Privilege Escalation,L. Novak,Benign,67,Closed
ALT-902152,2025-01-12 10:04:20,Medium,Treasury Management System,Commercial Banking,Initial Access,L. Novak,Benign,12,Closed
ALT-902042,2025-01-12 19:58:54,High,Card Issuance System,Payments & Cards,Discovery,S. Okafor,Benign,7,Closed
ALT-901364,2025-01-12 23:41:43,Medium,Payment Gateway,Payments & Cards,Exfiltration,L. Novak,True Positive,14,Closed
ALT-903995,2025-01-13 06:10:50,Low,Wealth Management Platform,Wealth Management,Lateral Movement,M. Patel,Benign,104,Closed
ALT-902904,2025-01-13 12:54:21,High,Core Banking System,Retail Banking,Command and Control,A. Ramirez,Benign,28,Closed
ALT-901739,2025-01-13 13:41:21,Medium,Customer API Gateway,Digital Banking,Defense Evasion,J. Kowalski,False Positive,128,Closed
ALT-902975,2025-01-13 16:08:48,Low,Active Directory,Corporate IT & Infrastructure,Collection,A. Ramirez,False Positive,231,Closed
ALT-904169,2025-01-13 17:40:39,High,Teller Platform,Retail Banking,Command and Control,J. Kowalski,True Positive,28,Closed
ALT-904133,2025-01-13 18:18:33,Low,Cloud Workloads (AWS),Corporate IT & Infrastructure,Execution,M. Patel,Benign,32,Closed
ALT-903384,2025-01-13 18:45:28,Medium,Loan Origination System,Mortgage & Lending,Collection,A. Ramirez,Benign,28,Closed
ALT-900755,2025-01-14 01:04:41,Low,Email & Collaboration (O365),Corporate IT & Infrastructure,Credential Access,Unassigned,Benign,231,Closed
ALT-902286,2025-01-14 06:32:08,Low,Online Banking Portal,Digital Banking,Credential Access,A. Ramirez,Benign,106,Closed
ALT-902986,2025-01-14 06:38:30,Low,Cloud Workloads (AWS),Corporate IT & Infrastructure,Initial Access,A. Ramirez,Benign,171,Closed
ALT-902614,2025-01-14 07:55:34,Low,Data Warehouse,Corporate IT & Infrastructure,Discovery,T. Chen,False Positive,246,Closed
ALT-903530,2025-01-14 14:52:49,Low,ATM Network,Retail Banking,Persistence,L. Novak,False Positive,24,Closed
ALT-903143,2025-01-15 03:49:48,Low,Trading Platform,Wealth Management,Discovery,M. Patel,False Positive,56,Closed
ALT-903971,2025-01-15 05:47:21,Medium,Loan Origination System,Mortgage & Lending,Exfiltration,T. Chen,False Positive,116,Closed
ALT-903474,2025-01-15 07:06:52,Medium,Endpoint Fleet,Corporate IT & Infrastructure,Discovery,A. Ramirez,Benign,140,Closed
ALT-901478,2025-01-15 07:21:10,Medium,Treasury Management System,Commercial Banking,Initial Access,M. Patel,False Positive,71,Closed
ALT-904108,2025-01-15 08:24:55,Medium,Endpoint Fleet,Corporate IT & Infrastructure,Lateral Movement,L. Novak,False Positive,100,Closed
ALT-900234,2025-01-15 09:16:54,High,Cloud Workloads (AWS),Corporate IT & Infrastructure,Discovery,L. Novak,False Positive,32,Closed
ALT-902779,2025-01-15 12:01:03,Medium,Customer API Gateway,Digital Banking,Persistence,M. Patel,False Positive,169,Closed
ALT-900848,2025-01-15 13:51:19,Low,ATM Network,Retail Banking,Command and Control,T. Chen,Benign,72,Closed
ALT-900746,2025-01-15 14:20:11,Low,Trading Platform,Wealth Management,Collection,J. Kowalski,Benign,283,Closed
ALT-900217,2025-01-15 16:05:16,Medium,Mobile Banking App,Digital Banking,Impact,T. Chen,False Positive,150,Closed
ALT-901276,2025-01-15 20:00:38,Medium,Email & Collaboration (O365),Corporate IT & Infrastructure,Execution,Unassigned,False Positive,167,Closed
ALT-900051,2025-01-15 20:06:48,Medium,Payment Gateway,Payments & Cards,Credential Access,A. Ramirez,Benign,44,Closed
ALT-901260,2025-01-16 05:45:31,Low,Cloud Workloads (AWS),Corporate IT & Infrastructure,Command and Control,L. Novak,Benign,164,Closed
ALT-902797,2025-01-16 07:48:49,Low,Commercial Loan Platform,Commercial Banking,Impact,S. Okafor,Benign,232,Closed
ALT-902740,2025-01-16 11:14:29,Low,Email & Collaboration (O365),Corporate IT & Infrastructure,Command and Control,M. Patel,False Positive,38,Closed
ALT-903749,2025-01-16 14:32:15,Medium,Wealth Management Platform,Wealth Management,Collection,A. Ramirez,Benign,82,Closed
ALT-901620,2025-01-16 16:14:54,High,Endpoint Fleet,Corporate IT & Infrastructure,Impact,T. Chen,False Positive,60,Closed
ALT-901177,2025-01-16 20:09:35,High,Commercial Loan Platform,Commercial Banking,Command and Control,L. Novak,True Positive,30,Closed
ALT-902133,2025-01-16 21:30:09,Medium,Trading Platform,Wealth Management,Discovery,J. Kowalski,False Positive,123,Closed
ALT-902533,2025-01-16 23:34:00,Low,Card Issuance System,Payments & Cards,Impact,J. Kowalski,Benign,325,Closed
ALT-904195,2025-01-17 05:23:04,Medium,Document Management System,Mortgage & Lending,Lateral Movement,A. Ramirez,True Positive,114,Closed
ALT-904005,2025-01-17 05:53:01,Low,Wealth Management Platform,Wealth Management,Persistence,J. Kowalski,False Positive,248,Closed
ALT-901495,2025-01-17 06:46:28,Low,Cloud Workloads (AWS),Corporate IT & Infrastructure,Impact,Unassigned,False Positive,57,Closed
ALT-901106,2025-01-17 20:05:13,Critical,Commercial Loan Platform,Commercial Banking,Initial Access,M. Patel,True Positive,24,Closed
ALT-901021,2025-01-17 21:04:42,Low,ATM Network,Retail Banking,Execution,T. Chen,False Positive,272,Closed
ALT-904000,2025-01-18 03:10:43,High,Customer API Gateway,Digital Banking,Exfiltration,Unassigned,Benign,57,Closed
ALT-900735,2025-01-18 06:20:26,Low,Wire Transfer System,Payments & Cards,Execution,M. Patel,Benign,156,Closed
ALT-901104,2025-01-18 11:38:33,High,Cloud Workloads (AWS),Corporate IT & Infrastructure,Privilege Escalation,S. Okafor,True Positive,49,Closed
ALT-901355,2025-01-18 13:22:27,Low,Wealth Management Platform,Wealth Management,Credential Access,L. Novak,True Positive,252,Closed
ALT-903514,2025-01-18 19:19:13,Low,Loan Origination System,Mortgage & Lending,Command and Control,M. Patel,Benign,303,Closed
ALT-901137,2025-01-18 21:47:11,High,Cloud Workloads (AWS),Corporate IT & Infrastructure,Persistence,M. Patel,True Positive,27,Closed
ALT-903733,2025-01-18 23:58:57,Medium,Customer API Gateway,Digital Banking,Discovery,S. Okafor,False Positive,143,Closed
ALT-900288,2025-01-19 00:47:32,Medium,Loan Origination System,Mortgage & Lending,Privilege Escalation,T. Chen,True Positive,77,Closed
ALT-901328,2025-01-19 01:30:30,High,Mobile Banking App,Digital Banking,Defense Evasion,A. Ramirez,Benign,48,Closed
ALT-903094,2025-01-19 01:37:23,High,Treasury Management System,Commercial Banking,Collection,T. Chen,False Positive,22,Closed
ALT-903319,2025-01-19 05:34:29,Low,Active Directory,Corporate IT & Infrastructure,Execution,L. Novak,Benign,29,Closed
ALT-902631,2025-01-19 06:10:00,Medium,Loan Origination System,Mortgage & Lending,Lateral Movement,J. Kowalski,Benign,156,Closed
ALT-902980,2025-01-19 12:04:34,Medium,Mobile Banking App,Digital Banking,Persistence,Unassigned,Benign,68,Closed
ALT-901142,2025-01-19 14:25:36,High,Active Directory,Corporate IT & Infrastructure,Credential Access,T. Chen,True Positive,11,Closed
ALT-902571,2025-01-19 22:53:13,Low,Cloud Workloads (AWS),Corporate IT & Infrastructure,Exfiltration,T. Chen,Benign,316,Closed
ALT-902428,2025-01-20 00:47:57,High,Trading Platform,Wealth Management,Impact,T. Chen,True Positive,39,Closed
ALT-902335,2025-01-20 06:41:24,Low,Online Banking Portal,Digital Banking,Credential Access,L. Novak,False Positive,125,Closed
ALT-902490,2025-01-20 07:30:01,Critical,Document Management System,Mortgage & Lending,Credential Access,M. Patel,True Positive,2,Closed
ALT-903645,2025-01-20 08:30:52,High,Email & Collaboration (O365),Corporate IT & Infrastructure,Defense Evasion,L. Novak,True Positive,29,Closed
ALT-901400,2025-01-20 08:39:55,Low,Card Issuance System,Payments & Cards,Discovery,A. Ramirez,False Positive,21,Closed
ALT-902603,2025-01-20 10:40:14,Low,Online Banking Portal,Digital Banking,Impact,Unassigned,Benign,123,Closed
ALT-900743,2025-01-20 10:44:06,Low,Data Warehouse,Corporate IT & Infrastructure,Lateral Movement,M. Patel,Benign,162,Closed
ALT-903516,2025-01-20 10:55:43,Low,Data Warehouse,Corporate IT & Infrastructure,Initial Access,T. Chen,False Positive,332,Closed
ALT-902633,2025-01-20 15:41:59,Low,Commercial Loan Platform,Commercial Banking,Collection,A. Ramirez,False Positive,347,Closed
ALT-901507,2025-01-20 22:33:54,High,Document Management System,Mortgage & Lending,Discovery,Unassigned,Benign,28,Closed
ALT-900282,2025-01-21 05:44:42,Low,Loan Origination System,Mortgage & Lending,Command and Control,L. Novak,Benign,234,Closed
ALT-903746,2025-01-21 07:34:27,Low,ATM Network,Retail Banking,Collection,Unassigned,Benign,336,Closed
ALT-901292,2025-01-21 07:57:16,Medium,Mobile Banking App,Digital Banking,Defense Evasion,A. Ramirez,False Positive,79,Closed
ALT-900265,2025-01-21 08:58:54,Low,Document Management System,Mortgage & Lending,Credential Access,J. Kowalski,True Positive,203,Closed
ALT-900393,2025-01-21 09:41:42,Low,Payment Gateway,Payments & Cards,Credential Access,Unassigned,False Positive,253,Closed
ALT-901757,2025-01-21 15:13:23,High,Mobile Banking App,Digital Banking,Defense Evasion,T. Chen,True Positive,34,Closed
ALT-900266,2025-01-21 18:53:22,Low,Endpoint Fleet,Corporate IT & Infrastructure,Command and Control,S. Okafor,Benign,248,Closed
ALT-900924,2025-01-22 01:38:10,Medium,Document Management System,Mortgage & Lending,Impact,M. Patel,Benign,170,Closed
ALT-900831,2025-01-22 03:53:14,Low,Payment Gateway,Payments & Cards,Credential Access,A. Ramirez,Benign,300,Closed
ALT-901405,2025-01-22 06:03:17,Medium,Mobile Banking App,Digital Banking,Exfiltration,M. Patel,False Positive,52,Closed
ALT-903166,2025-01-22 06:32:12,Low,Trading Platform,Wealth Management,Impact,M. Patel,False Positive,181,Closed
ALT-902605,2025-01-22 09:46:00,Medium,Wire Transfer System,Payments & Cards,Lateral Movement,M. Patel,True Positive,41,Closed
ALT-902760,2025-01-22 10:46:25,Low,Card Issuance System,Payments & Cards,Defense Evasion,A. Ramirez,Benign,172,Closed
ALT-903659,2025-01-22 11:36:55,Low,Treasury Management System,Commercial Banking,Credential Access,Unassigned,Benign,312,Closed
ALT-900618,2025-01-22 18:16:37,High,Data Warehouse,Corporate IT & Infrastructure,Privilege Escalation,M. Patel,True Positive,23,Closed
ALT-901108,2025-01-22 22:19:20,Low,ATM Network,Retail Banking,Collection,M. Patel,Benign,110,Closed
ALT-900696,2025-01-24 00:28:55,Medium,Payment Gateway,Payments & Cards,Privilege Escalation,S. Okafor,False Positive,18,Closed
ALT-900261,2025-01-24 02:11:14,Low,Data Warehouse,Corporate IT & Infrastructure,Command and Control,J. Kowalski,Benign,166,Closed
ALT-900101,2025-01-24 02:59:28,Low,ATM Network,Retail Banking,Command and Control,Unassigned,False Positive,283,Closed
ALT-901099,2025-01-24 08:32:54,Low,Customer API Gateway,Digital Banking,Privilege Escalation,L. Novak,False Positive,157,Closed
ALT-904189,2025-01-24 19:26:44,High,Online Banking Portal,Digital Banking,Discovery,S. Okafor,True Positive,22,Closed
ALT-903566,2025-01-25 04:26:45,Medium,Document Management System,Mortgage & Lending,Privilege Escalation,S. Okafor,False Positive,93,Closed
ALT-903952,2025-01-25 07:54:33,Medium,Cloud Workloads (AWS),Corporate IT & Infrastructure,Exfiltration,M. Patel,False Positive,45,Closed
ALT-900567,2025-01-25 08:21:41,Low,Wealth Management Platform,Wealth Management,Defense Evasion,M. Patel,True Positive,124,Closed
ALT-900247,2025-01-25 09:09:47,Low,Trading Platform,Wealth Management,Lateral Movement,L. Novak,False Positive,119,Closed
ALT-903560,2025-01-25 09:45:26,High,Online Banking Portal,Digital Banking,Credential Access,S. Okafor,False Positive,56,Closed
ALT-900553,2025-01-25 14:21:19,Critical,ATM Network,Retail Banking,Impact,M. Patel,True Positive,27,Closed
ALT-901809,2025-01-25 18:38:57,Low,Wealth Management Platform,Wealth Management,Discovery,J. Kowalski,Benign,66,Closed
ALT-900345,2025-01-25 21:53:22,Medium,Cloud Workloads (AWS),Corporate IT & Infrastructure,Privilege Escalation,S. Okafor,False Positive,172,Closed
ALT-902456,2025-01-26 00:20:00,Medium,Customer API Gateway,Digital Banking,Credential Access,M. Patel,Benign,146,Closed
ALT-901226,2025-01-26 01:33:21,Medium,Customer API Gateway,Digital Banking,Exfiltration,A. Ramirez,False Positive,97,Closed
ALT-903463,2025-01-26 03:24:10,Medium,Mobile Banking App,Digital Banking,Exfiltration,T. Chen,False Positive,29,Closed
ALT-900712,2025-01-26 05:13:35,Medium,Endpoint Fleet,Corporate IT & Infrastructure,Persistence,T. Chen,Benign,96,Closed
ALT-903853,2025-01-26 09:42:32,Low,Loan Origination System,Mortgage & Lending,Defense Evasion,J. Kowalski,False Positive,109,Closed
ALT-902031,2025-01-26 18:58:24,Low,Payment Gateway,Payments & Cards,Persistence,Unassigned,False Positive,254,Closed
ALT-903395,2025-01-26 19:27:47,Low,Treasury Management System,Commercial Banking,Persistence,M. Patel,True Positive,58,Closed
ALT-902026,2025-01-26 20:40:04,Medium,Customer API Gateway,Digital Banking,Discovery,L. Novak,Benign,89,Closed
ALT-901891,2025-01-26 21:08:53,Low,Mobile Banking App,Digital Banking,Discovery,Unassigned,Benign,83,Closed
ALT-904117,2025-01-27 04:35:27,Low,Online Banking Portal,Digital Banking,Discovery,J. Kowalski,Benign,216,Closed
ALT-902924,2025-01-27 12:38:08,Low,Trading Platform,Wealth Management,Collection,M. Patel,Benign,87,Closed
ALT-900023,2025-01-28 02:44:41,Low,Wealth Management Platform,Wealth Management,Discovery,Unassigned,Benign,239,Closed
ALT-903714,2025-01-28 05:31:41,High,Core Banking System,Retail Banking,Initial Access,J. Kowalski,False Positive,40,Closed
ALT-901765,2025-01-28 06:46:37,Low,Payment Gateway,Payments & Cards,Execution,Unassigned,Benign,266,Closed
ALT-902173,2025-01-28 21:38:10,Low,Customer API Gateway,Digital Banking,Collection,M. Patel,False Positive,252,Closed
ALT-903593,2025-01-28 22:04:04,Low,Trading Platform,Wealth Management,Persistence,M. Patel,Benign,268,Closed
ALT-900194,2025-01-29 02:53:46,Medium,Core Banking System,Retail Banking,Command and Control,M. Patel,False Positive,133,Closed
ALT-903948,2025-01-29 03:51:53,Critical,Core Banking System,Retail Banking,Lateral Movement,L. Novak,True Positive,27,Closed
ALT-903138,2025-01-29 14:41:39,Medium,Trading Platform,Wealth Management,Defense Evasion,L. Novak,False Positive,84,Closed
ALT-900241,2025-01-29 15:07:53,Medium,Treasury Management System,Commercial Banking,Privilege Escalation,T. Chen,False Positive,103,Closed
ALT-900778,2025-01-29 17:45:58,Low,Endpoint Fleet,Corporate IT & Infrastructure,Collection,L. Novak,True Positive,350,Closed
ALT-903991,2025-01-30 00:47:00,Medium,Payment Gateway,Payments & Cards,Collection,T. Chen,Benign,116,Closed
ALT-903570,2025-01-30 02:50:58,Medium,Document Management System,Mortgage & Lending,Discovery,A. Ramirez,True Positive,29,Closed
ALT-900953,2025-01-30 07:24:53,Low,Payment Gateway,Payments & Cards,Privilege Escalation,M. Patel,False Positive,38,Closed
ALT-900793,2025-01-30 09:28:16,Medium,Document Management System,Mortgage & Lending,Execution,T. Chen,Benign,64,Closed
ALT-903775,2025-01-30 09:55:23,Low,Document Management System,Mortgage & Lending,Impact,Unassigned,Benign,307,Closed
ALT-901511,2025-01-30 23:47:15,Medium,Teller Platform,Retail Banking,Lateral Movement,M. Patel,Benign,175,Closed
ALT-903177,2025-01-31 05:49:51,Critical,Online Banking Portal,Digital Banking,Discovery,S. Okafor,False Positive,26,Closed
ALT-900805,2025-01-31 20:33:29,Low,Treasury Management System,Commercial Banking,Persistence,L. Novak,True Positive,288,Closed
ALT-901748,2025-01-31 20:59:33,Medium,Trading Platform,Wealth Management,Execution,S. Okafor,False Positive,64,Closed
ALT-902469,2025-02-01 08:20:00,Low,Core Banking System,Retail Banking,Impact,A. Ramirez,Benign,296,Closed
ALT-901550,2025-02-01 09:03:50,Low,Wire Transfer System,Payments & Cards,Persistence,A. Ramirez,False Positive,57,Closed
ALT-903133,2025-02-01 16:18:13,Medium,Mobile Banking App,Digital Banking,Credential Access,Unassigned,False Positive,158,Closed
ALT-900943,2025-02-01 17:38:52,Medium,Wire Transfer System,Payments & Cards,Credential Access,Unassigned,False Positive,10,Closed
ALT-901578,2025-02-01 19:02:59,Low,Email & Collaboration (O365),Corporate IT & Infrastructure,Credential Access,J. Kowalski,False Positive,87,Closed
ALT-903136,2025-02-02 03:34:17,Medium,Treasury Management System,Commercial Banking,Initial Access,J. Kowalski,True Positive,94,Closed
ALT-901004,2025-02-02 04:45:09,Medium,Customer API Gateway,Digital Banking,Lateral Movement,L. Novak,Benign,60,Closed
ALT-901247,2025-02-02 13:04:10,Low,Teller Platform,Retail Banking,Credential Access,S. Okafor,False Positive,178,Closed
ALT-901283,2025-02-02 14:47:38,Medium,Wire Transfer System,Payments & Cards,Discovery,T. Chen,False Positive,67,Closed
ALT-900556,2025-02-02 16:36:07,Medium,Wire Transfer System,Payments & Cards,Persistence,A. Ramirez,False Positive,178,Closed
ALT-902224,2025-02-02 18:44:58,Medium,Mobile Banking App,Digital Banking,Discovery,J. Kowalski,False Positive,110,Closed
ALT-901505,2025-02-03 06:57:26,Critical,Wire Transfer System,Payments & Cards,Execution,J. Kowalski,True Positive,15,Closed
ALT-902182,2025-02-03 09:37:36,Medium,Endpoint Fleet,Corporate IT & Infrastructure,Lateral Movement,Unassigned,Benign,47,Closed
ALT-902101,2025-02-03 12:32:51,Medium,Treasury Management System,Commercial Banking,Credential Access,A. Ramirez,False Positive,33,Closed
ALT-902925,2025-02-04 06:01:18,Low,Data Warehouse,Corporate IT & Infrastructure,Defense Evasion,Unassigned,Benign,63,Closed
ALT-900330,2025-02-04 06:34:09,Low,Active Directory,Corporate IT & Infrastructure,Persistence,T. Chen,False Positive,17,Closed
ALT-900711,2025-02-04 08:34:51,Low,Card Issuance System,Payments & Cards,Persistence,M. Patel,False Positive,349,Closed
ALT-901986,2025-02-04 09:17:12,Critical,Trading Platform,Wealth Management,Exfiltration,M. Patel,True Positive,21,Closed
ALT-900575,2025-02-04 09:56:09,Medium,Treasury Management System,Commercial Banking,Impact,L. Novak,Benign,160,Closed
ALT-903592,2025-02-04 17:17:15,Low,Document Management System,Mortgage & Lending,Execution,Unassigned,Benign,338,Closed
ALT-903876,2025-02-05 04:30:22,Low,Commercial Loan Platform,Commercial Banking,Lateral Movement,A. Ramirez,False Positive,103,Closed
ALT-902643,2025-02-05 20:38:35,Low,Endpoint Fleet,Corporate IT & Infrastructure,Command and Control,Unassigned,Benign,180,Closed
ALT-901985,2025-02-06 03:20:48,High,Customer API Gateway,Digital Banking,Credential Access,S. Okafor,Benign,56,Closed
ALT-902959,2025-02-07 02:11:38,Medium,Payment Gateway,Payments & Cards,Discovery,J. Kowalski,Benign,133,Closed
ALT-900097,2025-02-07 02:53:18,Low,Email & Collaboration (O365),Corporate IT & Infrastructure,Initial Access,L. Novak,Benign,181,Closed
ALT-901659,2025-02-07 03:43:36,Low,Teller Platform,Retail Banking,Credential Access,J. Kowalski,False Positive,338,Closed
ALT-901638,2025-02-07 06:34:48,Low,Document Management System,Mortgage & Lending,Execution,Unassigned,True Positive,324,Closed
ALT-902446,2025-02-07 10:05:44,High,Customer API Gateway,Digital Banking,Discovery,L. Novak,True Positive,40,Closed
ALT-902408,2025-02-07 14:54:05,Medium,Mobile Banking App,Digital Banking,Lateral Movement,M. Patel,False Positive,30,Closed
ALT-900538,2025-02-07 15:02:41,High,Treasury Management System,Commercial Banking,Credential Access,M. Patel,Benign,21,Closed
ALT-902958,2025-02-07 15:05:48,Low,Mobile Banking App,Digital Banking,Persistence,L. Novak,Benign,148,Closed
ALT-902051,2025-02-07 15:43:26,Low,Wealth Management Platform,Wealth Management,Discovery,L. Novak,True Positive,146,Closed
ALT-902320,2025-02-07 16:27:51,Low,Email & Collaboration (O365),Corporate IT & Infrastructure,Persistence,A. Ramirez,Benign,306,Closed
ALT-901187,2025-02-07 19:17:59,Low,Active Directory,Corporate IT & Infrastructure,Credential Access,T. Chen,Benign,22,Closed
ALT-900195,2025-02-08 01:16:22,Low,Treasury Management System,Commercial Banking,Privilege Escalation,A. Ramirez,Benign,354,Closed
ALT-902637,2025-02-08 05:06:28,Low,Document Management System,Mortgage & Lending,Initial Access,J. Kowalski,Benign,313,Closed
ALT-900150,2025-02-08 06:27:15,High,Email & Collaboration (O365),Corporate IT & Infrastructure,Impact,L. Novak,Benign,25,Closed
ALT-901076,2025-02-08 08:31:54,Critical,Online Banking Portal,Digital Banking,Lateral Movement,A. Ramirez,True Positive,30,Closed
ALT-902057,2025-02-08 10:28:34,Medium,Online Banking Portal,Digital Banking,Defense Evasion,T. Chen,Benign,41,Closed
ALT-903170,2025-02-08 14:23:43,Low,Teller Platform,Retail Banking,Command and Control,J. Kowalski,Benign,202,Closed
ALT-901433,2025-02-08 18:14:59,Low,Card Issuance System,Payments & Cards,Credential Access,S. Okafor,False Positive,86,Closed
ALT-902536,2025-02-08 20:02:55,Low,Active Directory,Corporate IT & Infrastructure,Credential Access,J. Kowalski,Benign,235,Closed
ALT-900218,2025-02-08 20:33:37,Critical,Endpoint Fleet,Corporate IT & Infrastructure,Persistence,A. Ramirez,Benign,13,Closed
ALT-903988,2025-02-08 23:04:44,Low,Treasury Management System,Commercial Banking,Credential Access,Unassigned,False Positive,257,Closed
ALT-900932,2025-02-09 05:15:12,Low,Online Banking Portal,Digital Banking,Defense Evasion,S. Okafor,False Positive,38,Closed
ALT-902180,2025-02-09 14:10:56,Medium,Document Management System,Mortgage & Lending,Execution,J. Kowalski,Benign,147,Closed
ALT-900970,2025-02-09 14:42:02,Medium,Cloud Workloads (AWS),Corporate IT & Infrastructure,Exfiltration,A. Ramirez,Benign,118,Closed
ALT-903358,2025-02-09 19:03:32,Medium,Wealth Management Platform,Wealth Management,Impact,M. Patel,False Positive,170,Closed
ALT-902929,2025-02-09 20:26:42,Low,Document Management System,Mortgage & Lending,Credential Access,L. Novak,True Positive,86,Closed
ALT-900634,2025-02-09 22:12:42,Medium,Active Directory,Corporate IT & Infrastructure,Discovery,S. Okafor,Benign,70,Closed
ALT-903386,2025-02-10 00:37:19,Low,Core Banking System,Retail Banking,Discovery,L. Novak,Benign,346,Closed
ALT-902310,2025-02-10 12:04:41,Low,Trading Platform,Wealth Management,Privilege Escalation,A. Ramirez,Benign,149,Closed
ALT-901602,2025-02-11 11:36:10,Medium,Email & Collaboration (O365),Corporate IT & Infrastructure,Exfiltration,T. Chen,Benign,110,Closed
ALT-902822,2025-02-11 13:26:28,Medium,Core Banking System,Retail Banking,Privilege Escalation,A. Ramirez,False Positive,48,Closed
ALT-903920,2025-02-11 17:49:11,Low,Active Directory,Corporate IT & Infrastructure,Persistence,S. Okafor,False Positive,308,Closed
ALT-901255,2025-02-12 09:46:09,Low,Commercial Loan Platform,Commercial Banking,Privilege Escalation,Unassigned,False Positive,283,Closed
ALT-902890,2025-02-12 11:21:42,Low,Card Issuance System,Payments & Cards,Impact,T. Chen,False Positive,100,Closed
ALT-900126,2025-02-12 15:48:19,Medium,Customer API Gateway,Digital Banking,Initial Access,A. Ramirez,Benign,11,Closed
ALT-901036,2025-02-12 22:35:06,Low,Payment Gateway,Payments & Cards,Execution,Unassigned,False Positive,280,Closed
ALT-901057,2025-02-13 03:15:50,Low,Payment Gateway,Payments & Cards,Lateral Movement,S. Okafor,Benign,311,Closed
ALT-903591,2025-02-13 04:26:03,Low,Endpoint Fleet,Corporate IT & Infrastructure,Discovery,S. Okafor,False Positive,313,Closed
ALT-900300,2025-02-13 09:05:01,Medium,Active Directory,Corporate IT & Infrastructure,Exfiltration,L. Novak,False Positive,27,Closed
ALT-901543,2025-02-13 10:50:40,Low,Cloud Workloads (AWS),Corporate IT & Infrastructure,Defense Evasion,L. Novak,False Positive,103,Closed
ALT-903636,2025-02-13 11:41:50,Medium,Wire Transfer System,Payments & Cards,Defense Evasion,M. Patel,False Positive,37,Closed
ALT-901692,2025-02-13 14:08:06,Low,Core Banking System,Retail Banking,Discovery,T. Chen,False Positive,104,Closed
ALT-901972,2025-02-13 14:49:12,Medium,Cloud Workloads (AWS),Corporate IT & Infrastructure,Execution,A. Ramirez,False Positive,45,Closed
ALT-902972,2025-02-13 14:53:33,Low,Core Banking System,Retail Banking,Credential Access,T. Chen,False Positive,330,Closed
ALT-900689,2025-02-13 16:10:27,Medium,Card Issuance System,Payments & Cards,Defense Evasion,T. Chen,Benign,131,Closed
ALT-902240,2025-02-13 16:13:27,Medium,Commercial Loan Platform,Commercial Banking,Discovery,A. Ramirez,False Positive,166,Closed
ALT-901012,2025-02-13 20:00:15,Low,Card Issuance System,Payments & Cards,Collection,M. Patel,Benign,177,Closed
ALT-902566,2025-02-13 23:52:18,Low,Online Banking Portal,Digital Banking,Privilege Escalation,J. Kowalski,Benign,137,Closed
ALT-903439,2025-02-14 02:56:07,Low,Online Banking Portal,Digital Banking,Persistence,L. Novak,True Positive,53,Closed
ALT-903707,2025-02-14 08:36:56,Low,Endpoint Fleet,Corporate IT & Infrastructure,Defense Evasion,L. Novak,Benign,178,Closed
ALT-901352,2025-02-14 12:42:18,Low,Core Banking System,Retail Banking,Privilege Escalation,L. Novak,Benign,142,Closed
ALT-900931,2025-02-14 14:02:42,Low,Teller Platform,Retail Banking,Discovery,J. Kowalski,False Positive,264,Closed
ALT-900830,2025-02-14 19:18:33,High,Card Issuance System,Payments & Cards,Execution,J. Kowalski,Benign,12,Closed
ALT-901348,2025-02-15 09:37:56,Low,ATM Network,Retail Banking,Persistence,A. Ramirez,Benign,252,Closed
ALT-904177,2025-02-15 11:47:42,Low,Cloud Workloads (AWS),Corporate IT & Infrastructure,Exfiltration,T. Chen,Benign,235,Closed
ALT-902104,2025-02-15 15:03:06,Medium,ATM Network,Retail Banking,Privilege Escalation,S. Okafor,Benign,41,Closed
ALT-904092,2025-02-15 18:57:50,Medium,Endpoint Fleet,Corporate IT & Infrastructure,Command and Control,T. Chen,False Positive,162,Closed
ALT-901592,2025-02-15 19:11:15,Low,Treasury Management System,Commercial Banking,Discovery,J. Kowalski,False Positive,26,Closed
ALT-900060,2025-02-16 02:23:04,Low,Treasury Management System,Commercial Banking,Command and Control,T. Chen,True Positive,134,Closed
ALT-900417,2025-02-16 05:22:47,Low,Online Banking Portal,Digital Banking,Persistence,Unassigned,Benign,291,Closed
ALT-903788,2025-02-16 05:45:19,Low,Online Banking Portal,Digital Banking,Command and Control,L. Novak,False Positive,84,Closed
ALT-901742,2025-02-16 06:31:50,High,Mobile Banking App,Digital Banking,Initial Access,M. Patel,Benign,41,Closed
ALT-903833,2025-02-16 22:24:44,Medium,Teller Platform,Retail Banking,Defense Evasion,L. Novak,Benign,35,Closed
ALT-901811,2025-02-17 03:53:15,Low,Trading Platform,Wealth Management,Privilege Escalation,T. Chen,False Positive,279,Closed
ALT-903852,2025-02-17 09:17:55,Low,Document Management System,Mortgage & Lending,Credential Access,L. Novak,Benign,244,Closed
ALT-903872,2025-02-17 15:56:31,Low,Payment Gateway,Payments & Cards,Privilege Escalation,T. Chen,Benign,116,Closed
ALT-902666,2025-02-17 21:37:30,Medium,Document Management System,Mortgage & Lending,Impact,S. Okafor,False Positive,75,Closed
ALT-900235,2025-02-17 22:04:45,Low,Trading Platform,Wealth Management,Defense Evasion,S. Okafor,False Positive,84,Closed
ALT-902341,2025-02-18 05:09:38,Medium,Core Banking System,Retail Banking,Command and Control,A. Ramirez,Benign,74,Closed
ALT-900869,2025-02-18 07:51:19,Low,Customer API Gateway,Digital Banking,Persistence,T. Chen,Benign,260,Closed
ALT-904054,2025-02-18 09:49:12,Low,Wealth Management Platform,Wealth Management,Persistence,J. Kowalski,False Positive,282,Closed
ALT-904173,2025-02-18 17:33:59,High,Commercial Loan Platform,Commercial Banking,Execution,S. Okafor,Benign,14,Closed
ALT-901496,2025-02-18 18:12:29,Low,Wealth Management Platform,Wealth Management,Command and Control,A. Ramirez,False Positive,212,Closed
ALT-903293,2025-02-18 20:07:52,Low,Trading Platform,Wealth Management,Command and Control,J. Kowalski,Benign,255,Closed
ALT-901093,2025-02-19 03:02:26,Medium,Customer API Gateway,Digital Banking,Execution,M. Patel,Benign,98,Closed
ALT-902120,2025-02-19 04:55:22,Low,Cloud Workloads (AWS),Corporate IT & Infrastructure,Initial Access,M. Patel,True Positive,218,Closed
ALT-901295,2025-02-19 08:47:35,Medium,Email & Collaboration (O365),Corporate IT & Infrastructure,Command and Control,S. Okafor,Benign,49,Closed
ALT-903459,2025-02-19 09:22:10,Medium,Wealth Management Platform,Wealth Management,Initial Access,Unassigned,Benign,17,Closed
ALT-901566,2025-02-20 03:49:50,Medium,Wire Transfer System,Payments & Cards,Persistence,T. Chen,Benign,168,Closed
ALT-901132,2025-02-20 06:19:38,Medium,Customer API Gateway,Digital Banking,Lateral Movement,Unassigned,False Positive,116,Closed
ALT-902327,2025-02-20 17:00:35,High,ATM Network,Retail Banking,Privilege Escalation,T. Chen,True Positive,19,Closed
ALT-903550,2025-02-21 04:56:39,Low,Trading Platform,Wealth Management,Persistence,A. Ramirez,Benign,171,Closed
ALT-904146,2025-02-21 16:56:07,Medium,Data Warehouse,Corporate IT & Infrastructure,Collection,S. Okafor,False Positive,145,Closed
ALT-901535,2025-02-21 18:10:39,Low,Commercial Loan Platform,Commercial Banking,Credential Access,L. Novak,False Positive,31,Closed
ALT-903120,2025-02-21 19:07:28,Medium,Core Banking System,Retail Banking,Defense Evasion,J. Kowalski,False Positive,76,Closed
ALT-901789,2025-02-21 21:09:20,Medium,Active Directory,Corporate IT & Infrastructure,Credential Access,Unassigned,Benign,128,Closed
ALT-903309,2025-02-22 01:49:23,High,Trading Platform,Wealth Management,Collection,M. Patel,False Positive,39,Closed
ALT-901459,2025-02-22 04:52:17,Medium,Core Banking System,Retail Banking,Defense Evasion,L. Novak,True Positive,18,Closed
ALT-901916,2025-02-22 07:26:46,Medium,Document Management System,Mortgage & Lending,Execution,T. Chen,Benign,148,Closed
ALT-903044,2025-02-22 12:12:09,Low,Endpoint Fleet,Corporate IT & Infrastructure,Impact,T. Chen,Benign,268,Closed
ALT-903000,2025-02-22 18:41:45,Medium,Email & Collaboration (O365),Corporate IT & Infrastructure,Command and Control,T. Chen,False Positive,66,Closed
ALT-902295,2025-02-22 19:57:32,High,Trading Platform,Wealth Management,Collection,L. Novak,True Positive,35,Closed
ALT-900648,2025-02-22 20:02:50,Low,Wire Transfer System,Payments & Cards,Command and Control,L. Novak,False Positive,259,Closed
ALT-901409,2025-02-22 20:22:07,Low,Endpoint Fleet,Corporate IT & Infrastructure,Exfiltration,S. Okafor,False Positive,330,Closed
ALT-901919,2025-02-23 03:24:49,Medium,Commercial Loan Platform,Commercial Banking,Lateral Movement,A. Ramirez,Benign,129,Closed
ALT-900784,2025-02-23 11:29:19,Low,Treasury Management System,Commercial Banking,Persistence,Unassigned,Benign,66,Closed
ALT-903271,2025-02-23 11:56:00,Medium,Commercial Loan Platform,Commercial Banking,Initial Access,S. Okafor,False Positive,102,Closed
ALT-902905,2025-02-23 13:24:50,Medium,Wealth Management Platform,Wealth Management,Execution,J. Kowalski,Benign,128,Closed
ALT-903428,2025-02-23 20:51:19,Medium,Trading Platform,Wealth Management,Exfiltration,S. Okafor,False Positive,179,Closed
ALT-901570,2025-02-23 21:47:20,Low,Wire Transfer System,Payments & Cards,Initial Access,M. Patel,False Positive,294,Closed
ALT-901667,2025-02-23 22:57:48,Low,Mobile Banking App,Digital Banking,Credential Access,M. Patel,False Positive,103,Closed
ALT-903710,2025-02-24 05:23:05,Medium,Trading Platform,Wealth Management,Privilege Escalation,T. Chen,Benign,58,Closed
ALT-903846,2025-02-24 06:09:04,Low,Teller Platform,Retail Banking,Persistence,M. Patel,False Positive,65,Closed
ALT-900292,2025-02-24 08:25:30,High,Data Warehouse,Corporate IT & Infrastructure,Collection,L. Novak,True Positive,24,Closed
ALT-900421,2025-02-24 08:53:12,Critical,Document Management System,Mortgage & Lending,Lateral Movement,T. Chen,True Positive,25,Closed
ALT-902964,2025-02-24 10:53:50,Low,Loan Origination System,Mortgage & Lending,Impact,S. Okafor,False Positive,119,Closed
ALT-903830,2025-02-24 11:38:29,Low,Active Directory,Corporate IT & Infrastructure,Defense Evasion,A. Ramirez,False Positive,249,Closed
ALT-900635,2025-02-24 13:32:20,Low,Treasury Management System,Commercial Banking,Lateral Movement,S. Okafor,Benign,314,Closed
ALT-903932,2025-02-24 17:46:58,Medium,Email & Collaboration (O365),Corporate IT & Infrastructure,Initial Access,J. Kowalski,Benign,34,Closed
ALT-900114,2025-02-24 21:16:06,High,Commercial Loan Platform,Commercial Banking,Initial Access,T. Chen,True Positive,10,Closed
ALT-901350,2025-02-24 22:25:48,Medium,Wealth Management Platform,Wealth Management,Privilege Escalation,J. Kowalski,Benign,45,Closed
ALT-902689,2025-02-24 23:31:27,Low,ATM Network,Retail Banking,Initial Access,T. Chen,Benign,181,Closed
ALT-901174,2025-02-24 23:58:20,High,Commercial Loan Platform,Commercial Banking,Persistence,T. Chen,False Positive,39,Closed
ALT-900332,2025-02-25 03:55:45,Low,ATM Network,Retail Banking,Privilege Escalation,M. Patel,Benign,348,Closed
ALT-901569,2025-02-25 11:49:57,Low,Cloud Workloads (AWS),Corporate IT & Infrastructure,Impact,M. Patel,False Positive,160,Closed
ALT-901946,2025-02-25 19:11:22,Low,Wealth Management Platform,Wealth Management,Lateral Movement,T. Chen,False Positive,107,Closed
ALT-903875,2025-02-26 04:20:59,Low,Wire Transfer System,Payments & Cards,Impact,S. Okafor,False Positive,222,Closed
ALT-903562,2025-02-26 04:43:37,Low,Online Banking Portal,Digital Banking,Privilege Escalation,J. Kowalski,Benign,117,Closed
ALT-902303,2025-02-26 07:22:48,Medium,Payment Gateway,Payments & Cards,Command and Control,J. Kowalski,Benign,112,Closed
ALT-902910,2025-02-26 08:06:20,High,Wealth Management Platform,Wealth Management,Lateral Movement,M. Patel,True Positive,16,Closed
ALT-902358,2025-02-26 08:49:47,Medium,Loan Origination System,Mortgage & Lending,Collection,J. Kowalski,False Positive,101,Closed
ALT-900804,2025-02-26 09:36:16,Low,Core Banking System,Retail Banking,Initial Access,L. Novak,Benign,299,Closed
ALT-901130,2025-02-26 14:34:22,Critical,Mobile Banking App,Digital Banking,Collection,L. Novak,True Positive,12,Closed
ALT-900655,2025-02-26 15:28:32,Low,Online Banking Portal,Digital Banking,Persistence,T. Chen,False Positive,289,Closed
ALT-903152,2025-02-26 22:50:19,Medium,Wire Transfer System,Payments & Cards,Execution,J. Kowalski,False Positive,126,Closed
ALT-901915,2025-02-27 09:29:59,Low,Endpoint Fleet,Corporate IT & Infrastructure,Exfiltration,L. Novak,False Positive,231,Closed
ALT-900758,2025-02-27 09:52:31,Low,Commercial Loan Platform,Commercial Banking,Defense Evasion,M. Patel,Benign,177,Closed
ALT-900776,2025-02-27 22:04:34,Low,Data Warehouse,Corporate IT & Infrastructure,Exfiltration,A. Ramirez,True Positive,61,Closed
ALT-902608,2025-02-28 02:59:49,Low,Treasury Management System,Commercial Banking,Collection,Unassigned,False Positive,250,Closed
ALT-903742,2025-02-28 07:05:18,Low,Data Warehouse,Corporate IT & Infrastructure,Privilege Escalation,L. Novak,Benign,60,Closed
ALT-901555,2025-02-28 07:57:24,Low,Document Management System,Mortgage & Lending,Discovery,L. Novak,True Positive,222,Closed
ALT-901149,2025-02-28 13:11:43,Critical,Cloud Workloads (AWS),Corporate IT & Infrastructure,Credential Access,A. Ramirez,True Positive,3,Closed
ALT-902157,2025-02-28 17:07:41,Medium,Email & Collaboration (O365),Corporate IT & Infrastructure,Defense Evasion,S. Okafor,Benign,133,Closed
ALT-904135,2025-02-28 19:21:22,Medium,ATM Network,Retail Banking,Execution,A. Ramirez,Benign,34,Closed
ALT-900619,2025-02-28 20:00:12,Low,Card Issuance System,Payments & Cards,Initial Access,S. Okafor,Benign,99,Closed
ALT-901878,2025-03-01 07:47:40,Medium,Document Management System,Mortgage & Lending,Exfiltration,J. Kowalski,Benign,104,Closed
ALT-902110,2025-03-01 11:17:57,Low,Payment Gateway,Payments & Cards,Exfiltration,M. Patel,Benign,180,Closed
ALT-901516,2025-03-01 17:25:12,High,ATM Network,Retail Banking,Execution,A. Ramirez,True Positive,43,Closed
ALT-901653,2025-03-01 18:18:01,Medium,Active Directory,Corporate IT & Infrastructure,Initial Access,T. Chen,False Positive,140,Closed
ALT-904122,2025-03-01 19:09:06,Low,Wealth Management Platform,Wealth Management,Lateral Movement,S. Okafor,False Positive,112,Closed
ALT-903035,2025-03-02 04:35:00,Medium,ATM Network,Retail Banking,Impact,L. Novak,Benign,111,Closed
ALT-901242,2025-03-02 05:53:33,Low,ATM Network,Retail Banking,Impact,A. Ramirez,Benign,170,Closed
ALT-903691,2025-03-02 09:14:07,Low,Core Banking System,Retail Banking,Defense Evasion,L. Novak,Benign,138,Closed
ALT-902783,2025-03-02 11:00:58,Low,Wealth Management Platform,Wealth Management,Credential Access,Unassigned,Benign,38,Closed
ALT-901881,2025-03-02 15:58:59,Medium,Treasury Management System,Commercial Banking,Impact,Unassigned,Benign,54,Closed
ALT-902350,2025-03-02 19:49:57,Medium,Cloud Workloads (AWS),Corporate IT & Infrastructure,Discovery,J. Kowalski,False Positive,57,Closed
ALT-902966,2025-03-03 02:25:39,Low,Document Management System,Mortgage & Lending,Impact,M. Patel,Benign,23,Closed
ALT-901315,2025-03-03 06:46:43,Low,Teller Platform,Retail Banking,Credential Access,L. Novak,False Positive,201,Closed
ALT-900392,2025-03-03 15:12:21,Critical,Wire Transfer System,Payments & Cards,Command and Control,Unassigned,True Positive,22,Closed
ALT-901900,2025-03-03 15:25:26,Low,Loan Origination System,Mortgage & Lending,Initial Access,S. Okafor,Benign,357,Closed
ALT-903668,2025-03-03 20:01:08,Critical,Payment Gateway,Payments & Cards,Impact,Unassigned,True Positive,30,Closed
ALT-902156,2025-03-03 21:09:53,High,Card Issuance System,Payments & Cards,Initial Access,L. Novak,False Positive,48,Closed
ALT-900462,2025-03-03 22:43:24,Low,Wire Transfer System,Payments & Cards,Impact,L. Novak,False Positive,218,Closed
ALT-901337,2025-03-04 01:22:19,Low,Teller Platform,Retail Banking,Exfiltration,T. Chen,False Positive,64,Closed
ALT-900961,2025-03-04 08:45:45,Low,Customer API Gateway,Digital Banking,Privilege Escalation,A. Ramirez,Benign,353,Closed
ALT-900496,2025-03-04 18:37:52,Low,ATM Network,Retail Banking,Discovery,T. Chen,False Positive,100,Closed
ALT-901102,2025-03-04 22:40:00,Low,Data Warehouse,Corporate IT & Infrastructure,Privilege Escalation,T. Chen,Benign,119,Closed
ALT-903072,2025-03-05 01:43:24,Medium,Teller Platform,Retail Banking,Persistence,Unassigned,False Positive,93,Closed
ALT-901096,2025-03-05 06:35:43,Low,ATM Network,Retail Banking,Initial Access,T. Chen,True Positive,221,Closed
ALT-901876,2025-03-05 07:34:03,Low,Online Banking Portal,Digital Banking,Lateral Movement,M. Patel,False Positive,234,Closed
ALT-900119,2025-03-05 11:33:19,High,Wire Transfer System,Payments & Cards,Privilege Escalation,L. Novak,Benign,37,Closed
ALT-901710,2025-03-05 12:39:28,Critical,Card Issuance System,Payments & Cards,Command and Control,J. Kowalski,False Positive,14,Closed
ALT-902707,2025-03-06 02:01:20,Medium,Wire Transfer System,Payments & Cards,Initial Access,L. Novak,False Positive,39,Closed
ALT-902305,2025-03-06 02:32:02,High,Commercial Loan Platform,Commercial Banking,Exfiltration,L. Novak,True Positive,30,Closed
ALT-900601,2025-03-06 04:41:07,Medium,Document Management System,Mortgage & Lending,Discovery,A. Ramirez,Benign,50,Closed
ALT-903549,2025-03-06 06:02:42,Medium,Core Banking System,Retail Banking,Impact,S. Okafor,False Positive,100,Closed
ALT-900198,2025-03-06 06:20:28,Low,Endpoint Fleet,Corporate IT & Infrastructure,Privilege Escalation,Unassigned,False Positive,276,Closed
ALT-901429,2025-03-06 12:08:06,Medium,Customer API Gateway,Digital Banking,Command and Control,A. Ramirez,True Positive,24,Closed
ALT-901303,2025-03-06 12:21:58,Low,Online Banking Portal,Digital Banking,Impact,Unassigned,False Positive,235,Closed
ALT-902256,2025-03-06 13:58:07,Low,Email & Collaboration (O365),Corporate IT & Infrastructure,Discovery,M. Patel,False Positive,54,Closed
ALT-900615,2025-03-06 16:15:28,Low,Customer API Gateway,Digital Banking,Discovery,T. Chen,Benign,211,Closed
ALT-903999,2025-03-06 19:06:42,Low,Endpoint Fleet,Corporate IT & Infrastructure,Execution,L. Novak,Benign,87,Closed
ALT-903702,2025-03-06 19:53:26,Medium,ATM Network,Retail Banking,Privilege Escalation,L. Novak,False Positive,50,Closed
ALT-901133,2025-03-06 20:21:18,Low,Commercial Loan Platform,Commercial Banking,Execution,L. Novak,Benign,273,Closed
ALT-900384,2025-03-06 20:32:27,Low,Endpoint Fleet,Corporate IT & Infrastructure,Lateral Movement,S. Okafor,False Positive,163,Closed
ALT-903436,2025-03-07 00:44:59,Low,Card Issuance System,Payments & Cards,Privilege Escalation,S. Okafor,Benign,323,Closed
ALT-903089,2025-03-07 02:26:49,Medium,Endpoint Fleet,Corporate IT & Infrastructure,Impact,J. Kowalski,Benign,107,Closed
ALT-900895,2025-03-07 08:35:39,Low,Wire Transfer System,Payments & Cards,Execution,Unassigned,Benign,17,Closed
ALT-901991,2025-03-07 14:00:09,Low,Mobile Banking App,Digital Banking,Defense Evasion,J. Kowalski,False Positive,268,Closed
ALT-901568,2025-03-07 15:27:20,Medium,Document Management System,Mortgage & Lending,Discovery,M. Patel,Benign,104,Closed
ALT-903738,2025-03-07 15:47:16,Low,Customer API Gateway,Digital Banking,Collection,J. Kowalski,True Positive,352,Closed
ALT-902860,2025-03-07 17:43:33,Medium,Endpoint Fleet,Corporate IT & Infrastructure,Defense Evasion,J. Kowalski,Benign,38,Closed
ALT-900754,2025-03-07 19:22:44,Medium,ATM Network,Retail Banking,Exfiltration,A. Ramirez,Benign,126,Closed
ALT-901042,2025-03-07 23:20:36,Medium,Card Issuance System,Payments & Cards,Command and Control,Unassigned,Benign,118,Closed
ALT-903509,2025-03-08 00:36:08,Medium,Wealth Management Platform,Wealth Management,Defense Evasion,S. Okafor,False Positive,25,Closed
ALT-900169,2025-03-08 02:05:25,Medium,Active Directory,Corporate IT & Infrastructure,Privilege Escalation,Unassigned,Benign,134,Closed
ALT-903842,2025-03-08 10:17:41,Low,Wealth Management Platform,Wealth Management,Collection,Unassigned,False Positive,66,Closed
ALT-901128,2025-03-08 11:37:05,Medium,Loan Origination System,Mortgage & Lending,Collection,J. Kowalski,Benign,142,Closed
ALT-900480,2025-03-08 16:35:33,Low,Treasury Management System,Commercial Banking,Discovery,M. Patel,False Positive,26,Closed
ALT-901243,2025-03-08 17:52:16,Medium,Mobile Banking App,Digital Banking,Collection,A. Ramirez,Benign,141,Closed
ALT-902103,2025-03-08 21:42:17,High,Commercial Loan Platform,Commercial Banking,Defense Evasion,J. Kowalski,Benign,49,Closed
ALT-902915,2025-03-09 13:06:05,Medium,Wire Transfer System,Payments & Cards,Execution,T. Chen,Benign,26,Closed
ALT-900565,2025-03-09 15:04:58,Low,Core Banking System,Retail Banking,Credential Access,J. Kowalski,Benign,163,Closed
ALT-901145,2025-03-09 16:20:22,Low,Commercial Loan Platform,Commercial Banking,Defense Evasion,A. Ramirez,Benign,53,Closed
ALT-901047,2025-03-09 18:03:24,Low,Wire Transfer System,Payments & Cards,Impact,J. Kowalski,False Positive,254,Closed
ALT-903034,2025-03-09 22:19:27,Medium,Treasury Management System,Commercial Banking,Command and Control,J. Kowalski,Benign,154,Closed
ALT-900408,2025-03-09 23:01:55,Medium,Treasury Management System,Commercial Banking,Defense Evasion,M. Patel,Benign,153,Closed
ALT-903715,2025-03-10 01:46:40,Low,Loan Origination System,Mortgage & Lending,Privilege Escalation,A. Ramirez,Benign,322,Closed
ALT-903961,2025-03-10 07:46:04,Low,Online Banking Portal,Digital Banking,Persistence,J. Kowalski,False Positive,280,Closed
ALT-902131,2025-03-10 12:16:51,Medium,Document Management System,Mortgage & Lending,Initial Access,T. Chen,False Positive,171,Closed
ALT-903561,2025-03-10 13:48:06,Low,Core Banking System,Retail Banking,Lateral Movement,Unassigned,False Positive,15,Closed
ALT-901948,2025-03-10 17:23:07,High,Mobile Banking App,Digital Banking,Privilege Escalation,J. Kowalski,True Positive,43,Closed
ALT-903151,2025-03-10 23:17:06,Low,Customer API Gateway,Digital Banking,Lateral Movement,J. Kowalski,Benign,266,Closed
ALT-903085,2025-03-11 01:36:19,Low,Data Warehouse,Corporate IT & Infrastructure,Execution,J. Kowalski,Benign,75,Closed
ALT-902794,2025-03-11 06:21:15,Low,Core Banking System,Retail Banking,Privilege Escalation,S. Okafor,False Positive,147,Closed
ALT-902619,2025-03-11 06:25:46,Low,Mobile Banking App,Digital Banking,Defense Evasion,L. Novak,False Positive,290,Closed
ALT-900549,2025-03-11 06:46:55,Low,Online Banking Portal,Digital Banking,Discovery,Unassigned,Benign,354,Closed
ALT-900578,2025-03-11 09:19:16,Medium,Data Warehouse,Corporate IT & Infrastructure,Discovery,M. Patel,False Positive,105,Closed
ALT-900669,2025-03-11 14:41:20,Medium,Core Banking System,Retail Banking,Credential Access,Unassigned,False Positive,140,Closed
ALT-903603,2025-03-11 17:05:11,Critical,Wire Transfer System,Payments & Cards,Lateral Movement,Unassigned,True Positive,5,Closed
ALT-900515,2025-03-12 02:26:10,Low,Commercial Loan Platform,Commercial Banking,Defense Evasion,Unassigned,False Positive,186,Closed
ALT-901202,2025-03-12 02:44:22,Low,Treasury Management System,Commercial Banking,Credential Access,Unassigned,True Positive,360,Closed
ALT-904188,2025-03-12 04:29:25,Medium,Cloud Workloads (AWS),Corporate IT & Infrastructure,Privilege Escalation,S. Okafor,False Positive,92,Closed
ALT-900994,2025-03-12 08:36:51,Low,Endpoint Fleet,Corporate IT & Infrastructure,Command and Control,J. Kowalski,Benign,214,Closed
ALT-901267,2025-03-12 17:02:10,High,Card Issuance System,Payments & Cards,Lateral Movement,J. Kowalski,True Positive,12,Closed
ALT-901073,2025-03-13 00:40:11,Low,Customer API Gateway,Digital Banking,Impact,M. Patel,Benign,246,Closed
ALT-903660,2025-03-13 07:35:18,Medium,Loan Origination System,Mortgage & Lending,Credential Access,L. Novak,Benign,27,Closed
ALT-903109,2025-03-13 09:06:27,Low,Document Management System,Mortgage & Lending,Collection,J. Kowalski,Benign,88,Closed
ALT-903605,2025-03-13 13:24:11,Low,Customer API Gateway,Digital Banking,Lateral Movement,J. Kowalski,Benign,353,Closed
ALT-903758,2025-03-13 15:58:52,Medium,Mobile Banking App,Digital Banking,Impact,A. Ramirez,False Positive,79,Closed
ALT-900807,2025-03-13 16:54:42,High,Card Issuance System,Payments & Cards,Privilege Escalation,T. Chen,True Positive,52,Closed
ALT-902413,2025-03-13 21:13:27,Low,Active Directory,Corporate IT & Infrastructure,Defense Evasion,A. Ramirez,Benign,39,Closed
ALT-902153,2025-03-13 22:04:46,Low,Payment Gateway,Payments & Cards,Defense Evasion,M. Patel,False Positive,189,Closed
ALT-901066,2025-03-14 00:27:43,Medium,Mobile Banking App,Digital Banking,Command and Control,A. Ramirez,False Positive,135,Closed
ALT-903784,2025-03-14 01:26:19,Low,Active Directory,Corporate IT & Infrastructure,Credential Access,L. Novak,Benign,263,Closed
ALT-901864,2025-03-14 07:45:27,Low,Treasury Management System,Commercial Banking,Credential Access,Unassigned,Benign,125,Closed
ALT-903228,2025-03-14 09:03:02,High,Wire Transfer System,Payments & Cards,Defense Evasion,Unassigned,False Positive,46,Closed
ALT-903548,2025-03-14 11:01:17,Low,ATM Network,Retail Banking,Impact,S. Okafor,Benign,21,Closed
ALT-901333,2025-03-14 12:37:05,Medium,Trading Platform,Wealth Management,Impact,L. Novak,False Positive,16,Closed
ALT-900070,2025-03-15 00:52:28,High,Document Management System,Mortgage & Lending,Credential Access,J. Kowalski,False Positive,49,Closed
ALT-903150,2025-03-15 01:24:18,High,Wire Transfer System,Payments & Cards,Persistence,T. Chen,Benign,50,Closed
ALT-900706,2025-03-15 06:53:46,Medium,Customer API Gateway,Digital Banking,Impact,A. Ramirez,Benign,141,Closed
ALT-901412,2025-03-15 09:33:32,Medium,Commercial Loan Platform,Commercial Banking,Execution,L. Novak,Benign,163,Closed
ALT-902835,2025-03-15 10:27:21,High,Payment Gateway,Payments & Cards,Discovery,M. Patel,False Positive,33,Closed
ALT-902743,2025-03-15 11:55:57,Low,Trading Platform,Wealth Management,Exfiltration,Unassigned,False Positive,321,Closed
ALT-904042,2025-03-15 18:35:31,High,Loan Origination System,Mortgage & Lending,Initial Access,T. Chen,True Positive,50,Closed
ALT-900040,2025-03-16 05:08:45,Low,Mobile Banking App,Digital Banking,Command and Control,T. Chen,True Positive,218,Closed
ALT-901995,2025-03-16 05:46:47,Low,Payment Gateway,Payments & Cards,Exfiltration,J. Kowalski,Benign,330,Closed
ALT-902398,2025-03-16 20:46:43,Medium,Treasury Management System,Commercial Banking,Impact,J. Kowalski,False Positive,29,Closed
ALT-903401,2025-03-17 00:15:03,Medium,ATM Network,Retail Banking,Persistence,T. Chen,False Positive,82,Closed
ALT-900592,2025-03-17 21:07:14,Low,Teller Platform,Retail Banking,Command and Control,Unassigned,True Positive,187,Closed
ALT-900362,2025-03-17 23:04:44,Low,Loan Origination System,Mortgage & Lending,Persistence,A. Ramirez,Benign,310,Closed
ALT-900329,2025-03-18 02:07:41,Medium,Payment Gateway,Payments & Cards,Privilege Escalation,M. Patel,False Positive,156,Closed
ALT-903392,2025-03-18 06:38:46,Medium,Document Management System,Mortgage & Lending,Privilege Escalation,Unassigned,False Positive,68,Closed
ALT-901041,2025-03-18 07:01:45,Low,ATM Network,Retail Banking,Privilege Escalation,A. Ramirez,False Positive,355,Closed
ALT-902820,2025-03-18 11:01:08,High,Loan Origination System,Mortgage & Lending,Impact,S. Okafor,Benign,55,Closed
ALT-903773,2025-03-18 11:03:36,Low,Treasury Management System,Commercial Banking,Execution,S. Okafor,Benign,104,Closed
ALT-903007,2025-03-18 17:14:14,Low,Customer API Gateway,Digital Banking,Persistence,J. Kowalski,Benign,39,Closed
ALT-903329,2025-03-18 19:05:03,Low,Active Directory,Corporate IT & Infrastructure,Defense Evasion,S. Okafor,Benign,335,Closed
ALT-902524,2025-03-19 03:08:17,Low,Data Warehouse,Corporate IT & Infrastructure,Exfiltration,J. Kowalski,Benign,39,Closed
ALT-900892,2025-03-19 03:20:09,Low,Wire Transfer System,Payments & Cards,Impact,L. Novak,True Positive,48,Closed
ALT-901157,2025-03-19 21:01:40,Medium,Mobile Banking App,Digital Banking,Credential Access,J. Kowalski,Benign,84,Closed
ALT-900502,2025-03-20 03:24:27,Low,ATM Network,Retail Banking,Impact,M. Patel,True Positive,211,Closed
ALT-901597,2025-03-20 08:41:33,Low,Trading Platform,Wealth Management,Command and Control,J. Kowalski,True Positive,91,Closed
ALT-903882,2025-03-20 10:06:46,Medium,Mobile Banking App,Digital Banking,Discovery,L. Novak,Benign,38,Closed
ALT-904103,2025-03-20 12:58:08,Low,Payment Gateway,Payments & Cards,Impact,J. Kowalski,False Positive,131,Closed
ALT-900952,2025-03-20 18:36:08,Medium,Online Banking Portal,Digital Banking,Persistence,L. Novak,Benign,104,Closed
ALT-900555,2025-03-20 22:25:35,High,Treasury Management System,Commercial Banking,Lateral Movement,M. Patel,Benign,33,Closed
ALT-901704,2025-03-21 02:12:17,Medium,Data Warehouse,Corporate IT & Infrastructure,Privilege Escalation,A. Ramirez,Benign,13,Closed
ALT-902021,2025-03-21 04:12:01,Low,Mobile Banking App,Digital Banking,Lateral Movement,A. Ramirez,Benign,114,Closed
ALT-902431,2025-03-21 08:28:07,High,Online Banking Portal,Digital Banking,Credential Access,Unassigned,True Positive,23,Closed
ALT-902184,2025-03-21 18:30:00,Low,Customer API Gateway,Digital Banking,Initial Access,A. Ramirez,Benign,311,Closed
ALT-903582,2025-03-21 20:45:15,Medium,Cloud Workloads (AWS),Corporate IT & Infrastructure,Impact,Unassigned,Benign,48,Closed
ALT-902897,2025-03-21 23:48:31,High,Loan Origination System,Mortgage & Lending,Defense Evasion,J. Kowalski,False Positive,25,Closed
ALT-900838,2025-03-22 06:44:37,Low,Online Banking Portal,Digital Banking,Privilege Escalation,Unassigned,Benign,242,Closed
ALT-902551,2025-03-22 08:41:39,High,Cloud Workloads (AWS),Corporate IT & Infrastructure,Defense Evasion,Unassigned,Benign,40,Closed
ALT-901942,2025-03-23 00:54:22,Medium,Email & Collaboration (O365),Corporate IT & Infrastructure,Defense Evasion,T. Chen,Benign,29,Closed
ALT-904037,2025-03-23 01:10:16,Low,Core Banking System,Retail Banking,Privilege Escalation,Unassigned,Benign,43,Closed
ALT-900760,2025-03-23 02:16:25,Low,Data Warehouse,Corporate IT & Infrastructure,Execution,Unassigned,False Positive,55,Closed
ALT-900165,2025-03-23 07:58:15,Medium,Wealth Management Platform,Wealth Management,Discovery,L. Novak,Benign,79,Closed
ALT-903670,2025-03-23 09:39:08,Medium,Loan Origination System,Mortgage & Lending,Defense Evasion,T. Chen,Benign,111,Closed
ALT-901205,2025-03-23 12:31:03,Medium,Trading Platform,Wealth Management,Discovery,Unassigned,Benign,88,Closed
ALT-902204,2025-03-23 19:18:36,High,Wealth Management Platform,Wealth Management,Collection,J. Kowalski,False Positive,43,Closed
ALT-903899,2025-03-23 21:28:44,Low,Card Issuance System,Payments & Cards,Discovery,Unassigned,False Positive,19,Closed
ALT-901487,2025-03-24 05:53:27,Low,Active Directory,Corporate IT & Infrastructure,Lateral Movement,M. Patel,Benign,109,Closed
ALT-901369,2025-03-24 08:22:40,Low,Card Issuance System,Payments & Cards,Persistence,Unassigned,True Positive,311,Closed
ALT-900187,2025-03-24 10:54:41,Medium,Endpoint Fleet,Corporate IT & Infrastructure,Exfiltration,T. Chen,False Positive,35,Closed
ALT-901947,2025-03-24 16:34:38,Low,Teller Platform,Retail Banking,Command and Control,M. Patel,Benign,191,Closed
ALT-901873,2025-03-24 23:17:53,Medium,Payment Gateway,Payments & Cards,Persistence,Unassigned,True Positive,162,Closed
ALT-903244,2025-03-25 03:14:45,Medium,Mobile Banking App,Digital Banking,Credential Access,Unassigned,False Positive,17,Closed
ALT-900010,2025-03-25 08:49:04,Medium,Payment Gateway,Payments & Cards,Exfiltration,S. Okafor,Benign,67,Closed
ALT-900801,2025-03-25 19:47:47,High,Commercial Loan Platform,Commercial Banking,Exfiltration,S. Okafor,False Positive,41,Closed
ALT-900875,2025-03-25 20:29:38,Low,Online Banking Portal,Digital Banking,Command and Control,M. Patel,Benign,236,Closed
ALT-902934,2025-03-26 00:06:12,High,Email & Collaboration (O365),Corporate IT & Infrastructure,Lateral Movement,S. Okafor,True Positive,54,Closed
ALT-901838,2025-03-26 01:49:12,Low,Customer API Gateway,Digital Banking,Command and Control,Unassigned,Benign,326,Closed
ALT-900799,2025-03-26 02:42:46,Low,Data Warehouse,Corporate IT & Infrastructure,Command and Control,J. Kowalski,False Positive,301,Closed
ALT-902162,2025-03-26 03:34:10,Medium,Document Management System,Mortgage & Lending,Persistence,Unassigned,False Positive,178,Closed
ALT-901097,2025-03-26 07:43:40,Medium,Online Banking Portal,Digital Banking,Lateral Movement,Unassigned,Benign,134,Closed
ALT-904085,2025-03-26 09:48:57,Medium,Core Banking System,Retail Banking,Discovery,J. Kowalski,False Positive,64,Closed
ALT-902620,2025-03-26 10:06:46,Low,ATM Network,Retail Banking,Initial Access,Unassigned,False Positive,296,Closed
ALT-901860,2025-03-26 18:17:04,Low,Cloud Workloads (AWS),Corporate IT & Infrastructure,Execution,M. Patel,True Positive,339,Closed
ALT-900894,2025-03-27 00:14:52,Medium,ATM Network,Retail Banking,Lateral Movement,T. Chen,Benign,126,Closed
ALT-902373,2025-03-27 04:49:55,Medium,Teller Platform,Retail Banking,Impact,S. Okafor,True Positive,133,Closed
ALT-902651,2025-03-27 14:20:31,Low,Wire Transfer System,Payments & Cards,Privilege Escalation,A. Ramirez,False Positive,126,Closed
ALT-900740,2025-03-27 23:13:02,Medium,Cloud Workloads (AWS),Corporate IT & Infrastructure,Credential Access,A. Ramirez,False Positive,130,Closed
ALT-900764,2025-03-28 03:35:17,Low,Mobile Banking App,Digital Banking,Credential Access,A. Ramirez,Benign,235,Closed
ALT-900205,2025-03-28 05:03:17,Low,Online Banking Portal,Digital Banking,Discovery,T. Chen,Benign,199,Closed
ALT-902808,2025-03-28 08:14:19,Medium,Endpoint Fleet,Corporate IT & Infrastructure,Command and Control,A. Ramirez,False Positive,57,Closed
ALT-902105,2025-03-28 12:09:04,Critical,Treasury Management System,Commercial Banking,Lateral Movement,S. Okafor,True Positive,20,Closed
ALT-901852,2025-03-28 22:57:18,High,Mobile Banking App,Digital Banking,Impact,Unassigned,True Positive,14,Closed
ALT-903316,2025-03-29 01:28:57,Medium,Customer API Gateway,Digital Banking,Discovery,Unassigned,False Positive,103,Closed
ALT-902023,2025-03-29 03:51:16,Low,Card Issuance System,Payments & Cards,Lateral Movement,S. Okafor,Benign,172,Closed
ALT-901246,2025-03-29 04:39:24,Low,ATM Network,Retail Banking,Credential Access,J. Kowalski,False Positive,163,Closed
ALT-902654,2025-03-29 05:47:08,Medium,Customer API Gateway,Digital Banking,Credential Access,A. Ramirez,Benign,180,Closed
ALT-903767,2025-03-29 08:51:31,Low,Active Directory,Corporate IT & Infrastructure,Privilege Escalation,M. Patel,Benign,81,Closed
ALT-902519,2025-03-29 09:46:42,Medium,Teller Platform,Retail Banking,Lateral Movement,M. Patel,False Positive,104,Closed
ALT-901060,2025-03-29 09:54:26,Low,Online Banking Portal,Digital Banking,Discovery,L. Novak,Benign,205,Closed
ALT-901393,2025-03-29 11:24:35,Low,Wealth Management Platform,Wealth Management,Persistence,M. Patel,Benign,258,Closed
ALT-901672,2025-03-29 18:40:52,Low,Document Management System,Mortgage & Lending,Discovery,M. Patel,Benign,240,Closed
ALT-902826,2025-03-29 20:56:12,Low,Wire Transfer System,Payments & Cards,Initial Access,M. Patel,True Positive,106,Closed
ALT-902233,2025-03-29 23:04:32,Low,Treasury Management System,Commercial Banking,Credential Access,J. Kowalski,False Positive,332,Closed
ALT-902970,2025-03-30 13:01:47,Low,Data Warehouse,Corporate IT & Infrastructure,Initial Access,M. Patel,False Positive,225,Closed
ALT-903623,2025-03-30 13:34:52,High,ATM Network,Retail Banking,Impact,L. Novak,True Positive,41,Closed
ALT-901265,2025-03-30 14:31:29,Medium,Card Issuance System,Payments & Cards,Command and Control,S. Okafor,Benign,158,Closed
ALT-903467,2025-03-30 19:20:13,Low,ATM Network,Retail Banking,Defense Evasion,S. Okafor,False Positive,345,Closed
ALT-904174,2025-03-30 20:12:14,Medium,Endpoint Fleet,Corporate IT & Infrastructure,Initial Access,Unassigned,False Positive,16,Closed
ALT-902116,2025-03-30 22:05:45,Medium,Email & Collaboration (O365),Corporate IT & Infrastructure,Lateral Movement,M. Patel,Benign,75,Closed
ALT-901468,2025-03-31 01:39:18,Low,Active Directory,Corporate IT & Infrastructure,Command and Control,A. Ramirez,Benign,17,Closed
ALT-903953,2025-03-31 04:01:44,Low,Email & Collaboration (O365),Corporate IT & Infrastructure,Execution,T. Chen,True Positive,216,Closed
ALT-902607,2025-03-31 08:18:56,Low,Customer API Gateway,Digital Banking,Impact,T. Chen,False Positive,200,Closed
ALT-900464,2025-03-31 10:34:07,Low,Core Banking System,Retail Banking,Command and Control,M. Patel,False Positive,170,Closed
ALT-902248,2025-03-31 11:19:59,Low,Teller Platform,Retail Banking,Execution,L. Novak,Benign,246,Closed
ALT-902066,2025-04-01 07:30:32,Medium,Commercial Loan Platform,Commercial Banking,Command and Control,L. Novak,Benign,55,Closed
ALT-902586,2025-04-01 10:45:13,High,Data Warehouse,Corporate IT & Infrastructure,Defense Evasion,M. Patel,Benign,58,Closed
ALT-901491,2025-04-01 13:42:57,High,Payment Gateway,Payments & Cards,Impact,S. Okafor,Benign,32,Closed
ALT-901943,2025-04-01 21:41:52,High,Customer API Gateway,Digital Banking,Lateral Movement,S. Okafor,False Positive,21,Closed
ALT-900202,2025-04-01 23:54:46,Low,Online Banking Portal,Digital Banking,Collection,L. Novak,Benign,118,Closed
ALT-903371,2025-04-02 00:54:33,Medium,Active Directory,Corporate IT & Infrastructure,Command and Control,A. Ramirez,Benign,39,Closed
ALT-902262,2025-04-02 05:03:00,Low,Payment Gateway,Payments & Cards,Lateral Movement,T. Chen,False Positive,233,Closed
ALT-903121,2025-04-02 05:07:09,Medium,Online Banking Portal,Digital Banking,Credential Access,S. Okafor,False Positive,150,Closed
ALT-903065,2025-04-03 11:17:47,Low,ATM Network,Retail Banking,Defense Evasion,T. Chen,Benign,193,Closed
ALT-901518,2025-04-04 02:50:27,Low,Treasury Management System,Commercial Banking,Discovery,S. Okafor,False Positive,315,Closed
ALT-900770,2025-04-04 08:40:10,Medium,Treasury Management System,Commercial Banking,Command and Control,M. Patel,False Positive,18,Closed
ALT-904147,2025-04-04 14:40:02,Medium,Core Banking System,Retail Banking,Privilege Escalation,Unassigned,False Positive,141,Closed
ALT-902517,2025-04-04 18:28:57,Low,Commercial Loan Platform,Commercial Banking,Impact,L. Novak,False Positive,292,Closed
ALT-900192,2025-04-04 21:06:53,High,Core Banking System,Retail Banking,Privilege Escalation,Unassigned,Benign,57,Closed
ALT-903098,2025-04-04 22:27:06,Low,Data Warehouse,Corporate IT & Infrastructure,Lateral Movement,S. Okafor,False Positive,82,Closed
ALT-904030,2025-04-05 02:07:38,Low,Email & Collaboration (O365),Corporate IT & Infrastructure,Persistence,Unassigned,Benign,178,Closed
ALT-900857,2025-04-05 12:18:56,Low,Active Directory,Corporate IT & Infrastructure,Credential Access,A. Ramirez,Benign,304,Closed
ALT-901681,2025-04-06 14:03:51,High,Active Directory,Corporate IT & Infrastructure,Defense Evasion,J. Kowalski,True Positive,57,Closed
ALT-902486,2025-04-06 16:15:35,Low,Email & Collaboration (O365),Corporate IT & Infrastructure,Impact,S. Okafor,False Positive,295,Closed
ALT-900387,2025-04-06 18:33:40,Medium,Core Banking System,Retail Banking,Defense Evasion,J. Kowalski,False Positive,30,Closed
ALT-901064,2025-04-07 01:59:05,Low,Trading Platform,Wealth Management,Persistence,A. Ramirez,Benign,174,Closed
ALT-902995,2025-04-07 10:54:04,Medium,Loan Origination System,Mortgage & Lending,Execution,S. Okafor,Benign,76,Closed
ALT-902009,2025-04-07 16:31:16,High,Payment Gateway,Payments & Cards,Persistence,Unassigned,True Positive,13,Closed
ALT-902193,2025-04-07 19:34:14,Low,Active Directory,Corporate IT & Infrastructure,Privilege Escalation,Unassigned,False Positive,298,Closed
ALT-903270,2025-04-07 20:22:54,High,Endpoint Fleet,Corporate IT & Infrastructure,Discovery,L. Novak,False Positive,13,Closed
ALT-903643,2025-04-07 21:38:26,Low,Endpoint Fleet,Corporate IT & Infrastructure,Privilege Escalation,A. Ramirez,False Positive,252,Closed
ALT-900436,2025-04-07 23:59:07,Critical,Wealth Management Platform,Wealth Management,Discovery,M. Patel,False Positive,5,Closed
ALT-900714,2025-04-08 12:16:57,High,Payment Gateway,Payments & Cards,Defense Evasion,A. Ramirez,True Positive,9,Closed
ALT-901009,2025-04-09 11:17:26,Low,Customer API Gateway,Digital Banking,Persistence,M. Patel,False Positive,359,Closed
ALT-900540,2025-04-09 11:22:12,Low,Core Banking System,Retail Banking,Exfiltration,Unassigned,False Positive,157,Closed
ALT-902361,2025-04-09 14:15:14,Critical,Document Management System,Mortgage & Lending,Command and Control,Unassigned,True Positive,14,Closed
ALT-901126,2025-04-09 15:20:48,Low,Mobile Banking App,Digital Banking,Credential Access,L. Novak,False Positive,348,Closed
ALT-902814,2025-04-09 16:15:38,Medium,ATM Network,Retail Banking,Initial Access,A. Ramirez,Benign,38,Closed
ALT-902167,2025-04-09 18:24:13,Medium,Treasury Management System,Commercial Banking,Collection,J. Kowalski,Benign,63,Closed
ALT-901277,2025-04-09 22:14:38,High,Commercial Loan Platform,Commercial Banking,Collection,T. Chen,True Positive,40,Closed
ALT-902333,2025-04-10 02:46:11,Medium,Card Issuance System,Payments & Cards,Impact,M. Patel,False Positive,120,Closed
ALT-903276,2025-04-10 05:56:14,Medium,Card Issuance System,Payments & Cards,Execution,A. Ramirez,True Positive,115,Closed
ALT-901480,2025-04-10 13:54:03,Low,Wealth Management Platform,Wealth Management,Execution,Unassigned,Benign,169,Closed
ALT-902809,2025-04-10 19:26:54,Low,Endpoint Fleet,Corporate IT & Infrastructure,Defense Evasion,Unassigned,Benign,360,Closed
ALT-900800,2025-04-10 19:40:19,Critical,Card Issuance System,Payments & Cards,Lateral Movement,L. Novak,Benign,27,Closed
ALT-901768,2025-04-10 19:53:22,Medium,Document Management System,Mortgage & Lending,Lateral Movement,M. Patel,Benign,32,Closed
ALT-900639,2025-04-11 01:43:33,Low,Payment Gateway,Payments & Cards,Collection,L. Novak,Benign,141,Closed
ALT-902414,2025-04-11 17:50:23,Low,Data Warehouse,Corporate IT & Infrastructure,Impact,L. Novak,Benign,305,Closed
ALT-901706,2025-04-12 16:55:44,Low,Wire Transfer System,Payments & Cards,Credential Access,S. Okafor,True Positive,354,Closed
ALT-902640,2025-04-12 17:09:25,High,Wealth Management Platform,Wealth Management,Persistence,S. Okafor,Benign,43,Closed
ALT-902003,2025-04-12 17:38:29,Critical,Wire Transfer System,Payments & Cards,Lateral Movement,J. Kowalski,True Positive,3,Closed
ALT-901684,2025-04-12 20:49:57,Medium,Trading Platform,Wealth Management,Defense Evasion,S. Okafor,False Positive,35,Closed
ALT-903447,2025-04-12 21:34:25,Medium,Treasury Management System,Commercial Banking,Credential Access,L. Novak,False Positive,142,Closed
ALT-903804,2025-04-12 23:36:55,Low,Trading Platform,Wealth Management,Lateral Movement,L. Novak,Benign,116,Closed
ALT-904018,2025-04-13 00:45:47,Medium,Data Warehouse,Corporate IT & Infrastructure,Discovery,J. Kowalski,False Positive,46,Closed
ALT-901373,2025-04-13 11:42:50,Medium,ATM Network,Retail Banking,Command and Control,L. Novak,False Positive,73,Closed
ALT-900293,2025-04-13 15:16:42,Low,Active Directory,Corporate IT & Infrastructure,Exfiltration,A. Ramirez,Benign,337,Closed
ALT-903247,2025-04-13 17:54:57,Medium,Endpoint Fleet,Corporate IT & Infrastructure,Persistence,J. Kowalski,Benign,52,Closed
ALT-903051,2025-04-13 20:27:53,Medium,Treasury Management System,Commercial Banking,Impact,Unassigned,Benign,60,Closed
ALT-901225,2025-04-13 21:36:39,Medium,Email & Collaboration (O365),Corporate IT & Infrastructure,Impact,T. Chen,Benign,72,Closed
ALT-900412,2025-04-14 03:27:04,Low,Card Issuance System,Payments & Cards,Execution,Unassigned,False Positive,291,Closed
ALT-902974,2025-04-14 12:37:26,Low,Document Management System,Mortgage & Lending,Initial Access,T. Chen,Benign,82,Closed
ALT-903905,2025-04-14 12:40:16,Low,Document Management System,Mortgage & Lending,Defense Evasion,J. Kowalski,Benign,70,Closed
ALT-900185,2025-04-14 21:59:36,Low,Commercial Loan Platform,Commercial Banking,Exfiltration,Unassigned,Benign,347,Closed
ALT-901399,2025-04-15 11:43:18,High,Card Issuance System,Payments & Cards,Persistence,J. Kowalski,False Positive,5,Closed
ALT-900153,2025-04-16 05:21:54,Medium,Customer API Gateway,Digital Banking,Initial Access,M. Patel,True Positive,171,Closed
ALT-904111,2025-04-16 12:36:36,Low,Customer API Gateway,Digital Banking,Credential Access,Unassigned,False Positive,241,Closed
ALT-900684,2025-04-16 16:18:13,High,Payment Gateway,Payments & Cards,Defense Evasion,Unassigned,Benign,11,Closed
ALT-900437,2025-04-16 19:41:35,Medium,Cloud Workloads (AWS),Corporate IT & Infrastructure,Lateral Movement,Unassigned,Benign,30,Closed
ALT-903011,2025-04-17 09:08:21,Low,Online Banking Portal,Digital Banking,Command and Control,M. Patel,False Positive,357,Closed
ALT-901787,2025-04-17 13:09:41,High,Mobile Banking App,Digital Banking,Impact,Unassigned,True Positive,55,Closed
ALT-902163,2025-04-17 17:53:17,Medium,ATM Network,Retail Banking,Exfiltration,J. Kowalski,False Positive,25,Closed
ALT-900573,2025-04-17 21:12:54,Low,Customer API Gateway,Digital Banking,Lateral Movement,A. Ramirez,Benign,338,Closed
ALT-900182,2025-04-17 23:13:48,Medium,Email & Collaboration (O365),Corporate IT & Infrastructure,Execution,A. Ramirez,False Positive,100,Closed
ALT-901850,2025-04-18 09:34:24,Low,Teller Platform,Retail Banking,Command and Control,T. Chen,Benign,163,Closed
ALT-903336,2025-04-18 09:35:58,Critical,Mobile Banking App,Digital Banking,Execution,Unassigned,Benign,13,Closed
ALT-902977,2025-04-18 09:52:01,Medium,Endpoint Fleet,Corporate IT & Infrastructure,Lateral Movement,M. Patel,True Positive,86,Closed
ALT-900438,2025-04-18 16:34:08,Low,Trading Platform,Wealth Management,Execution,T. Chen,Benign,303,Closed
ALT-902971,2025-04-18 17:34:40,High,Document Management System,Mortgage & Lending,Exfiltration,J. Kowalski,False Positive,22,Closed
ALT-900688,2025-04-18 21:39:39,Low,Cloud Workloads (AWS),Corporate IT & Infrastructure,Privilege Escalation,Unassigned,True Positive,295,Closed
ALT-903555,2025-04-19 03:19:18,Critical,Teller Platform,Retail Banking,Command and Control,S. Okafor,True Positive,3,Closed
ALT-901585,2025-04-19 06:32:36,Low,Core Banking System,Retail Banking,Command and Control,T. Chen,False Positive,343,Closed
ALT-903943,2025-04-19 07:29:43,Medium,Email & Collaboration (O365),Corporate IT & Infrastructure,Execution,Unassigned,Benign,152,Closed
ALT-903650,2025-04-19 11:30:08,Low,Commercial Loan Platform,Commercial Banking,Lateral Movement,T. Chen,False Positive,60,Closed
ALT-900098,2025-04-19 13:38:26,Low,Payment Gateway,Payments & Cards,Defense Evasion,Unassigned,Benign,291,Closed
ALT-903569,2025-04-19 13:52:43,Medium,Wire Transfer System,Payments & Cards,Privilege Escalation,L. Novak,False Positive,106,Closed
ALT-903398,2025-04-19 16:42:02,Low,Email & Collaboration (O365),Corporate IT & Infrastructure,Collection,J. Kowalski,False Positive,187,Closed
ALT-900313,2025-04-19 17:58:31,Low,Customer API Gateway,Digital Banking,Lateral Movement,J. Kowalski,Benign,192,Closed
ALT-901033,2025-04-19 23:54:44,Low,Cloud Workloads (AWS),Corporate IT & Infrastructure,Credential Access,M. Patel,False Positive,93,Closed
ALT-900210,2025-04-20 06:09:48,Medium,Commercial Loan Platform,Commercial Banking,Initial Access,J. Kowalski,False Positive,156,Closed
ALT-902439,2025-04-20 10:50:35,Medium,Trading Platform,Wealth Management,Initial Access,S. Okafor,Benign,124,Closed
ALT-902902,2025-04-20 11:13:47,Low,Endpoint Fleet,Corporate IT & Infrastructure,Discovery,T. Chen,Benign,268,Closed
ALT-900355,2025-04-20 11:38:42,Medium,Email & Collaboration (O365),Corporate IT & Infrastructure,Execution,L. Novak,Benign,70,Closed
ALT-902919,2025-04-20 13:08:14,Low,Loan Origination System,Mortgage & Lending,Persistence,Unassigned,False Positive,51,Closed
ALT-902716,2025-04-20 15:25:35,Medium,ATM Network,Retail Banking,Credential Access,L. Novak,Benign,70,Closed
ALT-901100,2025-04-20 19:35:44,Low,ATM Network,Retail Banking,Execution,A. Ramirez,Benign,175,Closed
ALT-902681,2025-04-20 23:27:25,Medium,Core Banking System,Retail Banking,Credential Access,M. Patel,False Positive,160,Closed
ALT-903259,2025-04-21 06:08:54,Medium,Wealth Management Platform,Wealth Management,Collection,L. Novak,False Positive,135,Closed
ALT-900824,2025-04-21 22:51:10,High,Data Warehouse,Corporate IT & Infrastructure,Collection,A. Ramirez,Benign,29,Closed
ALT-902160,2025-04-22 02:46:04,High,Card Issuance System,Payments & Cards,Impact,Unassigned,Benign,28,Closed
ALT-900021,2025-04-22 03:58:35,Low,Core Banking System,Retail Banking,Initial Access,M. Patel,Benign,20,Closed
ALT-903400,2025-04-22 14:40:09,Low,Email & Collaboration (O365),Corporate IT & Infrastructure,Privilege Escalation,A. Ramirez,False Positive,36,Closed
ALT-904039,2025-04-22 19:13:56,Medium,Online Banking Portal,Digital Banking,Execution,T. Chen,False Positive,125,Closed
ALT-900756,2025-04-23 00:26:41,High,Document Management System,Mortgage & Lending,Persistence,Unassigned,True Positive,30,Closed
ALT-902322,2025-04-23 05:48:34,Low,Document Management System,Mortgage & Lending,Initial Access,J. Kowalski,True Positive,254,Closed
ALT-901107,2025-04-23 11:51:29,Low,Online Banking Portal,Digital Banking,Defense Evasion,Unassigned,Benign,280,Closed
ALT-902717,2025-04-23 16:30:51,Medium,Online Banking Portal,Digital Banking,Discovery,A. Ramirez,Benign,140,Closed
ALT-901624,2025-04-23 19:30:04,Low,Trading Platform,Wealth Management,Discovery,L. Novak,Benign,336,Closed
ALT-902624,2025-04-23 22:18:18,Low,Document Management System,Mortgage & Lending,Collection,S. Okafor,False Positive,314,Closed
ALT-901675,2025-04-24 05:15:27,Low,ATM Network,Retail Banking,Collection,J. Kowalski,Benign,88,Closed
ALT-901806,2025-04-24 07:41:19,Medium,Customer API Gateway,Digital Banking,Persistence,S. Okafor,Benign,87,Closed
ALT-901274,2025-04-24 16:59:00,Medium,Card Issuance System,Payments & Cards,Defense Evasion,S. Okafor,False Positive,97,Closed
ALT-903165,2025-04-25 01:27:40,Low,Loan Origination System,Mortgage & Lending,Collection,A. Ramirez,False Positive,89,Closed
ALT-900783,2025-04-25 03:20:49,Medium,Mobile Banking App,Digital Banking,Lateral Movement,T. Chen,Benign,46,Closed
ALT-902849,2025-04-25 04:34:31,Low,Mobile Banking App,Digital Banking,Lateral Movement,M. Patel,False Positive,326,Closed
ALT-900013,2025-04-25 08:17:09,Low,Teller Platform,Retail Banking,Command and Control,L. Novak,False Positive,271,Closed
ALT-900691,2025-04-25 09:50:23,Critical,Commercial Loan Platform,Commercial Banking,Privilege Escalation,S. Okafor,True Positive,6,Closed
ALT-904062,2025-04-25 13:14:14,Medium,Data Warehouse,Corporate IT & Infrastructure,Execution,J. Kowalski,Benign,45,Closed
ALT-903769,2025-04-25 14:23:27,Medium,Data Warehouse,Corporate IT & Infrastructure,Privilege Escalation,L. Novak,False Positive,55,Closed
ALT-902340,2025-04-25 16:45:21,Low,Teller Platform,Retail Banking,Initial Access,A. Ramirez,Benign,219,Closed
ALT-904047,2025-04-25 21:27:39,Low,Cloud Workloads (AWS),Corporate IT & Infrastructure,Credential Access,A. Ramirez,False Positive,71,Closed
ALT-903115,2025-04-25 23:05:25,Low,Data Warehouse,Corporate IT & Infrastructure,Collection,T. Chen,True Positive,132,Closed
ALT-903172,2025-04-26 02:00:45,Low,Mobile Banking App,Digital Banking,Credential Access,S. Okafor,True Positive,254,Closed
ALT-901085,2025-04-26 02:11:02,Low,Customer API Gateway,Digital Banking,Execution,J. Kowalski,True Positive,129,Closed
ALT-902288,2025-04-26 04:36:29,Low,Payment Gateway,Payments & Cards,Discovery,L. Novak,Benign,80,Closed
ALT-902246,2025-04-26 05:26:13,Medium,Core Banking System,Retail Banking,Defense Evasion,S. Okafor,Benign,90,Closed
ALT-902777,2025-04-26 17:23:51,Low,Payment Gateway,Payments & Cards,Initial Access,J. Kowalski,Benign,107,Closed
ALT-903772,2025-04-26 17:26:43,Medium,Core Banking System,Retail Banking,Command and Control,L. Novak,Benign,48,Closed
ALT-901011,2025-04-27 02:53:44,High,Payment Gateway,Payments & Cards,Impact,J. Kowalski,False Positive,27,Closed
ALT-903595,2025-04-27 04:01:43,Low,Treasury Management System,Commercial Banking,Lateral Movement,M. Patel,False Positive,97,Closed
ALT-901533,2025-04-27 04:04:22,High,Teller Platform,Retail Banking,Initial Access,L. Novak,Benign,21,Closed
ALT-903205,2025-04-27 04:15:26,Medium,Mobile Banking App,Digital Banking,Impact,A. Ramirez,False Positive,36,Closed
ALT-902223,2025-04-27 13:28:15,Low,Commercial Loan Platform,Commercial Banking,Discovery,T. Chen,False Positive,115,Closed
ALT-901893,2025-04-27 21:29:07,Low,Mobile Banking App,Digital Banking,Persistence,L. Novak,Benign,320,Closed
ALT-903111,2025-04-27 22:57:42,Low,Core Banking System,Retail Banking,Initial Access,A. Ramirez,False Positive,294,Closed
ALT-901756,2025-04-28 10:08:44,Low,Customer API Gateway,Digital Banking,Initial Access,S. Okafor,False Positive,71,Closed
ALT-902788,2025-04-28 10:25:31,Medium,Core Banking System,Retail Banking,Exfiltration,J. Kowalski,Benign,52,Closed
ALT-903832,2025-04-28 14:11:44,Low,Cloud Workloads (AWS),Corporate IT & Infrastructure,Persistence,L. Novak,False Positive,273,Closed
ALT-900124,2025-04-28 15:27:29,Low,Trading Platform,Wealth Management,Persistence,J. Kowalski,False Positive,115,Closed
ALT-903756,2025-04-28 16:34:38,Low,Commercial Loan Platform,Commercial Banking,Persistence,T. Chen,False Positive,112,Closed
ALT-901445,2025-04-28 19:51:40,Low,ATM Network,Retail Banking,Command and Control,T. Chen,Benign,239,Closed
ALT-901761,2025-04-29 07:13:25,Medium,Cloud Workloads (AWS),Corporate IT & Infrastructure,Discovery,M. Patel,Benign,18,Closed
ALT-902029,2025-04-29 11:05:35,Low,Trading Platform,Wealth Management,Execution,T. Chen,Benign,339,Closed
ALT-900167,2025-04-29 12:19:29,Medium,Data Warehouse,Corporate IT & Infrastructure,Privilege Escalation,M. Patel,Benign,174,Closed
ALT-901437,2025-04-29 12:23:59,Low,Treasury Management System,Commercial Banking,Credential Access,T. Chen,Benign,314,Closed
ALT-902718,2025-04-29 16:56:52,Low,Endpoint Fleet,Corporate IT & Infrastructure,Persistence,T. Chen,False Positive,344,Closed
ALT-900244,2025-04-29 20:57:59,Medium,Data Warehouse,Corporate IT & Infrastructure,Defense Evasion,T. Chen,False Positive,30,Closed
ALT-901438,2025-04-29 23:08:07,Low,Card Issuance System,Payments & Cards,Defense Evasion,Unassigned,False Positive,75,Closed
ALT-901381,2025-04-30 00:15:20,Medium,Teller Platform,Retail Banking,Impact,S. Okafor,Benign,76,Closed
ALT-903254,2025-04-30 03:57:08,Medium,Mobile Banking App,Digital Banking,Persistence,M. Patel,False Positive,28,Closed
ALT-903679,2025-04-30 04:33:06,High,Online Banking Portal,Digital Banking,Exfiltration,M. Patel,False Positive,6,Closed
ALT-903399,2025-04-30 07:11:23,Medium,Mobile Banking App,Digital Banking,Persistence,J. Kowalski,False Positive,92,Closed
ALT-901622,2025-04-30 08:10:53,Critical,Endpoint Fleet,Corporate IT & Infrastructure,Lateral Movement,L. Novak,False Positive,9,Closed
ALT-902719,2025-04-30 09:52:03,Low,Mobile Banking App,Digital Banking,Exfiltration,Unassigned,False Positive,169,Closed
ALT-901469,2025-04-30 13:18:36,Low,Cloud Workloads (AWS),Corporate IT & Infrastructure,Exfiltration,T. Chen,False Positive,115,Closed
ALT-900802,2025-04-30 14:24:23,Medium,Data Warehouse,Corporate IT & Infrastructure,Lateral Movement,Unassigned,False Positive,134,Closed
ALT-903382,2025-04-30 17:43:44,Medium,Document Management System,Mortgage & Lending,Impact,S. Okafor,Benign,88,Closed
ALT-903265,2025-04-30 18:57:20,High,Payment Gateway,Payments & Cards,Execution,M. Patel,True Positive,27,Closed
ALT-901575,2025-04-30 21:49:01,High,Treasury Management System,Commercial Banking,Impact,M. Patel,Benign,50,Closed
ALT-903060,2025-05-01 04:30:03,Critical,Cloud Workloads (AWS),Corporate IT & Infrastructure,Defense Evasion,S. Okafor,True Positive,6,Closed
ALT-902317,2025-05-01 07:58:52,Low,Online Banking Portal,Digital Banking,Privilege Escalation,J. Kowalski,False Positive,218,Closed
ALT-900152,2025-05-01 10:33:44,Medium,Endpoint Fleet,Corporate IT & Infrastructure,Discovery,J. Kowalski,Benign,33,Closed
ALT-904190,2025-05-01 13:38:05,Low,Teller Platform,Retail Banking,Defense Evasion,M. Patel,Benign,64,Closed
ALT-903031,2025-05-01 13:39:57,Low,Wealth Management Platform,Wealth Management,Collection,Unassigned,Benign,337,Closed
ALT-904066,2025-05-01 21:13:48,Low,Treasury Management System,Commercial Banking,Lateral Movement,A. Ramirez,False Positive,96,Closed
ALT-901932,2025-05-02 00:21:32,Medium,Mobile Banking App,Digital Banking,Impact,L. Novak,False Positive,172,Closed
ALT-901470,2025-05-02 01:52:30,Low,Teller Platform,Retail Banking,Exfiltration,T. Chen,False Positive,127,Closed
ALT-900461,2025-05-02 05:42:23,Low,Endpoint Fleet,Corporate IT & Infrastructure,Command and Control,T. Chen,False Positive,20,Closed
ALT-901208,2025-05-02 08:08:26,Low,Teller Platform,Retail Banking,Credential Access,M. Patel,Benign,274,Closed
ALT-902522,2025-05-02 18:11:20,Low,Commercial Loan Platform,Commercial Banking,Privilege Escalation,S. Okafor,Benign,275,Closed
ALT-900091,2025-05-03 02:39:51,Low,Email & Collaboration (O365),Corporate IT & Infrastructure,Privilege Escalation,T. Chen,False Positive,316,Closed
ALT-901637,2025-05-03 04:40:52,Low,Payment Gateway,Payments & Cards,Credential Access,S. Okafor,Benign,280,Closed
ALT-900856,2025-05-03 12:59:44,Medium,Trading Platform,Wealth Management,Exfiltration,M. Patel,False Positive,63,Closed
ALT-900517,2025-05-03 15:10:40,Low,Wire Transfer System,Payments & Cards,Credential Access,T. Chen,False Positive,235,Closed
ALT-900997,2025-05-03 23:21:12,Low,Document Management System,Mortgage & Lending,Exfiltration,A. Ramirez,False Positive,171,Closed
ALT-900138,2025-05-04 00:08:32,Medium,Online Banking Portal,Digital Banking,Command and Control,A. Ramirez,True Positive,129,Closed
ALT-901749,2025-05-04 06:29:08,Medium,Payment Gateway,Payments & Cards,Privilege Escalation,A. Ramirez,Benign,21,Closed
ALT-901458,2025-05-04 07:33:38,Medium,Data Warehouse,Corporate IT & Infrastructure,Collection,Unassigned,Benign,115,Closed
ALT-903753,2025-05-04 07:38:35,Low,Commercial Loan Platform,Commercial Banking,Impact,A. Ramirez,False Positive,287,Closed
ALT-901737,2025-05-04 07:51:55,Medium,ATM Network,Retail Banking,Persistence,A. Ramirez,False Positive,57,Closed
ALT-901119,2025-05-04 10:29:28,Medium,Teller Platform,Retail Banking,Persistence,T. Chen,Benign,49,Closed
ALT-901053,2025-05-04 11:29:22,Low,Document Management System,Mortgage & Lending,Defense Evasion,L. Novak,False Positive,118,Closed
ALT-900075,2025-05-04 11:47:41,Low,Customer API Gateway,Digital Banking,Discovery,T. Chen,False Positive,69,Closed
ALT-900728,2025-05-04 15:36:04,Medium,Wire Transfer System,Payments & Cards,Privilege Escalation,M. Patel,Benign,99,Closed
ALT-900084,2025-05-04 16:02:03,Critical,ATM Network,Retail Banking,Discovery,S. Okafor,True Positive,4,Closed
ALT-902998,2025-05-04 17:59:15,Medium,Core Banking System,Retail Banking,Discovery,M. Patel,Benign,173,Closed
ALT-901869,2025-05-05 02:04:23,Medium,Customer API Gateway,Digital Banking,Lateral Movement,A. Ramirez,Benign,58,Closed
ALT-902363,2025-05-05 07:12:26,Critical,Payment Gateway,Payments & Cards,Execution,S. Okafor,True Positive,23,Closed
ALT-900899,2025-05-05 09:05:09,Medium,Mobile Banking App,Digital Banking,Execution,A. Ramirez,Benign,152,Closed
ALT-903370,2025-05-05 10:07:37,Medium,Document Management System,Mortgage & Lending,Command and Control,Unassigned,False Positive,56,Closed
ALT-900482,2025-05-05 11:07:12,Critical,ATM Network,Retail Banking,Lateral Movement,S. Okafor,True Positive,15,Closed
ALT-901343,2025-05-05 16:55:42,Low,Customer API Gateway,Digital Banking,Exfiltration,S. Okafor,False Positive,247,Closed
ALT-902877,2025-05-05 20:46:33,Medium,Core Banking System,Retail Banking,Impact,M. Patel,Benign,18,Closed
ALT-902648,2025-05-06 08:03:19,Low,Core Banking System,Retail Banking,Defense Evasion,T. Chen,True Positive,74,Closed
ALT-904077,2025-05-06 11:17:08,Medium,Cloud Workloads (AWS),Corporate IT & Infrastructure,Privilege Escalation,Unassigned,Benign,54,Closed
ALT-901236,2025-05-06 12:52:19,Medium,Card Issuance System,Payments & Cards,Collection,S. Okafor,Benign,154,Closed
ALT-902329,2025-05-06 16:12:12,Low,Active Directory,Corporate IT & Infrastructure,Privilege Escalation,A. Ramirez,False Positive,66,Closed
ALT-904078,2025-05-06 17:57:02,High,Core Banking System,Retail Banking,Exfiltration,S. Okafor,False Positive,25,Closed
ALT-903723,2025-05-06 18:43:26,Medium,Customer API Gateway,Digital Banking,Lateral Movement,A. Ramirez,False Positive,47,Closed
ALT-903722,2025-05-07 05:46:15,Low,Customer API Gateway,Digital Banking,Exfiltration,L. Novak,Benign,210,Closed
ALT-902130,2025-05-07 06:07:52,High,Card Issuance System,Payments & Cards,Execution,Unassigned,False Positive,19,Closed
ALT-901425,2025-05-07 06:49:00,Medium,Customer API Gateway,Digital Banking,Lateral Movement,L. Novak,False Positive,19,Closed
ALT-902242,2025-05-07 07:10:24,High,Mobile Banking App,Digital Banking,Exfiltration,M. Patel,False Positive,24,Closed
ALT-904002,2025-05-07 12:06:32,Medium,Data Warehouse,Corporate IT & Infrastructure,Initial Access,J. Kowalski,Benign,157,Closed
ALT-903652,2025-05-07 13:11:22,Low,Online Banking Portal,Digital Banking,Collection,L. Novak,False Positive,82,Closed
ALT-903004,2025-05-07 20:33:18,Low,Online Banking Portal,Digital Banking,Defense Evasion,S. Okafor,Benign,64,Closed
ALT-900769,2025-05-08 03:52:36,Low,Trading Platform,Wealth Management,Lateral Movement,S. Okafor,Benign,270,Closed
ALT-901763,2025-05-08 14:27:14,Low,Mobile Banking App,Digital Banking,Collection,Unassigned,True Positive,197,Closed
ALT-901360,2025-05-08 15:15:43,Low,Active Directory,Corporate IT & Infrastructure,Privilege Escalation,S. Okafor,False Positive,325,Closed
ALT-903363,2025-05-08 19:29:39,Medium,ATM Network,Retail Banking,Impact,J. Kowalski,Benign,120,Closed
ALT-900034,2025-05-08 20:35:20,Medium,Online Banking Portal,Digital Banking,Discovery,S. Okafor,True Positive,23,Closed
ALT-900062,2025-05-09 03:07:04,Low,Loan Origination System,Mortgage & Lending,Persistence,L. Novak,Benign,247,Closed
ALT-901926,2025-05-09 03:32:59,Medium,Customer API Gateway,Digital Banking,Exfiltration,Unassigned,Benign,67,Closed
ALT-901650,2025-05-09 05:07:09,Low,Loan Origination System,Mortgage & Lending,Persistence,Unassigned,Benign,54,Closed
ALT-900111,2025-05-10 05:09:38,Medium,Wire Transfer System,Payments & Cards,Credential Access,L. Novak,Benign,20,Closed
ALT-900709,2025-05-10 08:46:24,Low,Loan Origination System,Mortgage & Lending,Privilege Escalation,S. Okafor,False Positive,59,Closed
ALT-902937,2025-05-10 09:50:42,Medium,Core Banking System,Retail Banking,Initial Access,Unassigned,Benign,158,Closed
ALT-901725,2025-05-10 11:10:18,Low,Payment Gateway,Payments & Cards,Discovery,A. Ramirez,False Positive,161,Closed
ALT-904106,2025-05-10 12:43:33,Medium,Customer API Gateway,Digital Banking,Defense Evasion,L. Novak,False Positive,88,Closed
ALT-902594,2025-05-10 19:56:09,Low,Wealth Management Platform,Wealth Management,Credential Access,T. Chen,Benign,192,Closed
ALT-903088,2025-05-10 22:17:29,High,Document Management System,Mortgage & Lending,Lateral Movement,T. Chen,Benign,20,Closed
ALT-902596,2025-05-11 01:25:48,Low,Payment Gateway,Payments & Cards,Command and Control,L. Novak,Benign,146,Closed
ALT-902979,2025-05-11 10:44:59,Medium,Online Banking Portal,Digital Banking,Exfiltration,J. Kowalski,True Positive,75,Closed
ALT-901146,2025-05-11 14:07:57,Low,ATM Network,Retail Banking,Discovery,A. Ramirez,False Positive,253,Closed
ALT-903911,2025-05-11 15:23:45,Medium,Cloud Workloads (AWS),Corporate IT & Infrastructure,Credential Access,Unassigned,Benign,173,Closed
ALT-903919,2025-05-11 16:13:39,Low,Treasury Management System,Commercial Banking,Persistence,T. Chen,Benign,154,Closed
ALT-903534,2025-05-11 16:40:23,Low,Teller Platform,Retail Banking,Execution,J. Kowalski,Benign,299,Closed
ALT-902767,2025-05-12 03:43:50,Medium,Treasury Management System,Commercial Banking,Discovery,L. Novak,False Positive,106,Closed
ALT-903781,2025-05-12 05:24:13,Low,Treasury Management System,Commercial Banking,Initial Access,M. Patel,False Positive,336,Closed
ALT-900504,2025-05-12 05:42:28,Low,Customer API Gateway,Digital Banking,Command and Control,S. Okafor,Benign,128,Closed
ALT-902617,2025-05-12 09:23:58,Medium,Mobile Banking App,Digital Banking,Privilege Escalation,S. Okafor,False Positive,78,Closed
ALT-901498,2025-05-12 10:53:49,High,Wealth Management Platform,Wealth Management,Persistence,S. Okafor,True Positive,56,Closed
ALT-900276,2025-05-12 12:34:10,Low,Teller Platform,Retail Banking,Command and Control,L. Novak,Benign,134,Closed
ALT-902683,2025-05-12 13:25:35,Low,Mobile Banking App,Digital Banking,Discovery,T. Chen,Benign,182,Closed
ALT-901180,2025-05-12 14:53:01,Low,Email & Collaboration (O365),Corporate IT & Infrastructure,Collection,Unassigned,False Positive,197,Closed
ALT-902895,2025-05-12 14:53:36,High,Email & Collaboration (O365),Corporate IT & Infrastructure,Command and Control,Unassigned,False Positive,17,Closed
ALT-902377,2025-05-12 15:47:29,Medium,Card Issuance System,Payments & Cards,Privilege Escalation,T. Chen,False Positive,168,Closed
ALT-903538,2025-05-13 00:54:02,Medium,Loan Origination System,Mortgage & Lending,Discovery,L. Novak,Benign,107,Closed
ALT-904097,2025-05-13 09:57:20,Low,Trading Platform,Wealth Management,Persistence,T. Chen,False Positive,231,Closed
ALT-902567,2025-05-13 17:01:32,Low,Customer API Gateway,Digital Banking,Discovery,M. Patel,Benign,302,Closed
ALT-901545,2025-05-13 19:58:39,High,Teller Platform,Retail Banking,Persistence,J. Kowalski,True Positive,45,Closed
ALT-901564,2025-05-13 20:30:57,Low,Online Banking Portal,Digital Banking,Discovery,M. Patel,Benign,185,Closed
ALT-900082,2025-05-13 20:56:05,Medium,Email & Collaboration (O365),Corporate IT & Infrastructure,Credential Access,L. Novak,Benign,162,Closed
ALT-903684,2025-05-13 22:32:50,Medium,Email & Collaboration (O365),Corporate IT & Infrastructure,Execution,L. Novak,Benign,93,Closed
ALT-903222,2025-05-14 00:02:24,Medium,Teller Platform,Retail Banking,Initial Access,J. Kowalski,Benign,172,Closed
ALT-903300,2025-05-14 02:07:41,Medium,Core Banking System,Retail Banking,Discovery,Unassigned,Benign,56,Closed
ALT-902139,2025-05-14 03:47:11,Low,Payment Gateway,Payments & Cards,Defense Evasion,T. Chen,False Positive,139,Closed
ALT-901442,2025-05-14 05:57:14,Medium,Loan Origination System,Mortgage & Lending,Privilege Escalation,L. Novak,Benign,48,Closed
ALT-903201,2025-05-14 08:13:59,High,Mobile Banking App,Digital Banking,Persistence,S. Okafor,False Positive,35,Closed
ALT-903340,2025-05-14 12:44:41,Medium,Teller Platform,Retail Banking,Persistence,A. Ramirez,True Positive,144,Closed
ALT-900136,2025-05-14 13:26:15,Critical,Endpoint Fleet,Corporate IT & Infrastructure,Privilege Escalation,T. Chen,True Positive,18,Closed
ALT-903446,2025-05-14 13:42:42,Low,Document Management System,Mortgage & Lending,Privilege Escalation,J. Kowalski,False Positive,159,Closed
ALT-902255,2025-05-14 21:12:18,Low,Mobile Banking App,Digital Banking,Privilege Escalation,J. Kowalski,Benign,264,Closed
ALT-903768,2025-05-15 00:11:55,Low,Treasury Management System,Commercial Banking,Persistence,L. Novak,Benign,208,Closed
ALT-903532,2025-05-15 09:21:07,Medium,Document Management System,Mortgage & Lending,Credential Access,Unassigned,True Positive,121,Closed
ALT-900806,2025-05-15 17:55:07,Medium,Cloud Workloads (AWS),Corporate IT & Infrastructure,Collection,M. Patel,Benign,100,Closed
ALT-900457,2025-05-16 00:10:22,Medium,Document Management System,Mortgage & Lending,Initial Access,T. Chen,False Positive,111,Closed
ALT-902764,2025-05-16 00:30:07,Medium,Card Issuance System,Payments & Cards,Privilege Escalation,A. Ramirez,Benign,169,Closed
ALT-900306,2025-05-16 01:57:15,Medium,Trading Platform,Wealth Management,Credential Access,T. Chen,Benign,180,Closed
ALT-901239,2025-05-16 04:45:08,Medium,Wealth Management Platform,Wealth Management,Discovery,M. Patel,False Positive,173,Closed
ALT-901714,2025-05-16 05:11:03,High,Customer API Gateway,Digital Banking,Privilege Escalation,L. Novak,Benign,50,Closed
ALT-900854,2025-05-16 09:19:20,Low,ATM Network,Retail Banking,Collection,S. Okafor,Benign,249,Closed
ALT-903381,2025-05-16 12:56:02,Medium,Commercial Loan Platform,Commercial Banking,Initial Access,Unassigned,Benign,62,Closed
ALT-904129,2025-05-16 16:34:40,Critical,Treasury Management System,Commercial Banking,Initial Access,Unassigned,True Positive,18,Closed
ALT-902973,2025-05-16 20:07:37,Low,Online Banking Portal,Digital Banking,Lateral Movement,Unassigned,Benign,287,Closed
ALT-902369,2025-05-17 08:42:12,Low,Commercial Loan Platform,Commercial Banking,Command and Control,T. Chen,Benign,307,Closed
ALT-901612,2025-05-17 12:32:40,High,Treasury Management System,Commercial Banking,Initial Access,Unassigned,False Positive,13,Closed
ALT-903811,2025-05-17 17:14:57,Low,Trading Platform,Wealth Management,Lateral Movement,L. Novak,False Positive,64,Closed
ALT-900203,2025-05-17 22:49:55,Low,Online Banking Portal,Digital Banking,Persistence,A. Ramirez,Benign,209,Closed
ALT-900984,2025-05-18 06:05:00,Low,Teller Platform,Retail Banking,Discovery,T. Chen,Benign,153,Closed
ALT-903042,2025-05-18 06:39:56,High,Commercial Loan Platform,Commercial Banking,Defense Evasion,L. Novak,Benign,39,Closed
ALT-903863,2025-05-18 19:09:26,Medium,Document Management System,Mortgage & Lending,Initial Access,S. Okafor,True Positive,141,Closed
ALT-901956,2025-05-18 20:31:43,Low,Customer API Gateway,Digital Banking,Exfiltration,A. Ramirez,False Positive,153,Closed
ALT-902297,2025-05-19 00:47:50,Low,Loan Origination System,Mortgage & Lending,Command and Control,J. Kowalski,Benign,236,Closed
ALT-902344,2025-05-19 07:22:48,Medium,Wire Transfer System,Payments & Cards,Lateral Movement,J. Kowalski,Benign,120,Closed
ALT-904170,2025-05-19 10:02:16,Low,Teller Platform,Retail Banking,Impact,M. Patel,False Positive,153,Closed
ALT-903737,2025-05-19 11:45:52,Medium,Trading Platform,Wealth Management,Persistence,M. Patel,Benign,176,Closed
ALT-901374,2025-05-19 17:44:23,High,Data Warehouse,Corporate IT & Infrastructure,Discovery,M. Patel,True Positive,29,Closed
ALT-901023,2025-05-19 18:46:36,Low,ATM Network,Retail Banking,Command and Control,J. Kowalski,False Positive,305,Closed
ALT-901489,2025-05-20 02:02:20,Low,Document Management System,Mortgage & Lending,Credential Access,T. Chen,False Positive,207,Closed
ALT-900863,2025-05-20 07:09:21,Low,Teller Platform,Retail Banking,Discovery,Unassigned,Benign,67,Closed
ALT-903047,2025-05-20 11:41:27,Low,Active Directory,Corporate IT & Infrastructure,Credential Access,A. Ramirez,Benign,256,Closed
ALT-902448,2025-05-20 15:55:06,Low,Document Management System,Mortgage & Lending,Discovery,Unassigned,Benign,168,Closed
ALT-900560,2025-05-20 16:49:31,Medium,Customer API Gateway,Digital Banking,Collection,T. Chen,Benign,104,Closed
ALT-900722,2025-05-20 18:42:07,Low,Email & Collaboration (O365),Corporate IT & Infrastructure,Impact,J. Kowalski,Benign,286,Closed
ALT-902887,2025-05-20 23:26:41,Medium,Payment Gateway,Payments & Cards,Exfiltration,M. Patel,True Positive,140,Closed
ALT-902206,2025-05-21 02:03:13,Medium,Teller Platform,Retail Banking,Discovery,Unassigned,True Positive,23,Closed
ALT-900291,2025-05-21 03:43:43,Low,Mobile Banking App,Digital Banking,Discovery,A. Ramirez,True Positive,140,Closed
ALT-900077,2025-05-21 03:52:54,Medium,Email & Collaboration (O365),Corporate IT & Infrastructure,Initial Access,M. Patel,False Positive,152,Closed
ALT-902496,2025-05-21 13:30:51,Low,Online Banking Portal,Digital Banking,Initial Access,T. Chen,Benign,192,Closed
ALT-904098,2025-05-21 17:26:05,High,Cloud Workloads (AWS),Corporate IT & Infrastructure,Impact,T. Chen,True Positive,15,Closed
ALT-903906,2025-05-21 19:53:34,Critical,Card Issuance System,Payments & Cards,Execution,L. Novak,True Positive,18,Closed
ALT-902819,2025-05-21 20:57:25,Low,Commercial Loan Platform,Commercial Banking,Initial Access,J. Kowalski,Benign,124,Closed
ALT-904144,2025-05-21 21:09:25,Low,Treasury Management System,Commercial Banking,Execution,M. Patel,True Positive,56,Closed
ALT-901484,2025-05-22 08:43:58,Critical,Commercial Loan Platform,Commercial Banking,Initial Access,A. Ramirez,False Positive,2,Closed
ALT-903364,2025-05-22 14:27:01,Low,Document Management System,Mortgage & Lending,Credential Access,S. Okafor,Benign,270,Closed
ALT-902694,2025-05-22 20:29:15,Medium,Trading Platform,Wealth Management,Collection,M. Patel,False Positive,26,Closed
ALT-901443,2025-05-23 02:47:14,Low,Mobile Banking App,Digital Banking,Execution,J. Kowalski,Benign,17,Closed
ALT-903495,2025-05-23 03:02:09,Low,Email & Collaboration (O365),Corporate IT & Infrastructure,Command and Control,J. Kowalski,Benign,189,Closed
ALT-900016,2025-05-23 08:55:20,High,Teller Platform,Retail Banking,Impact,M. Patel,Benign,57,Closed
ALT-902855,2025-05-23 10:34:50,Medium,Customer API Gateway,Digital Banking,Collection,S. Okafor,False Positive,17,Closed
ALT-901457,2025-05-23 12:39:11,Medium,Payment Gateway,Payments & Cards,Persistence,Unassigned,Benign,129,Closed
ALT-900142,2025-05-23 17:02:41,Low,Treasury Management System,Commercial Banking,Execution,S. Okafor,False Positive,141,Closed
ALT-901736,2025-05-23 23:06:25,Low,Payment Gateway,Payments & Cards,Discovery,S. Okafor,Benign,94,Closed
ALT-901526,2025-05-24 02:03:38,Low,Core Banking System,Retail Banking,Initial Access,L. Novak,True Positive,155,Closed
ALT-900585,2025-05-24 08:23:01,Medium,Wire Transfer System,Payments & Cards,Impact,A. Ramirez,Benign,65,Closed
ALT-902082,2025-05-24 11:41:55,Low,Wealth Management Platform,Wealth Management,Lateral Movement,L. Novak,True Positive,164,Closed
ALT-903219,2025-05-24 12:56:30,High,Card Issuance System,Payments & Cards,Collection,S. Okafor,True Positive,43,Closed
ALT-902033,2025-05-24 15:35:44,Low,Trading Platform,Wealth Management,Privilege Escalation,L. Novak,Benign,30,Closed
ALT-901522,2025-05-24 19:04:03,Low,Wire Transfer System,Payments & Cards,Persistence,A. Ramirez,Benign,72,Closed
ALT-900459,2025-05-24 20:20:58,Low,Commercial Loan Platform,Commercial Banking,Discovery,M. Patel,False Positive,282,Closed
ALT-902100,2025-05-24 20:43:46,Medium,Commercial Loan Platform,Commercial Banking,Impact,M. Patel,Benign,119,Closed
ALT-901520,2025-05-25 10:15:37,Medium,Payment Gateway,Payments & Cards,Exfiltration,L. Novak,True Positive,17,Closed
ALT-903810,2025-05-25 12:05:58,Low,Customer API Gateway,Digital Banking,Lateral Movement,J. Kowalski,False Positive,48,Closed
ALT-902476,2025-05-25 14:45:47,Low,Trading Platform,Wealth Management,Defense Evasion,S. Okafor,False Positive,168,Closed
ALT-900281,2025-05-25 15:15:59,Medium,Loan Origination System,Mortgage & Lending,Lateral Movement,Unassigned,True Positive,93,Closed
ALT-902314,2025-05-26 00:04:39,Medium,Teller Platform,Retail Banking,Execution,L. Novak,True Positive,71,Closed
ALT-900726,2025-05-26 08:32:45,Low,Card Issuance System,Payments & Cards,Credential Access,J. Kowalski,Benign,152,Closed
ALT-903571,2025-05-26 15:15:31,Low,Online Banking Portal,Digital Banking,Collection,S. Okafor,False Positive,320,Closed
ALT-902558,2025-05-26 18:45:47,Medium,Active Directory,Corporate IT & Infrastructure,Impact,L. Novak,Benign,165,Closed
ALT-903901,2025-05-26 19:08:05,Low,Document Management System,Mortgage & Lending,Exfiltration,Unassigned,Benign,125,Closed
ALT-900759,2025-05-26 23:59:20,Medium,Card Issuance System,Payments & Cards,Collection,T. Chen,Benign,42,Closed
ALT-903526,2025-05-27 05:02:58,Medium,Endpoint Fleet,Corporate IT & Infrastructure,Defense Evasion,A. Ramirez,Benign,114,Closed
ALT-900700,2025-05-27 14:00:36,Low,Wire Transfer System,Payments & Cards,Defense Evasion,J. Kowalski,False Positive,92,Closed
ALT-901322,2025-05-27 14:43:00,Low,Customer API Gateway,Digital Banking,Lateral Movement,Unassigned,True Positive,164,Closed
ALT-900827,2025-05-27 15:00:46,Medium,Wire Transfer System,Payments & Cards,Collection,Unassigned,False Positive,64,Closed
ALT-902969,2025-05-27 16:08:16,Critical,Endpoint Fleet,Corporate IT & Infrastructure,Defense Evasion,Unassigned,True Positive,5,Closed
ALT-902055,2025-05-27 17:47:17,Low,ATM Network,Retail Banking,Lateral Movement,Unassigned,Benign,97,Closed
ALT-900569,2025-05-27 20:29:17,Low,Email & Collaboration (O365),Corporate IT & Infrastructure,Impact,M. Patel,Benign,298,Closed
ALT-900380,2025-05-28 06:02:44,Low,Wealth Management Platform,Wealth Management,Lateral Movement,J. Kowalski,False Positive,334,Closed
ALT-904127,2025-05-28 09:10:45,Low,Customer API Gateway,Digital Banking,Privilege Escalation,J. Kowalski,Benign,227,Closed
ALT-904040,2025-05-28 09:51:20,Low,Teller Platform,Retail Banking,Credential Access,A. Ramirez,Benign,126,Closed
ALT-902035,2025-05-28 13:04:28,Low,Commercial Loan Platform,Commercial Banking,Privilege Escalation,T. Chen,Benign,142,Closed
ALT-900959,2025-05-28 13:53:20,Low,Online Banking Portal,Digital Banking,Command and Control,J. Kowalski,Benign,311,Closed
ALT-901525,2025-05-28 20:45:13,Medium,ATM Network,Retail Banking,Initial Access,L. Novak,Benign,116,Closed
ALT-903264,2025-05-29 01:20:25,Low,Payment Gateway,Payments & Cards,Collection,M. Patel,False Positive,272,Closed
ALT-900216,2025-05-29 01:28:07,Medium,Card Issuance System,Payments & Cards,Initial Access,A. Ramirez,False Positive,137,Closed
ALT-902020,2025-05-29 05:09:26,Low,Online Banking Portal,Digital Banking,Privilege Escalation,S. Okafor,False Positive,106,Closed
ALT-901261,2025-05-29 07:50:39,Low,Core Banking System,Retail Banking,Privilege Escalation,S. Okafor,True Positive,180,Closed
ALT-903978,2025-05-29 10:55:36,Low,Online Banking Portal,Digital Banking,Impact,L. Novak,False Positive,182,Closed
ALT-903156,2025-05-29 16:19:26,Low,Commercial Loan Platform,Commercial Banking,Exfiltration,M. Patel,Benign,348,Closed
ALT-901937,2025-05-29 16:58:25,Low,Online Banking Portal,Digital Banking,Defense Evasion,Unassigned,False Positive,171,Closed
ALT-901016,2025-05-29 23:25:27,Low,Commercial Loan Platform,Commercial Banking,Defense Evasion,S. Okafor,Benign,248,Closed
ALT-900495,2025-05-30 06:29:49,Low,Wire Transfer System,Payments & Cards,Initial Access,L. Novak,Benign,165,Closed
ALT-902230,2025-05-30 09:52:13,Medium,ATM Network,Retail Banking,Credential Access,S. Okafor,Benign,38,Closed
ALT-903291,2025-05-30 11:02:37,Low,Online Banking Portal,Digital Banking,Collection,S. Okafor,Benign,69,Closed
ALT-902968,2025-05-30 13:09:58,Low,Core Banking System,Retail Banking,Execution,T. Chen,False Positive,198,Closed
ALT-900828,2025-05-30 19:29:47,Low,Card Issuance System,Payments & Cards,Defense Evasion,J. Kowalski,False Positive,312,Closed
ALT-901865,2025-05-30 19:40:10,Low,Data Warehouse,Corporate IT & Infrastructure,Discovery,J. Kowalski,Benign,330,Closed
ALT-902787,2025-05-31 03:57:39,Low,Mobile Banking App,Digital Banking,Lateral Movement,J. Kowalski,Benign,43,Closed
ALT-903934,2025-05-31 05:06:52,Low,Commercial Loan Platform,Commercial Banking,Persistence,A. Ramirez,Benign,176,Closed
ALT-900508,2025-05-31 12:59:39,Medium,Card Issuance System,Payments & Cards,Execution,A. Ramirez,False Positive,122,Closed
ALT-902457,2025-05-31 14:41:19,Medium,Email & Collaboration (O365),Corporate IT & Infrastructure,Discovery,S. Okafor,False Positive,33,Closed
ALT-901415,2025-06-01 02:20:52,Medium,Loan Origination System,Mortgage & Lending,Persistence,M. Patel,Benign,162,Closed
ALT-903674,2025-06-01 04:36:17,High,Online Banking Portal,Digital Banking,Impact,J. Kowalski,True Positive,54,Closed
ALT-902343,2025-06-01 06:05:06,Medium,Core Banking System,Retail Banking,Discovery,S. Okafor,False Positive,90,Closed
ALT-900043,2025-06-01 08:58:32,Low,Document Management System,Mortgage & Lending,Persistence,M. Patel,Benign,300,Closed
ALT-901287,2025-06-01 09:47:41,Low,Data Warehouse,Corporate IT & Infrastructure,Exfiltration,S. Okafor,Benign,162,Closed
ALT-900589,2025-06-01 16:47:37,Low,Treasury Management System,Commercial Banking,Execution,T. Chen,Benign,208,Closed
ALT-900955,2025-06-01 22:24:54,High,Customer API Gateway,Digital Banking,Execution,J. Kowalski,Benign,19,Closed
ALT-900815,2025-06-02 04:37:23,Medium,Document Management System,Mortgage & Lending,Credential Access,Unassigned,False Positive,92,Closed
ALT-903512,2025-06-02 04:56:16,Medium,Online Banking Portal,Digital Banking,Execution,M. Patel,Benign,64,Closed
ALT-902292,2025-06-02 06:46:45,Medium,Treasury Management System,Commercial Banking,Credential Access,Unassigned,False Positive,78,Closed
ALT-903209,2025-06-02 07:03:29,High,Teller Platform,Retail Banking,Defense Evasion,S. Okafor,True Positive,12,Closed
ALT-903147,2025-06-02 09:39:38,Medium,Online Banking Portal,Digital Banking,Credential Access,T. Chen,Benign,67,Closed
ALT-900311,2025-06-02 15:44:56,Medium,Wealth Management Platform,Wealth Management,Initial Access,A. Ramirez,Benign,76,Closed
ALT-901689,2025-06-02 18:47:47,High,Customer API Gateway,Digital Banking,Execution,A. Ramirez,True Positive,15,Closed
ALT-901617,2025-06-02 22:52:43,Low,Commercial Loan Platform,Commercial Banking,Defense Evasion,M. Patel,Benign,32,Closed
ALT-901452,2025-06-03 02:15:41,High,Customer API Gateway,Digital Banking,Defense Evasion,S. Okafor,Benign,44,Closed
ALT-900211,2025-06-03 03:02:46,Medium,Data Warehouse,Corporate IT & Infrastructure,Initial Access,S. Okafor,False Positive,13,Closed
ALT-901834,2025-06-03 07:59:09,High,Active Directory,Corporate IT & Infrastructure,Execution,S. Okafor,True Positive,21,Closed
ALT-900870,2025-06-03 08:26:09,Medium,Endpoint Fleet,Corporate IT & Infrastructure,Persistence,Unassigned,Benign,81,Closed
ALT-903186,2025-06-03 08:36:16,Low,Document Management System,Mortgage & Lending,Command and Control,J. Kowalski,Benign,163,Closed
ALT-901037,2025-06-04 13:10:41,Medium,ATM Network,Retail Banking,Collection,L. Novak,Benign,67,Closed
ALT-900609,2025-06-04 17:38:14,Low,Wire Transfer System,Payments & Cards,Impact,M. Patel,False Positive,151,Closed
ALT-903453,2025-06-05 05:47:49,Medium,Card Issuance System,Payments & Cards,Discovery,M. Patel,False Positive,132,Closed
ALT-901816,2025-06-06 00:00:53,Low,Card Issuance System,Payments & Cards,Command and Control,M. Patel,False Positive,243,Closed
ALT-903951,2025-06-06 15:24:06,Low,Loan Origination System,Mortgage & Lending,Lateral Movement,L. Novak,False Positive,165,Closed
ALT-901899,2025-06-06 20:56:28,Medium,Online Banking Portal,Digital Banking,Command and Control,M. Patel,True Positive,71,Closed
ALT-903001,2025-06-06 21:52:01,Medium,Active Directory,Corporate IT & Infrastructure,Collection,T. Chen,False Positive,49,Closed
ALT-900633,2025-06-07 06:43:55,Medium,ATM Network,Retail Banking,Lateral Movement,A. Ramirez,Benign,44,Closed
ALT-900072,2025-06-07 12:12:22,High,Mobile Banking App,Digital Banking,Privilege Escalation,M. Patel,True Positive,31,Closed
ALT-903292,2025-06-07 13:36:42,Medium,Document Management System,Mortgage & Lending,Impact,Unassigned,Benign,126,Closed
ALT-904198,2025-06-07 23:29:26,Medium,Customer API Gateway,Digital Banking,Exfiltration,A. Ramirez,Benign,31,Closed
ALT-902861,2025-06-07 23:46:30,High,Document Management System,Mortgage & Lending,Command and Control,Unassigned,False Positive,11,Closed
ALT-902537,2025-06-08 07:59:13,Medium,Active Directory,Corporate IT & Infrastructure,Credential Access,T. Chen,Benign,60,Closed
ALT-902991,2025-06-08 22:26:23,High,Document Management System,Mortgage & Lending,Execution,Unassigned,Benign,19,Closed
ALT-902014,2025-06-09 02:53:21,High,Email & Collaboration (O365),Corporate IT & Infrastructure,Persistence,J. Kowalski,True Positive,14,Closed
ALT-901700,2025-06-09 05:09:13,Medium,Loan Origination System,Mortgage & Lending,Initial Access,L. Novak,Benign,51,Closed
ALT-902036,2025-06-09 12:07:13,Low,Treasury Management System,Commercial Banking,Persistence,T. Chen,False Positive,283,Closed
ALT-901214,2025-06-09 12:21:20,Critical,Commercial Loan Platform,Commercial Banking,Execution,L. Novak,True Positive,4,Closed
ALT-902266,2025-06-09 13:26:25,High,Mobile Banking App,Digital Banking,Command and Control,M. Patel,Benign,23,Closed
ALT-903256,2025-06-09 16:51:31,Low,Active Directory,Corporate IT & Infrastructure,Credential Access,Unassigned,Benign,126,Closed
ALT-901125,2025-06-10 06:45:19,Medium,Card Issuance System,Payments & Cards,Execution,Unassigned,Benign,24,Closed
ALT-900243,2025-06-10 07:24:18,Medium,Wealth Management Platform,Wealth Management,Execution,M. Patel,True Positive,96,Closed
ALT-903471,2025-06-10 14:11:42,Low,Data Warehouse,Corporate IT & Infrastructure,Lateral Movement,S. Okafor,False Positive,306,Closed
ALT-903731,2025-06-10 15:26:03,Medium,Document Management System,Mortgage & Lending,Initial Access,J. Kowalski,Benign,165,Closed
ALT-901447,2025-06-10 17:28:29,Medium,Endpoint Fleet,Corporate IT & Infrastructure,Impact,J. Kowalski,Benign,116,Closed
ALT-901796,2025-06-10 20:49:46,Low,Mobile Banking App,Digital Banking,Defense Evasion,T. Chen,Benign,245,Closed
ALT-903118,2025-06-11 13:51:58,Medium,Wealth Management Platform,Wealth Management,Discovery,Unassigned,Benign,143,Closed
ALT-901848,2025-06-11 15:05:13,Medium,Loan Origination System,Mortgage & Lending,Defense Evasion,J. Kowalski,False Positive,61,Closed
ALT-903235,2025-06-12 01:26:46,Medium,Treasury Management System,Commercial Banking,Defense Evasion,A. Ramirez,True Positive,36,Closed
ALT-902463,2025-06-12 02:50:03,Low,Treasury Management System,Commercial Banking,Credential Access,S. Okafor,Benign,93,Closed
ALT-902220,2025-06-12 06:49:08,Medium,Online Banking Portal,Digital Banking,Execution,Unassigned,True Positive,171,Closed
ALT-901600,2025-06-12 08:05:46,Low,Core Banking System,Retail Banking,Exfiltration,A. Ramirez,Benign,347,Closed
ALT-903655,2025-06-12 08:44:12,Medium,Payment Gateway,Payments & Cards,Credential Access,S. Okafor,False Positive,119,Closed
ALT-901427,2025-06-12 09:48:19,Low,Teller Platform,Retail Banking,Lateral Movement,L. Novak,Benign,263,Closed
ALT-903602,2025-06-12 16:08:59,Low,Cloud Workloads (AWS),Corporate IT & Infrastructure,Execution,Unassigned,False Positive,272,Closed
ALT-900337,2025-06-12 19:04:10,Medium,Wire Transfer System,Payments & Cards,Privilege Escalation,L. Novak,Benign,93,Closed
ALT-901668,2025-06-12 20:24:37,Low,Endpoint Fleet,Corporate IT & Infrastructure,Defense Evasion,J. Kowalski,True Positive,268,Closed
ALT-901780,2025-06-13 01:05:03,Low,Commercial Loan Platform,Commercial Banking,Command and Control,Unassigned,Benign,191,Closed
ALT-902336,2025-06-13 18:37:25,Low,Customer API Gateway,Digital Banking,Command and Control,J. Kowalski,Benign,123,Closed
ALT-900826,2025-06-13 18:54:05,Medium,Active Directory,Corporate IT & Infrastructure,Defense Evasion,A. Ramirez,True Positive,15,Closed
ALT-901726,2025-06-13 19:36:52,Low,Customer API Gateway,Digital Banking,Execution,J. Kowalski,False Positive,283,Closed
ALT-901648,2025-06-13 21:06:02,Low,ATM Network,Retail Banking,Privilege Escalation,Unassigned,False Positive,82,Closed
ALT-903097,2025-06-13 22:05:43,Low,Payment Gateway,Payments & Cards,Credential Access,T. Chen,True Positive,348,Closed
ALT-903016,2025-06-14 01:02:08,Medium,Core Banking System,Retail Banking,Collection,L. Novak,Benign,94,Closed
ALT-901835,2025-06-14 01:12:28,Low,Card Issuance System,Payments & Cards,Persistence,J. Kowalski,False Positive,199,Closed
ALT-900653,2025-06-14 03:04:31,Medium,Core Banking System,Retail Banking,Discovery,L. Novak,True Positive,59,Closed
ALT-902734,2025-06-14 08:22:32,Low,Data Warehouse,Corporate IT & Infrastructure,Credential Access,M. Patel,False Positive,194,Closed
ALT-902432,2025-06-14 14:26:45,Low,Wealth Management Platform,Wealth Management,Persistence,Unassigned,Benign,47,Closed
ALT-900563,2025-06-14 14:49:45,High,Wire Transfer System,Payments & Cards,Lateral Movement,J. Kowalski,Benign,23,Closed
ALT-901156,2025-06-14 15:40:29,Low,Mobile Banking App,Digital Banking,Initial Access,Unassigned,False Positive,24,Closed
ALT-900005,2025-06-14 18:00:13,Low,Core Banking System,Retail Banking,Defense Evasion,M. Patel,Benign,69,Closed
ALT-900029,2025-06-15 01:08:35,Medium,Commercial Loan Platform,Commercial Banking,Credential Access,J. Kowalski,False Positive,68,Closed
ALT-902054,2025-06-15 01:51:39,Medium,Trading Platform,Wealth Management,Collection,Unassigned,False Positive,159,Closed
ALT-902117,2025-06-15 03:27:26,High,Customer API Gateway,Digital Banking,Privilege Escalation,J. Kowalski,False Positive,35,Closed
ALT-903179,2025-06-15 03:41:34,Medium,Treasury Management System,Commercial Banking,Discovery,T. Chen,Benign,172,Closed
ALT-903104,2025-06-15 06:35:56,High,Wealth Management Platform,Wealth Management,Impact,J. Kowalski,Benign,24,Closed
ALT-901002,2025-06-15 09:03:06,High,ATM Network,Retail Banking,Discovery,T. Chen,Benign,46,Closed
ALT-900109,2025-06-15 11:59:52,Low,Active Directory,Corporate IT & Infrastructure,Initial Access,S. Okafor,False Positive,308,Closed
ALT-901361,2025-06-15 15:34:23,Low,Trading Platform,Wealth Management,Persistence,S. Okafor,False Positive,103,Closed
ALT-903983,2025-06-15 17:14:14,Low,Payment Gateway,Payments & Cards,Exfiltration,L. Novak,True Positive,75,Closed
ALT-903019,2025-06-15 23:31:10,Low,Data Warehouse,Corporate IT & Infrastructure,Execution,Unassigned,False Positive,92,Closed
ALT-900301,2025-06-15 23:50:29,Low,Wealth Management Platform,Wealth Management,Persistence,M. Patel,False Positive,143,Closed
ALT-903910,2025-06-16 04:18:35,Critical,Payment Gateway,Payments & Cards,Discovery,T. Chen,Benign,29,Closed
ALT-900749,2025-06-16 13:15:44,Low,Email & Collaboration (O365),Corporate IT & Infrastructure,Exfiltration,T. Chen,False Positive,242,Closed
ALT-903005,2025-06-16 13:54:15,Medium,Document Management System,Mortgage & Lending,Impact,Unassigned,Benign,62,Closed
ALT-901150,2025-06-16 20:58:42,Medium,Email & Collaboration (O365),Corporate IT & Infrastructure,Credential Access,L. Novak,False Positive,29,Closed
ALT-903539,2025-06-16 21:45:19,High,Document Management System,Mortgage & Lending,Collection,Unassigned,True Positive,19,Closed
ALT-903431,2025-06-17 01:58:24,Medium,Cloud Workloads (AWS),Corporate IT & Infrastructure,Initial Access,T. Chen,False Positive,127,Closed
ALT-902775,2025-06-17 17:17:48,Low,ATM Network,Retail Banking,Defense Evasion,T. Chen,Benign,111,Closed
ALT-901040,2025-06-18 06:02:30,Medium,Trading Platform,Wealth Management,Credential Access,L. Novak,Benign,94,Closed
ALT-901803,2025-06-18 07:32:47,Low,Wealth Management Platform,Wealth Management,Discovery,L. Novak,False Positive,118,Closed
ALT-903413,2025-06-18 13:45:23,Low,Email & Collaboration (O365),Corporate IT & Infrastructure,Credential Access,S. Okafor,Benign,234,Closed
ALT-904056,2025-06-18 15:54:00,Medium,Mobile Banking App,Digital Banking,Initial Access,Unassigned,False Positive,59,Closed
ALT-900027,2025-06-19 07:37:59,Medium,Mobile Banking App,Digital Banking,Persistence,M. Patel,Benign,145,Closed
ALT-902715,2025-06-19 11:21:17,Medium,Wire Transfer System,Payments & Cards,Collection,J. Kowalski,Benign,35,Closed
ALT-900398,2025-06-19 15:45:25,Medium,Commercial Loan Platform,Commercial Banking,Credential Access,A. Ramirez,Benign,91,Closed
ALT-900612,2025-06-20 14:40:37,Low,Data Warehouse,Corporate IT & Infrastructure,Impact,L. Novak,Benign,188,Closed
ALT-902472,2025-06-20 18:35:08,Medium,Wealth Management Platform,Wealth Management,Exfiltration,T. Chen,False Positive,129,Closed
ALT-901449,2025-06-20 19:03:36,Low,Loan Origination System,Mortgage & Lending,Command and Control,M. Patel,True Positive,339,Closed
ALT-901311,2025-06-20 19:29:02,Medium,Trading Platform,Wealth Management,Persistence,J. Kowalski,False Positive,14,Closed
ALT-903790,2025-06-21 01:19:07,Medium,Teller Platform,Retail Banking,Command and Control,A. Ramirez,Benign,110,Closed
ALT-901587,2025-06-21 02:31:35,Low,Cloud Workloads (AWS),Corporate IT & Infrastructure,Discovery,M. Patel,False Positive,221,Closed
ALT-902465,2025-06-21 04:10:39,Medium,Commercial Loan Platform,Commercial Banking,Persistence,T. Chen,Benign,128,Closed
ALT-903499,2025-06-21 10:34:26,Critical,Commercial Loan Platform,Commercial Banking,Defense Evasion,T. Chen,False Positive,23,Closed
ALT-900887,2025-06-21 17:41:51,Medium,Online Banking Portal,Digital Banking,Defense Evasion,A. Ramirez,False Positive,77,Closed
ALT-902495,2025-06-21 21:53:44,Low,Payment Gateway,Payments & Cards,Defense Evasion,M. Patel,Benign,285,Closed
ALT-901923,2025-06-22 04:05:08,Low,Loan Origination System,Mortgage & Lending,Defense Evasion,J. Kowalski,False Positive,195,Closed
ALT-901450,2025-06-22 05:55:07,Low,Email & Collaboration (O365),Corporate IT & Infrastructure,Impact,A. Ramirez,Benign,342,Closed
ALT-904021,2025-06-22 08:56:01,Medium,Card Issuance System,Payments & Cards,Lateral Movement,S. Okafor,True Positive,144,Closed
ALT-900367,2025-06-22 09:29:22,Medium,Wire Transfer System,Payments & Cards,Discovery,S. Okafor,False Positive,162,Closed
ALT-902404,2025-06-22 14:08:11,Low,Wire Transfer System,Payments & Cards,Exfiltration,M. Patel,False Positive,176,Closed
ALT-902946,2025-06-22 16:37:19,Low,Payment Gateway,Payments & Cards,Defense Evasion,A. Ramirez,False Positive,163,Closed
ALT-901362,2025-06-22 16:43:30,Medium,Wire Transfer System,Payments & Cards,Exfiltration,L. Novak,Benign,135,Closed
ALT-900710,2025-06-22 21:06:35,Low,Teller Platform,Retail Banking,Initial Access,J. Kowalski,Benign,230,Closed
ALT-900763,2025-06-23 05:20:49,High,Mobile Banking App,Digital Banking,Credential Access,T. Chen,False Positive,53,Closed
ALT-900850,2025-06-23 20:56:27,High,Customer API Gateway,Digital Banking,Privilege Escalation,Unassigned,False Positive,51,Closed
ALT-900772,2025-06-24 01:46:33,Medium,ATM Network,Retail Banking,Initial Access,A. Ramirez,False Positive,39,Closed
ALT-901786,2025-06-24 01:49:37,Low,Wire Transfer System,Payments & Cards,Persistence,J. Kowalski,False Positive,241,Closed
ALT-903206,2025-06-24 01:59:44,Low,Loan Origination System,Mortgage & Lending,Collection,T. Chen,False Positive,37,Closed
ALT-900627,2025-06-24 06:35:35,Medium,Treasury Management System,Commercial Banking,Privilege Escalation,M. Patel,False Positive,173,Closed
ALT-901030,2025-06-24 09:19:18,Medium,Wire Transfer System,Payments & Cards,Privilege Escalation,Unassigned,Benign,128,Closed
ALT-900391,2025-06-24 15:56:30,Medium,Wire Transfer System,Payments & Cards,Persistence,T. Chen,Benign,13,Closed
ALT-900983,2025-06-24 17:43:01,Low,Online Banking Portal,Digital Banking,Lateral Movement,T. Chen,Benign,54,Closed
ALT-900303,2025-06-24 23:01:09,Low,Mobile Banking App,Digital Banking,Collection,M. Patel,False Positive,238,Closed
ALT-903029,2025-06-25 17:05:10,High,Cloud Workloads (AWS),Corporate IT & Infrastructure,Collection,S. Okafor,Benign,36,Closed
ALT-903422,2025-06-25 19:25:28,Medium,Treasury Management System,Commercial Banking,Impact,J. Kowalski,False Positive,156,Closed
ALT-900539,2025-06-25 19:48:34,Medium,Payment Gateway,Payments & Cards,Collection,T. Chen,Benign,157,Closed
ALT-901493,2025-06-25 21:46:49,Low,Document Management System,Mortgage & Lending,Privilege Escalation,J. Kowalski,Benign,108,Closed
ALT-903208,2025-06-26 01:30:42,Medium,Email & Collaboration (O365),Corporate IT & Infrastructure,Lateral Movement,T. Chen,Benign,168,Closed
ALT-901567,2025-06-26 01:54:33,Low,Treasury Management System,Commercial Banking,Privilege Escalation,J. Kowalski,True Positive,45,Closed
ALT-902290,2025-06-26 04:32:16,Low,Wire Transfer System,Payments & Cards,Lateral Movement,J. Kowalski,Benign,271,Closed
ALT-901825,2025-06-26 05:50:32,Low,Loan Origination System,Mortgage & Lending,Privilege Escalation,T. Chen,False Positive,331,Closed
ALT-902899,2025-06-26 07:33:35,Medium,Customer API Gateway,Digital Banking,Initial Access,J. Kowalski,Benign,15,Closed
ALT-902188,2025-06-26 08:33:02,Low,Endpoint Fleet,Corporate IT & Infrastructure,Execution,L. Novak,Benign,46,Closed
ALT-900845,2025-06-26 09:02:16,Medium,Core Banking System,Retail Banking,Collection,M. Patel,Benign,41,Closed
ALT-900277,2025-06-26 14:45:20,Medium,Trading Platform,Wealth Management,Lateral Movement,Unassigned,Benign,126,Closed
ALT-900820,2025-06-26 15:51:13,Medium,Customer API Gateway,Digital Banking,Collection,Unassigned,Benign,30,Closed
ALT-902622,2025-06-26 16:24:03,Critical,Payment Gateway,Payments & Cards,Impact,A. Ramirez,True Positive,5,Closed
ALT-900632,2025-06-26 20:02:38,Medium,ATM Network,Retail Banking,Command and Control,T. Chen,Benign,80,Closed
ALT-903078,2025-06-26 20:05:51,Low,Active Directory,Corporate IT & Infrastructure,Lateral Movement,L. Novak,True Positive,259,Closed
ALT-903456,2025-06-26 23:53:52,Low,Treasury Management System,Commercial Banking,Defense Evasion,T. Chen,Benign,205,Closed
ALT-900917,2025-06-27 01:22:29,Critical,Payment Gateway,Payments & Cards,Lateral Movement,S. Okafor,True Positive,26,Closed
ALT-904125,2025-06-27 07:10:45,Medium,Treasury Management System,Commercial Banking,Command and Control,A. Ramirez,Benign,35,Closed
ALT-900248,2025-06-27 07:48:22,Low,Customer API Gateway,Digital Banking,Credential Access,Unassigned,Benign,345,Closed
ALT-902888,2025-06-27 10:40:53,Medium,Trading Platform,Wealth Management,Lateral Movement,A. Ramirez,Benign,111,Closed
ALT-900213,2025-06-27 11:38:27,Critical,Treasury Management System,Commercial Banking,Defense Evasion,M. Patel,True Positive,17,Closed
ALT-902555,2025-06-27 13:44:28,High,Customer API Gateway,Digital Banking,Defense Evasion,M. Patel,Benign,40,Closed
ALT-901281,2025-06-27 14:20:01,Low,Wire Transfer System,Payments & Cards,Lateral Movement,L. Novak,Benign,170,Closed
ALT-902530,2025-06-27 16:30:50,High,Card Issuance System,Payments & Cards,Lateral Movement,L. Novak,True Positive,7,Closed
ALT-900279,2025-06-27 16:42:08,Low,Card Issuance System,Payments & Cards,Impact,Unassigned,Benign,195,Closed
ALT-900715,2025-06-27 17:28:43,Low,Email & Collaboration (O365),Corporate IT & Infrastructure,Initial Access,M. Patel,Benign,84,Closed
ALT-900606,2025-06-27 20:15:24,Medium,Teller Platform,Retail Banking,Exfiltration,T. Chen,False Positive,47,Closed
ALT-900855,2025-06-28 04:48:45,Medium,Cloud Workloads (AWS),Corporate IT & Infrastructure,Defense Evasion,L. Novak,False Positive,150,Closed
ALT-901790,2025-06-28 05:25:21,Low,Wire Transfer System,Payments & Cards,Lateral Movement,A. Ramirez,False Positive,62,Closed
ALT-901410,2025-06-28 12:47:05,Low,Core Banking System,Retail Banking,Impact,T. Chen,Benign,137,Closed
ALT-900267,2025-06-28 17:07:54,Low,Treasury Management System,Commercial Banking,Command and Control,J. Kowalski,Benign,102,Closed
ALT-903122,2025-06-28 22:28:02,Medium,Payment Gateway,Payments & Cards,Impact,L. Novak,False Positive,73,Closed
ALT-900879,2025-06-29 01:57:19,Low,ATM Network,Retail Banking,Lateral Movement,M. Patel,False Positive,84,Closed
ALT-903697,2025-06-29 07:01:33,Low,Active Directory,Corporate IT & Infrastructure,Initial Access,L. Novak,False Positive,54,Closed
ALT-901514,2025-06-29 07:13:51,Low,Teller Platform,Retail Banking,Impact,L. Novak,False Positive,130,Closed
ALT-901077,2025-06-29 09:22:10,Medium,Trading Platform,Wealth Management,Privilege Escalation,Unassigned,True Positive,65,Closed
ALT-903641,2025-06-29 14:46:10,Low,Email & Collaboration (O365),Corporate IT & Infrastructure,Command and Control,Unassigned,True Positive,125,Closed
ALT-902417,2025-06-29 22:13:50,High,Mobile Banking App,Digital Banking,Command and Control,A. Ramirez,Benign,22,Closed
ALT-900909,2025-06-30 01:41:52,Medium,Online Banking Portal,Digital Banking,Defense Evasion,L. Novak,Benign,45,Closed
ALT-903093,2025-06-30 02:46:03,Low,Customer API Gateway,Digital Banking,Discovery,A. Ramirez,True Positive,337,Closed
ALT-903124,2025-06-30 03:22:58,Medium,Customer API Gateway,Digital Banking,Lateral Movement,T. Chen,Benign,134,Closed
ALT-902218,2025-06-30 05:32:56,High,Customer API Gateway,Digital Banking,Discovery,Unassigned,Benign,59,Closed
ALT-900692,2025-06-30 12:51:37,Medium,Core Banking System,Retail Banking,Discovery,L. Novak,False Positive,49,Closed
ALT-900366,2025-06-30 17:51:15,Low,Cloud Workloads (AWS),Corporate IT & Infrastructure,Lateral Movement,M. Patel,Benign,32,Closed
ALT-900660,2025-06-30 19:14:44,Medium,Treasury Management System,Commercial Banking,Credential Access,Unassigned,Benign,130,Closed
ALT-900274,2025-07-01 02:58:53,Low,Core Banking System,Retail Banking,Persistence,M. Patel,Benign,99,Closed
ALT-900415,2025-07-01 11:01:23,Low,Teller Platform,Retail Banking,Collection,M. Patel,Benign,199,Closed
ALT-902671,2025-07-01 12:12:43,Low,Loan Origination System,Mortgage & Lending,Impact,Unassigned,Benign,333,Closed
ALT-901676,2025-07-01 19:39:16,Low,Wealth Management Platform,Wealth Management,Collection,A. Ramirez,Benign,113,Closed
ALT-900442,2025-07-02 02:04:37,Medium,Commercial Loan Platform,Commercial Banking,Command and Control,A. Ramirez,False Positive,69,Closed
ALT-900351,2025-07-02 04:23:54,Medium,Card Issuance System,Payments & Cards,Command and Control,A. Ramirez,False Positive,72,Closed
ALT-903701,2025-07-02 05:49:22,High,ATM Network,Retail Banking,Command and Control,T. Chen,Benign,55,Closed
ALT-900283,2025-07-02 05:54:07,Medium,Mobile Banking App,Digital Banking,Command and Control,J. Kowalski,False Positive,167,Closed
ALT-900942,2025-07-02 17:52:28,Medium,Wire Transfer System,Payments & Cards,Initial Access,J. Kowalski,Benign,82,Closed
ALT-902390,2025-07-02 20:29:03,Medium,Wealth Management Platform,Wealth Management,Execution,J. Kowalski,Benign,125,Closed
ALT-901456,2025-07-02 21:13:35,Low,Treasury Management System,Commercial Banking,Initial Access,L. Novak,Benign,107,Closed
ALT-902721,2025-07-03 02:55:35,Low,Treasury Management System,Commercial Banking,Command and Control,L. Novak,False Positive,315,Closed
ALT-904191,2025-07-03 05:45:21,Low,Payment Gateway,Payments & Cards,Command and Control,A. Ramirez,False Positive,200,Closed
ALT-902665,2025-07-03 07:49:58,Low,Trading Platform,Wealth Management,Credential Access,L. Novak,False Positive,287,Closed
ALT-901894,2025-07-03 10:02:29,Medium,Endpoint Fleet,Corporate IT & Infrastructure,Collection,S. Okafor,False Positive,67,Closed
ALT-900659,2025-07-03 19:24:46,Low,Customer API Gateway,Digital Banking,Exfiltration,J. Kowalski,True Positive,178,Closed
ALT-901027,2025-07-03 22:13:19,Low,Treasury Management System,Commercial Banking,Exfiltration,S. Okafor,Benign,181,Closed
ALT-902557,2025-07-03 22:36:40,Low,Wealth Management Platform,Wealth Management,Exfiltration,J. Kowalski,Benign,68,Closed
ALT-903646,2025-07-04 01:09:04,Low,Online Banking Portal,Digital Banking,Initial Access,Unassigned,Benign,53,Closed
ALT-901784,2025-07-04 04:37:29,Medium,Card Issuance System,Payments & Cards,Lateral Movement,T. Chen,False Positive,44,Closed
ALT-900788,2025-07-04 08:14:11,Low,Active Directory,Corporate IT & Infrastructure,Command and Control,S. Okafor,Benign,198,Closed
ALT-900340,2025-07-04 18:24:26,Low,Payment Gateway,Payments & Cards,Collection,S. Okafor,Benign,117,Closed
ALT-901762,2025-07-05 00:23:10,Medium,Payment Gateway,Payments & Cards,Lateral Movement,Unassigned,False Positive,57,Closed
ALT-903606,2025-07-05 03:01:14,Low,Email & Collaboration (O365),Corporate IT & Infrastructure,Impact,S. Okafor,Benign,206,Closed
ALT-901594,2025-07-05 08:11:48,Medium,Loan Origination System,Mortgage & Lending,Credential Access,L. Novak,Benign,61,Closed
ALT-900298,2025-07-05 09:06:23,Medium,Customer API Gateway,Digital Banking,Initial Access,T. Chen,False Positive,107,Closed
ALT-902870,2025-07-05 09:09:06,Low,Card Issuance System,Payments & Cards,Command and Control,M. Patel,False Positive,241,Closed
ALT-900485,2025-07-05 11:07:23,Medium,Data Warehouse,Corporate IT & Infrastructure,Command and Control,L. Novak,False Positive,134,Closed
ALT-902656,2025-07-05 11:51:35,High,Payment Gateway,Payments & Cards,Privilege Escalation,M. Patel,True Positive,42,Closed
ALT-900908,2025-07-05 12:53:35,Low,Core Banking System,Retail Banking,Impact,J. Kowalski,False Positive,210,Closed
ALT-904100,2025-07-05 13:40:13,High,Mobile Banking App,Digital Banking,Defense Evasion,L. Novak,False Positive,22,Closed
ALT-902070,2025-07-05 15:46:22,Medium,Cloud Workloads (AWS),Corporate IT & Infrastructure,Defense Evasion,T. Chen,Benign,61,Closed
ALT-901262,2025-07-05 16:00:09,Low,Loan Origination System,Mortgage & Lending,Credential Access,M. Patel,False Positive,213,Closed
ALT-902748,2025-07-05 17:58:41,Medium,Data Warehouse,Corporate IT & Infrastructure,Privilege Escalation,T. Chen,False Positive,35,Closed
ALT-904032,2025-07-06 00:56:41,Low,Mobile Banking App,Digital Banking,Exfiltration,M. Patel,Benign,16,Closed
ALT-904006,2025-07-06 02:11:00,Low,Treasury Management System,Commercial Banking,Privilege Escalation,J. Kowalski,Benign,43,Closed
ALT-901383,2025-07-06 04:10:50,Medium,Treasury Management System,Commercial Banking,Lateral Movement,A. Ramirez,False Positive,73,Closed
ALT-903077,2025-07-06 04:37:10,Medium,Treasury Management System,Commercial Banking,Privilege Escalation,T. Chen,False Positive,59,Closed
ALT-903215,2025-07-06 07:43:13,High,Data Warehouse,Corporate IT & Infrastructure,Discovery,M. Patel,False Positive,50,Closed
ALT-901618,2025-07-06 09:21:30,Low,Card Issuance System,Payments & Cards,Impact,L. Novak,False Positive,117,Closed
ALT-900427,2025-07-06 16:31:09,Low,Email & Collaboration (O365),Corporate IT & Infrastructure,Command and Control,S. Okafor,False Positive,53,Closed
ALT-901434,2025-07-06 18:31:45,Medium,Trading Platform,Wealth Management,Credential Access,A. Ramirez,Benign,119,Closed
ALT-902170,2025-07-07 01:21:08,Medium,Endpoint Fleet,Corporate IT & Infrastructure,Exfiltration,J. Kowalski,Benign,70,Closed
ALT-900162,2025-07-07 04:24:31,Medium,Card Issuance System,Payments & Cards,Execution,Unassigned,Benign,141,Closed
ALT-902983,2025-07-07 08:03:06,Medium,Commercial Loan Platform,Commercial Banking,Lateral Movement,S. Okafor,False Positive,176,Closed
ALT-902468,2025-07-07 13:06:14,Medium,Card Issuance System,Payments & Cards,Privilege Escalation,T. Chen,Benign,153,Closed
ALT-903558,2025-07-07 21:19:29,Medium,Active Directory,Corporate IT & Infrastructure,Impact,Unassigned,False Positive,34,Closed
ALT-901686,2025-07-08 05:18:10,Low,Teller Platform,Retail Banking,Execution,Unassigned,False Positive,172,Closed
ALT-901467,2025-07-08 10:27:37,Low,Core Banking System,Retail Banking,Credential Access,L. Novak,False Positive,199,Closed
ALT-900090,2025-07-08 17:52:50,Low,Commercial Loan Platform,Commercial Banking,Privilege Escalation,A. Ramirez,Benign,118,Closed
ALT-903211,2025-07-08 19:45:42,Medium,Online Banking Portal,Digital Banking,Initial Access,L. Novak,False Positive,49,Closed
ALT-904033,2025-07-09 00:04:04,Medium,Loan Origination System,Mortgage & Lending,Impact,S. Okafor,Benign,50,Closed
ALT-900505,2025-07-09 08:08:36,Low,Endpoint Fleet,Corporate IT & Infrastructure,Execution,M. Patel,Benign,296,Closed
ALT-904055,2025-07-09 11:23:17,Low,Active Directory,Corporate IT & Infrastructure,Lateral Movement,A. Ramirez,Benign,265,Closed
ALT-903734,2025-07-09 12:48:45,Medium,Endpoint Fleet,Corporate IT & Infrastructure,Credential Access,A. Ramirez,Benign,162,Closed
ALT-900598,2025-07-09 13:07:36,Medium,Loan Origination System,Mortgage & Lending,Persistence,L. Novak,False Positive,160,Closed
ALT-901471,2025-07-09 13:19:30,Low,Wire Transfer System,Payments & Cards,Collection,A. Ramirez,False Positive,284,Closed
ALT-902375,2025-07-09 21:52:51,Medium,Online Banking Portal,Digital Banking,Collection,T. Chen,False Positive,144,Closed
ALT-900518,2025-07-10 09:02:20,Medium,ATM Network,Retail Banking,Lateral Movement,A. Ramirez,Benign,140,Closed
ALT-902941,2025-07-10 13:20:00,Low,Data Warehouse,Corporate IT & Infrastructure,Persistence,J. Kowalski,False Positive,104,Closed
ALT-903412,2025-07-10 15:49:41,Critical,Treasury Management System,Commercial Banking,Defense Evasion,J. Kowalski,True Positive,29,Closed
ALT-902725,2025-07-10 20:47:35,Low,Email & Collaboration (O365),Corporate IT & Infrastructure,Initial Access,Unassigned,False Positive,226,Closed
ALT-903310,2025-07-10 22:31:15,Medium,Core Banking System,Retail Banking,Initial Access,A. Ramirez,Benign,108,Closed
ALT-901976,2025-07-11 10:08:32,Medium,Commercial Loan Platform,Commercial Banking,Execution,S. Okafor,False Positive,104,Closed
ALT-903747,2025-07-11 17:06:02,Medium,Mobile Banking App,Digital Banking,Initial Access,S. Okafor,False Positive,84,Closed
ALT-900683,2025-07-11 18:03:36,High,Card Issuance System,Payments & Cards,Execution,S. Okafor,True Positive,58,Closed
ALT-903868,2025-07-11 19:42:45,Low,Endpoint Fleet,Corporate IT & Infrastructure,Impact,M. Patel,True Positive,118,Closed
ALT-902933,2025-07-12 02:07:32,Medium,Mobile Banking App,Digital Banking,Lateral Movement,T. Chen,Benign,45,Closed
ALT-902099,2025-07-12 02:55:41,Medium,Payment Gateway,Payments & Cards,Command and Control,Unassigned,False Positive,127,Closed
ALT-901933,2025-07-12 07:45:29,Medium,Cloud Workloads (AWS),Corporate IT & Infrastructure,Impact,T. Chen,False Positive,95,Closed
ALT-902083,2025-07-12 16:24:37,Low,Card Issuance System,Payments & Cards,Defense Evasion,M. Patel,False Positive,192,Closed
ALT-902353,2025-07-12 16:26:57,Low,ATM Network,Retail Banking,Initial Access,M. Patel,Benign,306,Closed
ALT-903339,2025-07-12 21:24:30,High,Commercial Loan Platform,Commercial Banking,Impact,M. Patel,Benign,15,Closed
ALT-901151,2025-07-13 03:39:32,Medium,Online Banking Portal,Digital Banking,Lateral Movement,T. Chen,Benign,24,Closed
ALT-901395,2025-07-13 07:05:11,Low,Customer API Gateway,Digital Banking,Lateral Movement,S. Okafor,True Positive,153,Closed
ALT-902542,2025-07-13 12:29:34,Low,Commercial Loan Platform,Commercial Banking,Credential Access,J. Kowalski,False Positive,45,Closed
ALT-900053,2025-07-13 21:23:46,Medium,Customer API Gateway,Digital Banking,Persistence,M. Patel,Benign,117,Closed
ALT-902948,2025-07-13 23:16:35,Medium,Treasury Management System,Commercial Banking,Defense Evasion,M. Patel,False Positive,129,Closed
ALT-903433,2025-07-14 00:44:55,Medium,Commercial Loan Platform,Commercial Banking,Privilege Escalation,S. Okafor,False Positive,19,Closed
ALT-900404,2025-07-14 02:48:29,Medium,Data Warehouse,Corporate IT & Infrastructure,Collection,L. Novak,Benign,44,Closed
ALT-903061,2025-07-14 09:02:06,Medium,ATM Network,Retail Banking,Execution,Unassigned,Benign,136,Closed
ALT-900545,2025-07-14 23:06:41,Low,Active Directory,Corporate IT & Infrastructure,Persistence,J. Kowalski,False Positive,24,Closed
ALT-900525,2025-07-15 01:12:48,Low,Customer API Gateway,Digital Banking,Initial Access,S. Okafor,Benign,207,Closed
ALT-903423,2025-07-15 04:21:58,Medium,Teller Platform,Retail Banking,Initial Access,S. Okafor,False Positive,71,Closed
ALT-903857,2025-07-15 07:02:12,Low,Customer API Gateway,Digital Banking,Credential Access,A. Ramirez,True Positive,321,Closed
ALT-902702,2025-07-15 13:51:29,Medium,Endpoint Fleet,Corporate IT & Infrastructure,Persistence,T. Chen,Benign,11,Closed
ALT-903836,2025-07-15 18:31:23,Medium,Payment Gateway,Payments & Cards,Command and Control,Unassigned,True Positive,114,Closed
ALT-904176,2025-07-15 22:46:24,Medium,Commercial Loan Platform,Commercial Banking,Exfiltration,A. Ramirez,Benign,57,Closed
ALT-903824,2025-07-16 00:50:46,Low,Mobile Banking App,Digital Banking,Collection,L. Novak,Benign,360,Closed
ALT-901652,2025-07-16 01:49:31,Medium,Customer API Gateway,Digital Banking,Initial Access,J. Kowalski,Benign,158,Closed
ALT-904052,2025-07-16 02:00:51,Low,Trading Platform,Wealth Management,Command and Control,A. Ramirez,Benign,358,Closed
ALT-901351,2025-07-16 02:56:13,High,Cloud Workloads (AWS),Corporate IT & Infrastructure,Exfiltration,T. Chen,Benign,8,Closed
ALT-902379,2025-07-16 04:23:50,Low,Loan Origination System,Mortgage & Lending,Initial Access,A. Ramirez,Benign,161,Closed
ALT-900858,2025-07-16 07:51:27,Low,Online Banking Portal,Digital Banking,Impact,M. Patel,False Positive,81,Closed
ALT-902282,2025-07-16 09:03:43,Low,Wealth Management Platform,Wealth Management,Lateral Movement,T. Chen,False Positive,161,Closed
ALT-903283,2025-07-16 14:24:29,Medium,Active Directory,Corporate IT & Infrastructure,Credential Access,S. Okafor,False Positive,112,Closed
ALT-901323,2025-07-16 15:16:31,Medium,Trading Platform,Wealth Management,Initial Access,T. Chen,Benign,50,Closed
ALT-903387,2025-07-16 16:17:25,Low,Commercial Loan Platform,Commercial Banking,Exfiltration,A. Ramirez,Benign,223,Closed
ALT-901928,2025-07-16 17:13:16,Low,Wealth Management Platform,Wealth Management,Privilege Escalation,T. Chen,False Positive,192,Closed
ALT-901614,2025-07-17 06:35:02,Low,Email & Collaboration (O365),Corporate IT & Infrastructure,Discovery,T. Chen,False Positive,247,Closed
ALT-900926,2025-07-17 14:44:44,Low,Core Banking System,Retail Banking,Impact,A. Ramirez,False Positive,301,Closed
ALT-901061,2025-07-17 16:30:54,Medium,Trading Platform,Wealth Management,Exfiltration,Unassigned,False Positive,111,Closed
ALT-903931,2025-07-17 23:29:58,Medium,Loan Origination System,Mortgage & Lending,Execution,Unassigned,Benign,61,Closed
ALT-900118,2025-07-18 02:43:26,Medium,Card Issuance System,Payments & Cards,Credential Access,M. Patel,Benign,143,Closed
ALT-901161,2025-07-18 04:22:06,Low,Online Banking Portal,Digital Banking,Lateral Movement,M. Patel,False Positive,339,Closed
ALT-900469,2025-07-18 17:07:02,Medium,Endpoint Fleet,Corporate IT & Infrastructure,Impact,J. Kowalski,Benign,34,Closed
ALT-902487,2025-07-18 19:35:24,Medium,Customer API Gateway,Digital Banking,Credential Access,J. Kowalski,False Positive,166,Closed
ALT-900511,2025-07-18 21:21:37,Low,Endpoint Fleet,Corporate IT & Infrastructure,Exfiltration,T. Chen,Benign,177,Closed
ALT-903468,2025-07-19 00:06:57,Low,Commercial Loan Platform,Commercial Banking,Initial Access,J. Kowalski,False Positive,281,Closed
ALT-900867,2025-07-19 01:18:48,High,Mobile Banking App,Digital Banking,Lateral Movement,J. Kowalski,False Positive,8,Closed
ALT-901820,2025-07-19 08:59:03,Low,Card Issuance System,Payments & Cards,Initial Access,S. Okafor,False Positive,215,Closed
ALT-901091,2025-07-19 20:11:02,Medium,Active Directory,Corporate IT & Infrastructure,Exfiltration,M. Patel,False Positive,134,Closed
ALT-900577,2025-07-20 04:11:08,Medium,Loan Origination System,Mortgage & Lending,Execution,T. Chen,Benign,177,Closed
ALT-903970,2025-07-20 07:19:21,Medium,Treasury Management System,Commercial Banking,Lateral Movement,L. Novak,Benign,40,Closed
ALT-902629,2025-07-20 09:26:17,Medium,Core Banking System,Retail Banking,Lateral Movement,Unassigned,Benign,158,Closed
ALT-902587,2025-07-20 13:15:38,Medium,Core Banking System,Retail Banking,Privilege Escalation,S. Okafor,Benign,103,Closed
ALT-903018,2025-07-20 16:29:21,Low,Commercial Loan Platform,Commercial Banking,Execution,A. Ramirez,Benign,30,Closed
ALT-901861,2025-07-20 22:41:03,High,Wealth Management Platform,Wealth Management,Initial Access,L. Novak,False Positive,17,Closed
ALT-902451,2025-07-21 05:15:25,Medium,Loan Origination System,Mortgage & Lending,Execution,J. Kowalski,False Positive,129,Closed
ALT-902338,2025-07-21 06:25:05,High,Online Banking Portal,Digital Banking,Discovery,S. Okafor,Benign,5,Closed
ALT-900976,2025-07-21 09:24:39,Medium,Document Management System,Mortgage & Lending,Initial Access,Unassigned,Benign,79,Closed
ALT-902575,2025-07-21 10:16:07,Medium,Wealth Management Platform,Wealth Management,Lateral Movement,S. Okafor,Benign,126,Closed
ALT-903675,2025-07-21 15:09:25,Medium,Payment Gateway,Payments & Cards,Discovery,T. Chen,False Positive,76,Closed
ALT-903311,2025-07-21 22:43:04,Low,Mobile Banking App,Digital Banking,Defense Evasion,S. Okafor,Benign,84,Closed
ALT-902635,2025-07-22 01:47:31,Low,Loan Origination System,Mortgage & Lending,Initial Access,J. Kowalski,False Positive,276,Closed
ALT-900414,2025-07-22 14:38:55,Medium,Commercial Loan Platform,Commercial Banking,Discovery,M. Patel,Benign,58,Closed
ALT-902386,2025-07-23 03:13:48,Critical,Data Warehouse,Corporate IT & Infrastructure,Initial Access,L. Novak,True Positive,19,Closed
ALT-902917,2025-07-23 04:42:12,Medium,Data Warehouse,Corporate IT & Infrastructure,Privilege Escalation,A. Ramirez,Benign,31,Closed
ALT-903182,2025-07-23 05:47:56,Medium,Trading Platform,Wealth Management,Credential Access,M. Patel,Benign,167,Closed
ALT-901050,2025-07-23 05:57:12,Low,Online Banking Portal,Digital Banking,Persistence,Unassigned,Benign,351,Closed
ALT-903895,2025-07-23 09:14:15,Medium,Treasury Management System,Commercial Banking,Persistence,A. Ramirez,Benign,22,Closed
ALT-903214,2025-07-23 11:34:33,Low,Core Banking System,Retail Banking,Impact,Unassigned,False Positive,320,Closed
ALT-902196,2025-07-23 13:19:25,Low,Endpoint Fleet,Corporate IT & Infrastructure,Command and Control,L. Novak,False Positive,95,Closed
ALT-903616,2025-07-23 15:24:23,Low,Data Warehouse,Corporate IT & Infrastructure,Impact,M. Patel,Benign,120,Closed
ALT-900030,2025-07-23 18:36:40,High,Treasury Management System,Commercial Banking,Persistence,J. Kowalski,Benign,38,Closed
ALT-900668,2025-07-23 23:38:48,Low,Cloud Workloads (AWS),Corporate IT & Infrastructure,Discovery,T. Chen,Benign,302,Closed
ALT-902409,2025-07-24 01:01:46,Low,Cloud Workloads (AWS),Corporate IT & Infrastructure,Command and Control,Unassigned,False Positive,336,Closed
ALT-900650,2025-07-24 02:59:17,Low,Email & Collaboration (O365),Corporate IT & Infrastructure,Lateral Movement,T. Chen,Benign,48,Closed
ALT-901882,2025-07-24 15:11:52,Low,Mobile Banking App,Digital Banking,Defense Evasion,M. Patel,Benign,238,Closed
ALT-902201,2025-07-24 15:51:02,Low,Online Banking Portal,Digital Banking,Privilege Escalation,M. Patel,Benign,72,Closed
ALT-901969,2025-07-24 17:09:57,Low,Treasury Management System,Commercial Banking,Privilege Escalation,J. Kowalski,Benign,153,Closed
ALT-903506,2025-07-24 20:40:27,Low,Online Banking Portal,Digital Banking,Persistence,A. Ramirez,False Positive,17,Closed
ALT-902646,2025-07-24 22:43:18,High,Mobile Banking App,Digital Banking,Defense Evasion,A. Ramirez,True Positive,26,Closed
ALT-901680,2025-07-24 23:48:18,High,Trading Platform,Wealth Management,Execution,J. Kowalski,True Positive,11,Closed
ALT-902498,2025-07-25 01:15:17,Low,Payment Gateway,Payments & Cards,Discovery,S. Okafor,Benign,109,Closed
ALT-902376,2025-07-25 03:02:46,Low,Treasury Management System,Commercial Banking,Execution,M. Patel,Benign,159,Closed
ALT-901025,2025-07-25 04:15:32,Low,Cloud Workloads (AWS),Corporate IT & Infrastructure,Defense Evasion,S. Okafor,False Positive,43,Closed
ALT-903332,2025-07-25 05:49:41,Medium,ATM Network,Retail Banking,Discovery,S. Okafor,False Positive,115,Closed
ALT-902123,2025-07-25 18:13:30,Low,Customer API Gateway,Digital Banking,Credential Access,M. Patel,Benign,312,Closed
ALT-902744,2025-07-25 21:31:32,Critical,Core Banking System,Retail Banking,Credential Access,T. Chen,True Positive,3,Closed
ALT-903944,2025-07-25 23:23:31,Medium,Core Banking System,Retail Banking,Lateral Movement,Unassigned,Benign,149,Closed
ALT-903308,2025-07-26 01:32:07,Critical,Customer API Gateway,Digital Banking,Persistence,J. Kowalski,True Positive,12,Closed
ALT-901372,2025-07-26 03:03:10,Low,Commercial Loan Platform,Commercial Banking,Command and Control,T. Chen,False Positive,223,Closed
ALT-903637,2025-07-26 13:02:43,Medium,Wealth Management Platform,Wealth Management,Defense Evasion,A. Ramirez,True Positive,85,Closed
ALT-901559,2025-07-26 13:29:57,Low,Data Warehouse,Corporate IT & Infrastructure,Command and Control,J. Kowalski,Benign,162,Closed
ALT-901998,2025-07-26 16:28:16,High,Commercial Loan Platform,Commercial Banking,Impact,T. Chen,True Positive,29,Closed
ALT-902349,2025-07-27 04:21:19,Medium,Card Issuance System,Payments & Cards,Discovery,L. Novak,Benign,20,Closed
ALT-903630,2025-07-27 04:38:20,High,Online Banking Portal,Digital Banking,Initial Access,Unassigned,True Positive,57,Closed
ALT-900881,2025-07-27 07:12:14,Medium,Wire Transfer System,Payments & Cards,Exfiltration,L. Novak,False Positive,88,Closed
ALT-900694,2025-07-27 09:56:44,Low,Data Warehouse,Corporate IT & Infrastructure,Lateral Movement,S. Okafor,Benign,18,Closed
ALT-901731,2025-07-27 12:30:25,Low,Loan Origination System,Mortgage & Lending,Command and Control,Unassigned,Benign,46,Closed
ALT-903032,2025-07-27 14:44:34,Low,Teller Platform,Retail Banking,Collection,Unassigned,Benign,226,Closed
ALT-902416,2025-07-27 16:23:16,Low,ATM Network,Retail Banking,Command and Control,A. Ramirez,Benign,327,Closed
ALT-904068,2025-07-27 17:15:53,Low,Cloud Workloads (AWS),Corporate IT & Infrastructure,Privilege Escalation,A. Ramirez,False Positive,333,Closed
ALT-901988,2025-07-27 18:18:04,Low,Email & Collaboration (O365),Corporate IT & Infrastructure,Defense Evasion,L. Novak,False Positive,302,Closed
ALT-902234,2025-07-27 22:30:39,Low,Commercial Loan Platform,Commercial Banking,Persistence,T. Chen,False Positive,302,Closed
ALT-900037,2025-07-27 23:43:24,Low,Mobile Banking App,Digital Banking,Execution,T. Chen,True Positive,77,Closed
ALT-900108,2025-07-28 04:34:38,Critical,Mobile Banking App,Digital Banking,Persistence,J. Kowalski,False Positive,15,Closed
ALT-902813,2025-07-28 05:45:45,Medium,Mobile Banking App,Digital Banking,Execution,Unassigned,False Positive,125,Closed
ALT-903942,2025-07-28 08:30:23,Low,Cloud Workloads (AWS),Corporate IT & Infrastructure,Impact,M. Patel,Benign,299,Closed
ALT-903483,2025-07-28 12:13:29,Low,Email & Collaboration (O365),Corporate IT & Infrastructure,Collection,M. Patel,False Positive,143,Closed
ALT-903090,2025-07-28 12:14:34,Medium,Loan Origination System,Mortgage & Lending,Persistence,A. Ramirez,Benign,173,Closed
ALT-903130,2025-07-28 16:52:12,Low,Customer API Gateway,Digital Banking,Lateral Movement,S. Okafor,True Positive,304,Closed
ALT-901162,2025-07-29 00:45:39,Medium,Teller Platform,Retail Banking,Exfiltration,T. Chen,Benign,173,Closed
ALT-901574,2025-07-29 04:08:32,Low,Wire Transfer System,Payments & Cards,Discovery,S. Okafor,True Positive,174,Closed
ALT-902923,2025-07-29 05:15:09,High,Endpoint Fleet,Corporate IT & Infrastructure,Discovery,S. Okafor,True Positive,24,Closed
ALT-900019,2025-07-29 13:53:02,Low,Payment Gateway,Payments & Cards,Impact,S. Okafor,Benign,122,Closed
ALT-900046,2025-07-29 16:37:03,Low,Cloud Workloads (AWS),Corporate IT & Infrastructure,Privilege Escalation,L. Novak,False Positive,70,Closed
ALT-900533,2025-07-29 18:02:17,Low,Email & Collaboration (O365),Corporate IT & Infrastructure,Lateral Movement,Unassigned,False Positive,277,Closed
ALT-902208,2025-07-29 19:14:04,Low,Wealth Management Platform,Wealth Management,Defense Evasion,S. Okafor,Benign,22,Closed
ALT-901977,2025-07-29 21:40:09,Low,Teller Platform,Retail Banking,Credential Access,L. Novak,False Positive,159,Closed
ALT-900321,2025-07-30 01:54:05,Medium,Endpoint Fleet,Corporate IT & Infrastructure,Execution,S. Okafor,Benign,101,Closed
ALT-902306,2025-07-30 03:04:00,Medium,Mobile Banking App,Digital Banking,Command and Control,M. Patel,False Positive,103,Closed
ALT-901055,2025-07-30 16:24:03,Low,Treasury Management System,Commercial Banking,Initial Access,L. Novak,Benign,242,Closed
ALT-902563,2025-07-30 16:36:02,Low,Customer API Gateway,Digital Banking,Credential Access,Unassigned,Benign,320,Closed
ALT-903168,2025-07-30 18:07:36,Low,Wealth Management Platform,Wealth Management,Collection,T. Chen,Benign,115,Closed
ALT-900622,2025-07-30 21:23:24,Medium,Treasury Management System,Commercial Banking,Command and Control,J. Kowalski,False Positive,91,Closed
ALT-900350,2025-07-31 05:49:28,Low,Loan Origination System,Mortgage & Lending,Persistence,A. Ramirez,Benign,52,Closed
ALT-903298,2025-07-31 08:15:51,Medium,Loan Origination System,Mortgage & Lending,Command and Control,L. Novak,Benign,168,Closed
ALT-904014,2025-07-31 15:21:14,Medium,Mobile Banking App,Digital Banking,Exfiltration,L. Novak,Benign,104,Closed
ALT-900657,2025-07-31 16:20:38,Low,Mobile Banking App,Digital Banking,Initial Access,S. Okafor,False Positive,342,Closed
ALT-901713,2025-07-31 23:07:10,Medium,Core Banking System,Retail Banking,Lateral Movement,Unassigned,False Positive,12,Closed
ALT-902330,2025-08-01 03:19:45,Low,Wire Transfer System,Payments & Cards,Collection,Unassigned,False Positive,169,Closed
ALT-902801,2025-08-01 10:59:33,Medium,Teller Platform,Retail Banking,Initial Access,Unassigned,True Positive,77,Closed
ALT-900297,2025-08-01 12:41:30,Medium,Online Banking Portal,Digital Banking,Collection,A. Ramirez,False Positive,167,Closed
ALT-900059,2025-08-01 17:20:43,Medium,Data Warehouse,Corporate IT & Infrastructure,Collection,J. Kowalski,False Positive,153,Closed
ALT-901008,2025-08-02 01:13:14,Low,Payment Gateway,Payments & Cards,Lateral Movement,M. Patel,False Positive,146,Closed
ALT-903609,2025-08-02 05:42:00,Low,Customer API Gateway,Digital Banking,Initial Access,T. Chen,False Positive,201,Closed
ALT-901682,2025-08-02 11:05:00,Low,ATM Network,Retail Banking,Privilege Escalation,L. Novak,False Positive,143,Closed
ALT-900774,2025-08-03 06:09:31,Low,Trading Platform,Wealth Management,Credential Access,M. Patel,True Positive,307,Closed
ALT-903813,2025-08-03 08:12:13,Medium,Wealth Management Platform,Wealth Management,Exfiltration,T. Chen,True Positive,116,Closed
ALT-903360,2025-08-03 09:12:08,Medium,Commercial Loan Platform,Commercial Banking,Defense Evasion,A. Ramirez,False Positive,54,Closed
ALT-903470,2025-08-04 05:40:28,Medium,Trading Platform,Wealth Management,Privilege Escalation,S. Okafor,Benign,88,Closed
ALT-903543,2025-08-04 05:56:09,Medium,Treasury Management System,Commercial Banking,Impact,L. Novak,Benign,103,Closed
ALT-903559,2025-08-04 12:15:58,Low,Wire Transfer System,Payments & Cards,Impact,S. Okafor,Benign,307,Closed
ALT-901411,2025-08-04 13:13:30,Low,Card Issuance System,Payments & Cards,Persistence,J. Kowalski,Benign,347,Closed
ALT-901234,2025-08-04 17:16:35,Medium,Customer API Gateway,Digital Banking,Exfiltration,T. Chen,Benign,116,Closed
ALT-903086,2025-08-04 18:41:47,Low,Commercial Loan Platform,Commercial Banking,Discovery,T. Chen,Benign,323,Closed
ALT-902226,2025-08-04 20:14:57,Low,Wealth Management Platform,Wealth Management,Credential Access,M. Patel,Benign,205,Closed
ALT-900729,2025-08-04 23:14:52,Low,Mobile Banking App,Digital Banking,Credential Access,J. Kowalski,Benign,139,Closed
ALT-902213,2025-08-05 00:22:57,Low,ATM Network,Retail Banking,Privilege Escalation,S. Okafor,Benign,41,Closed
ALT-903376,2025-08-05 04:07:50,Medium,Treasury Management System,Commercial Banking,Credential Access,S. Okafor,Benign,60,Closed
ALT-903708,2025-08-05 05:40:19,Low,Teller Platform,Retail Banking,Command and Control,L. Novak,False Positive,145,Closed
ALT-900212,2025-08-05 07:11:11,High,Loan Origination System,Mortgage & Lending,Credential Access,A. Ramirez,True Positive,33,Closed
ALT-901590,2025-08-05 20:06:39,High,Document Management System,Mortgage & Lending,Exfiltration,A. Ramirez,True Positive,45,Closed
ALT-904136,2025-08-06 03:37:29,Critical,Payment Gateway,Payments & Cards,Command and Control,M. Patel,Benign,27,Closed
ALT-902178,2025-08-06 07:50:50,Low,Trading Platform,Wealth Management,Defense Evasion,T. Chen,False Positive,213,Closed
ALT-903213,2025-08-06 14:16:23,Low,Online Banking Portal,Digital Banking,Initial Access,M. Patel,Benign,325,Closed
ALT-903477,2025-08-06 16:22:08,Critical,Teller Platform,Retail Banking,Execution,A. Ramirez,True Positive,28,Closed
ALT-902096,2025-08-06 16:37:27,Medium,ATM Network,Retail Banking,Collection,M. Patel,True Positive,122,Closed
ALT-901504,2025-08-06 20:46:01,Medium,Payment Gateway,Payments & Cards,Lateral Movement,T. Chen,False Positive,67,Closed
ALT-903426,2025-08-07 01:48:48,Low,Customer API Gateway,Digital Banking,Lateral Movement,S. Okafor,False Positive,263,Closed
ALT-901747,2025-08-07 04:21:44,Low,Data Warehouse,Corporate IT & Infrastructure,Discovery,M. Patel,False Positive,317,Closed
ALT-903458,2025-08-07 08:24:23,Medium,Email & Collaboration (O365),Corporate IT & Infrastructure,Privilege Escalation,T. Chen,False Positive,137,Closed
ALT-903984,2025-08-07 10:34:30,Medium,Active Directory,Corporate IT & Infrastructure,Privilege Escalation,L. Novak,False Positive,72,Closed
ALT-903432,2025-08-07 13:12:31,Medium,Payment Gateway,Payments & Cards,Defense Evasion,T. Chen,False Positive,160,Closed
ALT-904152,2025-08-07 13:52:22,Low,Mobile Banking App,Digital Banking,Initial Access,L. Novak,False Positive,221,Closed
ALT-901062,2025-08-07 16:40:28,Low,Customer API Gateway,Digital Banking,Lateral Movement,S. Okafor,Benign,57,Closed
ALT-900732,2025-08-07 21:23:32,Low,Core Banking System,Retail Banking,Execution,Unassigned,False Positive,206,Closed
ALT-903608,2025-08-07 21:40:33,High,Endpoint Fleet,Corporate IT & Infrastructure,Collection,S. Okafor,False Positive,54,Closed
ALT-903929,2025-08-07 22:53:02,Medium,Customer API Gateway,Digital Banking,Lateral Movement,L. Novak,False Positive,96,Closed
ALT-903883,2025-08-07 23:40:36,Low,Payment Gateway,Payments & Cards,Discovery,L. Novak,False Positive,56,Closed
ALT-902955,2025-08-08 03:31:37,High,Endpoint Fleet,Corporate IT & Infrastructure,Execution,J. Kowalski,False Positive,38,Closed
ALT-903344,2025-08-08 20:42:22,Low,Document Management System,Mortgage & Lending,Lateral Movement,L. Novak,False Positive,110,Closed
ALT-903817,2025-08-09 02:52:31,Low,Card Issuance System,Payments & Cards,Command and Control,Unassigned,Benign,191,Closed
ALT-900605,2025-08-09 12:13:59,Low,Core Banking System,Retail Banking,Credential Access,T. Chen,Benign,294,Closed
ALT-901344,2025-08-09 16:22:44,Low,Cloud Workloads (AWS),Corporate IT & Infrastructure,Lateral Movement,Unassigned,False Positive,178,Closed
ALT-901218,2025-08-09 18:20:41,Low,Core Banking System,Retail Banking,Discovery,M. Patel,True Positive,47,Closed
ALT-902804,2025-08-09 23:35:02,High,Treasury Management System,Commercial Banking,Privilege Escalation,T. Chen,Benign,51,Closed
ALT-903613,2025-08-10 08:34:53,Medium,Email & Collaboration (O365),Corporate IT & Infrastructure,Persistence,T. Chen,Benign,23,Closed
ALT-902869,2025-08-10 11:27:47,Low,Commercial Loan Platform,Commercial Banking,Credential Access,J. Kowalski,False Positive,82,Closed
ALT-901109,2025-08-10 12:38:41,Low,Customer API Gateway,Digital Banking,Impact,L. Novak,False Positive,246,Closed
ALT-904090,2025-08-10 13:11:10,Critical,Loan Origination System,Mortgage & Lending,Collection,A. Ramirez,True Positive,11,Closed
ALT-902836,2025-08-10 21:13:00,Medium,Card Issuance System,Payments & Cards,Command and Control,J. Kowalski,False Positive,80,Closed
ALT-903223,2025-08-10 21:42:15,Medium,Wealth Management Platform,Wealth Management,Command and Control,J. Kowalski,False Positive,156,Closed
ALT-902449,2025-08-11 03:11:42,Low,Document Management System,Mortgage & Lending,Command and Control,T. Chen,False Positive,150,Closed
ALT-900163,2025-08-11 03:56:25,Low,Email & Collaboration (O365),Corporate IT & Infrastructure,Exfiltration,M. Patel,False Positive,198,Closed
ALT-904164,2025-08-11 08:16:32,Low,Wealth Management Platform,Wealth Management,Exfiltration,A. Ramirez,Benign,187,Closed
ALT-902115,2025-08-11 15:21:27,Low,Active Directory,Corporate IT & Infrastructure,Lateral Movement,L. Novak,Benign,40,Closed
ALT-903297,2025-08-11 21:14:17,Low,Trading Platform,Wealth Management,Execution,L. Novak,False Positive,261,Closed
ALT-900664,2025-08-11 22:55:34,Medium,Payment Gateway,Payments & Cards,Initial Access,L. Novak,Benign,80,Closed
ALT-903494,2025-08-12 05:18:50,Low,Wire Transfer System,Payments & Cards,Initial Access,A. Ramirez,False Positive,187,Closed
ALT-900695,2025-08-12 14:38:06,Low,Payment Gateway,Payments & Cards,Defense Evasion,L. Novak,Benign,284,Closed
ALT-901453,2025-08-12 19:34:44,Low,Email & Collaboration (O365),Corporate IT & Infrastructure,Credential Access,J. Kowalski,Benign,63,Closed
ALT-902816,2025-08-13 04:04:24,High,Wire Transfer System,Payments & Cards,Defense Evasion,S. Okafor,True Positive,49,Closed
ALT-901168,2025-08-13 12:55:47,Critical,Loan Origination System,Mortgage & Lending,Exfiltration,J. Kowalski,True Positive,30,Closed
ALT-903482,2025-08-13 16:20:13,Low,Data Warehouse,Corporate IT & Infrastructure,Execution,M. Patel,Benign,215,Closed
ALT-901691,2025-08-13 22:46:44,Low,Online Banking Portal,Digital Banking,Collection,L. Novak,False Positive,346,Closed
ALT-902664,2025-08-14 03:33:58,Critical,Data Warehouse,Corporate IT & Infrastructure,Initial Access,J. Kowalski,False Positive,14,Closed
ALT-900685,2025-08-14 06:44:54,Medium,Trading Platform,Wealth Management,Collection,L. Novak,Benign,172,Closed
ALT-901615,2025-08-14 09:10:06,Medium,Active Directory,Corporate IT & Infrastructure,Defense Evasion,J. Kowalski,False Positive,172,Closed
ALT-902846,2025-08-14 09:39:05,Low,Card Issuance System,Payments & Cards,Lateral Movement,T. Chen,Benign,242,Closed
ALT-900822,2025-08-14 11:51:47,Medium,Mobile Banking App,Digital Banking,Persistence,A. Ramirez,True Positive,39,Closed
ALT-901499,2025-08-14 14:07:18,Medium,ATM Network,Retail Banking,Command and Control,T. Chen,Benign,157,Closed
ALT-900679,2025-08-14 15:59:25,Medium,Teller Platform,Retail Banking,Execution,T. Chen,False Positive,122,Closed
ALT-901907,2025-08-14 16:18:06,Low,Email & Collaboration (O365),Corporate IT & Infrastructure,Command and Control,M. Patel,Benign,351,Closed
ALT-903250,2025-08-15 00:58:57,Low,Mobile Banking App,Digital Banking,Exfiltration,J. Kowalski,Benign,100,Closed
ALT-901845,2025-08-15 11:43:25,High,Payment Gateway,Payments & Cards,Initial Access,S. Okafor,False Positive,44,Closed
ALT-901646,2025-08-15 14:08:22,Low,Email & Collaboration (O365),Corporate IT & Infrastructure,Command and Control,J. Kowalski,Benign,278,Closed
ALT-903411,2025-08-15 22:39:09,Low,Wealth Management Platform,Wealth Management,Collection,J. Kowalski,False Positive,220,Closed
ALT-901565,2025-08-16 00:50:52,Low,Active Directory,Corporate IT & Infrastructure,Lateral Movement,S. Okafor,False Positive,343,Closed
ALT-900326,2025-08-16 02:43:03,Low,Wire Transfer System,Payments & Cards,Command and Control,T. Chen,False Positive,56,Closed
ALT-900017,2025-08-16 03:31:40,Low,Teller Platform,Retail Banking,Execution,Unassigned,False Positive,258,Closed
ALT-902770,2025-08-16 05:02:01,Medium,Active Directory,Corporate IT & Infrastructure,Lateral Movement,S. Okafor,False Positive,135,Closed
ALT-900929,2025-08-16 12:16:17,Low,Endpoint Fleet,Corporate IT & Infrastructure,Execution,M. Patel,False Positive,239,Closed
ALT-901317,2025-08-16 14:00:05,Low,Mobile Banking App,Digital Banking,Privilege Escalation,Unassigned,Benign,132,Closed
ALT-902212,2025-08-16 14:17:25,Low,Document Management System,Mortgage & Lending,Discovery,Unassigned,False Positive,70,Closed
ALT-904109,2025-08-16 16:17:20,Low,Cloud Workloads (AWS),Corporate IT & Infrastructure,Credential Access,A. Ramirez,False Positive,133,Closed
ALT-902149,2025-08-16 16:19:53,Medium,Mobile Banking App,Digital Banking,Execution,J. Kowalski,False Positive,161,Closed
ALT-901384,2025-08-16 23:55:20,High,Document Management System,Mortgage & Lending,Lateral Movement,A. Ramirez,True Positive,50,Closed
ALT-901194,2025-08-17 15:02:32,Medium,Customer API Gateway,Digital Banking,Command and Control,T. Chen,Benign,154,Closed
ALT-900958,2025-08-17 15:19:03,Low,Core Banking System,Retail Banking,Command and Control,S. Okafor,Benign,70,Closed
ALT-900107,2025-08-17 17:15:06,Low,Card Issuance System,Payments & Cards,Discovery,A. Ramirez,False Positive,302,Closed
ALT-903361,2025-08-17 20:15:29,Low,Data Warehouse,Corporate IT & Infrastructure,Initial Access,J. Kowalski,Benign,283,Closed
ALT-903973,2025-08-18 08:34:57,Low,Online Banking Portal,Digital Banking,Lateral Movement,A. Ramirez,False Positive,275,Closed
ALT-903030,2025-08-18 11:00:29,Low,Active Directory,Corporate IT & Infrastructure,Defense Evasion,M. Patel,Benign,75,Closed
ALT-901698,2025-08-18 12:21:48,Medium,Document Management System,Mortgage & Lending,Credential Access,T. Chen,Benign,169,Closed
ALT-900335,2025-08-18 14:15:26,Low,Trading Platform,Wealth Management,Initial Access,Unassigned,Benign,167,Closed
ALT-903113,2025-08-18 20:47:29,Medium,Online Banking Portal,Digital Banking,Discovery,T. Chen,True Positive,74,Closed
ALT-903918,2025-08-18 21:33:42,Medium,Cloud Workloads (AWS),Corporate IT & Infrastructure,Command and Control,J. Kowalski,False Positive,15,Closed
ALT-900604,2025-08-19 02:17:53,Low,Card Issuance System,Payments & Cards,Lateral Movement,M. Patel,Benign,356,Closed
ALT-903786,2025-08-19 03:58:19,Low,Core Banking System,Retail Banking,Defense Evasion,A. Ramirez,False Positive,129,Closed
ALT-902679,2025-08-19 05:16:02,Low,Payment Gateway,Payments & Cards,Command and Control,M. Patel,Benign,126,Closed
ALT-903680,2025-08-19 18:13:36,Critical,Data Warehouse,Corporate IT & Infrastructure,Initial Access,Unassigned,True Positive,6,Closed
ALT-904128,2025-08-19 21:39:37,Medium,ATM Network,Retail Banking,Collection,A. Ramirez,True Positive,10,Closed
ALT-901244,2025-08-20 11:36:28,Medium,ATM Network,Retail Banking,Execution,J. Kowalski,False Positive,161,Closed
ALT-902669,2025-08-20 22:50:05,Low,Commercial Loan Platform,Commercial Banking,Initial Access,L. Novak,Benign,126,Closed
ALT-901959,2025-08-21 07:00:59,Medium,Wealth Management Platform,Wealth Management,Collection,L. Novak,True Positive,180,Closed
ALT-903598,2025-08-22 04:00:52,Medium,ATM Network,Retail Banking,Persistence,L. Novak,Benign,179,Closed
ALT-901068,2025-08-22 04:03:25,Medium,Core Banking System,Retail Banking,Initial Access,M. Patel,Benign,111,Closed
ALT-901379,2025-08-22 05:05:31,Medium,Cloud Workloads (AWS),Corporate IT & Infrastructure,Persistence,S. Okafor,False Positive,143,Closed
ALT-901195,2025-08-22 06:33:20,Low,Treasury Management System,Commercial Banking,Defense Evasion,T. Chen,False Positive,265,Closed
ALT-902578,2025-08-22 08:43:25,Medium,Wire Transfer System,Payments & Cards,Command and Control,S. Okafor,Benign,36,Closed
ALT-900179,2025-08-22 13:50:49,Low,Cloud Workloads (AWS),Corporate IT & Infrastructure,Persistence,S. Okafor,Benign,244,Closed
ALT-903281,2025-08-22 14:08:57,Low,Data Warehouse,Corporate IT & Infrastructure,Privilege Escalation,S. Okafor,False Positive,253,Closed
ALT-902032,2025-08-22 15:31:09,Low,Treasury Management System,Commercial Banking,Defense Evasion,Unassigned,False Positive,319,Closed
ALT-900176,2025-08-22 22:07:14,Medium,Document Management System,Mortgage & Lending,Initial Access,L. Novak,Benign,154,Closed
ALT-902194,2025-08-22 23:37:56,Low,Teller Platform,Retail Banking,Execution,T. Chen,Benign,34,Closed
ALT-900930,2025-08-23 02:47:57,Medium,Wire Transfer System,Payments & Cards,Credential Access,J. Kowalski,False Positive,111,Closed
ALT-904142,2025-08-23 05:33:03,Medium,Email & Collaboration (O365),Corporate IT & Infrastructure,Credential Access,A. Ramirez,Benign,158,Closed
ALT-902695,2025-08-23 13:58:51,Medium,Customer API Gateway,Digital Banking,Persistence,T. Chen,True Positive,34,Closed
ALT-901252,2025-08-23 14:46:38,Critical,Mobile Banking App,Digital Banking,Credential Access,M. Patel,True Positive,21,Closed
ALT-900377,2025-08-23 18:07:29,High,Commercial Loan Platform,Commercial Banking,Initial Access,S. Okafor,True Positive,23,Closed
ALT-903313,2025-08-23 20:00:17,Medium,Active Directory,Corporate IT & Infrastructure,Initial Access,S. Okafor,Benign,119,Closed
ALT-902012,2025-08-23 20:37:05,Medium,Commercial Loan Platform,Commercial Banking,Discovery,M. Patel,True Positive,121,Closed
ALT-903825,2025-08-24 10:22:43,High,Wire Transfer System,Payments & Cards,Persistence,J. Kowalski,False Positive,47,Closed
ALT-901795,2025-08-24 15:01:01,Low,Wire Transfer System,Payments & Cards,Privilege Escalation,M. Patel,False Positive,155,Closed
ALT-902283,2025-08-24 15:17:27,Low,Teller Platform,Retail Banking,Impact,J. Kowalski,Benign,342,Closed
ALT-903258,2025-08-24 21:57:51,Low,Wire Transfer System,Payments & Cards,Persistence,S. Okafor,False Positive,105,Closed
ALT-901111,2025-08-25 00:42:31,Low,Wire Transfer System,Payments & Cards,Exfiltration,T. Chen,False Positive,229,Closed
ALT-903410,2025-08-25 03:55:38,Low,Payment Gateway,Payments & Cards,Defense Evasion,A. Ramirez,False Positive,293,Closed
ALT-900020,2025-08-25 05:01:37,Medium,Cloud Workloads (AWS),Corporate IT & Infrastructure,Execution,Unassigned,False Positive,96,Closed
ALT-902928,2025-08-25 09:08:43,Low,Online Banking Portal,Digital Banking,Credential Access,Unassigned,Benign,283,Closed
ALT-903878,2025-08-25 18:21:28,Medium,Online Banking Portal,Digital Banking,Exfiltration,J. Kowalski,Benign,124,Closed
ALT-902052,2025-08-26 04:04:42,Medium,Commercial Loan Platform,Commercial Banking,Impact,J. Kowalski,Benign,26,Closed
ALT-902077,2025-08-26 23:12:01,Low,Wealth Management Platform,Wealth Management,Impact,Unassigned,False Positive,79,Closed
ALT-903584,2025-08-27 00:30:00,Medium,Treasury Management System,Commercial Banking,Lateral Movement,M. Patel,False Positive,14,Closed
ALT-903251,2025-08-27 03:02:20,Low,Endpoint Fleet,Corporate IT & Infrastructure,Defense Evasion,T. Chen,True Positive,336,Closed
ALT-901181,2025-08-27 06:10:26,Medium,Teller Platform,Retail Banking,Initial Access,L. Novak,Benign,29,Closed
ALT-903240,2025-08-27 08:48:49,Medium,Active Directory,Corporate IT & Infrastructure,Collection,L. Novak,Benign,34,Closed
ALT-902876,2025-08-27 12:07:10,Critical,Endpoint Fleet,Corporate IT & Infrastructure,Defense Evasion,A. Ramirez,True Positive,22,Closed
ALT-900359,2025-08-28 00:33:20,Low,Document Management System,Mortgage & Lending,Exfiltration,M. Patel,True Positive,30,Closed
ALT-901129,2025-08-28 01:07:50,Low,Core Banking System,Retail Banking,Defense Evasion,J. Kowalski,False Positive,104,Closed
ALT-902506,2025-08-28 01:47:41,Low,Document Management System,Mortgage & Lending,Execution,Unassigned,False Positive,243,Closed
ALT-900133,2025-08-28 04:40:06,Medium,Online Banking Portal,Digital Banking,Initial Access,T. Chen,Benign,23,Closed
ALT-900542,2025-08-28 13:34:35,Medium,Treasury Management System,Commercial Banking,Command and Control,M. Patel,Benign,46,Closed
ALT-903348,2025-08-28 17:48:35,High,Email & Collaboration (O365),Corporate IT & Infrastructure,Lateral Movement,A. Ramirez,True Positive,14,Closed
ALT-904080,2025-08-28 20:13:40,High,ATM Network,Retail Banking,Persistence,T. Chen,True Positive,44,Closed
ALT-904096,2025-08-29 01:30:36,Low,Online Banking Portal,Digital Banking,Lateral Movement,T. Chen,False Positive,318,Closed
ALT-902380,2025-08-29 01:39:42,High,Mobile Banking App,Digital Banking,Credential Access,L. Novak,True Positive,55,Closed
ALT-903692,2025-08-29 05:13:42,Low,Mobile Banking App,Digital Banking,Exfiltration,S. Okafor,Benign,140,Closed
ALT-901435,2025-08-29 09:44:05,Low,Wire Transfer System,Payments & Cards,Discovery,S. Okafor,False Positive,276,Closed
ALT-903585,2025-08-29 10:12:56,Low,Treasury Management System,Commercial Banking,Persistence,J. Kowalski,False Positive,316,Closed
ALT-903909,2025-08-29 11:44:04,Low,Core Banking System,Retail Banking,Collection,L. Novak,Benign,246,Closed
ALT-901939,2025-08-29 11:51:12,High,Trading Platform,Wealth Management,Impact,Unassigned,True Positive,28,Closed
ALT-900817,2025-08-29 16:03:43,Low,Core Banking System,Retail Banking,Persistence,L. Novak,Benign,32,Closed
ALT-901078,2025-08-29 16:28:07,Low,Online Banking Portal,Digital Banking,Credential Access,M. Patel,True Positive,243,Closed
ALT-903881,2025-08-30 01:28:52,Low,Card Issuance System,Payments & Cards,Exfiltration,S. Okafor,False Positive,315,Closed
ALT-902944,2025-08-30 02:06:44,Low,Cloud Workloads (AWS),Corporate IT & Infrastructure,Execution,S. Okafor,False Positive,326,Closed
ALT-901049,2025-08-30 06:49:10,Medium,Endpoint Fleet,Corporate IT & Infrastructure,Privilege Escalation,A. Ramirez,False Positive,29,Closed
ALT-902736,2025-08-30 07:44:03,Medium,Treasury Management System,Commercial Banking,Initial Access,A. Ramirez,False Positive,42,Closed
ALT-900319,2025-08-30 09:45:52,Medium,Wealth Management Platform,Wealth Management,Defense Evasion,L. Novak,False Positive,55,Closed
ALT-901665,2025-08-30 10:37:51,Medium,Wealth Management Platform,Wealth Management,Command and Control,M. Patel,Benign,63,Closed
ALT-902704,2025-08-30 11:19:38,Medium,Commercial Loan Platform,Commercial Banking,Impact,S. Okafor,Benign,31,Closed
ALT-903500,2025-08-30 20:23:44,Medium,Customer API Gateway,Digital Banking,Command and Control,S. Okafor,False Positive,128,Closed
ALT-900058,2025-08-30 20:43:32,Low,Card Issuance System,Payments & Cards,Lateral Movement,A. Ramirez,False Positive,199,Closed
ALT-903699,2025-08-30 23:31:32,High,Trading Platform,Wealth Management,Exfiltration,L. Novak,True Positive,57,Closed
ALT-901335,2025-08-31 02:54:52,Low,Loan Origination System,Mortgage & Lending,Persistence,J. Kowalski,True Positive,38,Closed
ALT-904095,2025-08-31 05:59:25,Low,Mobile Banking App,Digital Banking,Privilege Escalation,L. Novak,False Positive,264,Closed
ALT-903891,2025-08-31 13:46:54,Low,Email & Collaboration (O365),Corporate IT & Infrastructure,Discovery,J. Kowalski,Benign,80,Closed
ALT-902450,2025-08-31 19:35:37,Low,Endpoint Fleet,Corporate IT & Infrastructure,Credential Access,A. Ramirez,Benign,219,Closed
ALT-903700,2025-09-01 03:33:00,Low,Endpoint Fleet,Corporate IT & Infrastructure,Persistence,S. Okafor,Benign,47,Closed
ALT-903197,2025-09-01 13:15:45,Low,Commercial Loan Platform,Commercial Banking,Defense Evasion,J. Kowalski,Benign,263,Closed
ALT-902535,2025-09-02 00:23:20,Low,Card Issuance System,Payments & Cards,Execution,A. Ramirez,Benign,299,Closed
ALT-901971,2025-09-02 08:15:36,Low,Active Directory,Corporate IT & Infrastructure,Execution,J. Kowalski,False Positive,96,Closed
ALT-901461,2025-09-02 08:27:43,Low,Wealth Management Platform,Wealth Management,Discovery,A. Ramirez,False Positive,107,Closed
ALT-901176,2025-09-02 09:00:17,Low,Payment Gateway,Payments & Cards,Collection,S. Okafor,False Positive,298,Closed
ALT-900324,2025-09-02 09:08:03,Medium,ATM Network,Retail Banking,Credential Access,A. Ramirez,Benign,115,Closed
ALT-901158,2025-09-02 10:28:12,Low,ATM Network,Retail Banking,Exfiltration,J. Kowalski,False Positive,25,Closed
ALT-902481,2025-09-02 12:05:04,Medium,Commercial Loan Platform,Commercial Banking,Collection,Unassigned,True Positive,125,Closed
ALT-900580,2025-09-02 12:11:23,Low,Payment Gateway,Payments & Cards,Execution,A. Ramirez,False Positive,168,Closed
ALT-901743,2025-09-02 22:52:41,High,Mobile Banking App,Digital Banking,Collection,S. Okafor,Benign,22,Closed
ALT-903765,2025-09-02 23:14:19,Low,Email & Collaboration (O365),Corporate IT & Infrastructure,Command and Control,A. Ramirez,Benign,305,Closed
ALT-903588,2025-09-03 00:57:54,Medium,Teller Platform,Retail Banking,Impact,T. Chen,False Positive,68,Closed
ALT-902477,2025-09-03 08:49:47,High,Customer API Gateway,Digital Banking,Persistence,L. Novak,True Positive,7,Closed
ALT-901398,2025-09-03 11:51:42,Low,Wealth Management Platform,Wealth Management,Privilege Escalation,M. Patel,Benign,230,Closed
ALT-902661,2025-09-03 14:00:36,Medium,Customer API Gateway,Digital Banking,Initial Access,M. Patel,False Positive,98,Closed
ALT-902393,2025-09-03 14:12:23,High,ATM Network,Retail Banking,Discovery,L. Novak,Benign,51,Closed
ALT-902785,2025-09-03 21:40:11,Low,Endpoint Fleet,Corporate IT & Infrastructure,Initial Access,T. Chen,False Positive,245,Closed
ALT-900105,2025-09-04 00:15:26,Medium,Wire Transfer System,Payments & Cards,Command and Control,A. Ramirez,Benign,35,Closed
ALT-901967,2025-09-04 02:09:05,High,Cloud Workloads (AWS),Corporate IT & Infrastructure,Persistence,S. Okafor,True Positive,58,Closed
ALT-903040,2025-09-04 08:02:57,Low,Online Banking Portal,Digital Banking,Impact,J. Kowalski,False Positive,356,Closed
ALT-901118,2025-09-04 12:01:06,Medium,Online Banking Portal,Digital Banking,Lateral Movement,Unassigned,Benign,109,Closed
ALT-904063,2025-09-04 12:13:08,High,Active Directory,Corporate IT & Infrastructure,Discovery,J. Kowalski,False Positive,21,Closed
ALT-902993,2025-09-04 18:07:53,Medium,Card Issuance System,Payments & Cards,Persistence,J. Kowalski,Benign,63,Closed
ALT-903921,2025-09-04 22:22:02,Low,Email & Collaboration (O365),Corporate IT & Infrastructure,Collection,S. Okafor,Benign,51,Closed
ALT-902931,2025-09-05 04:43:27,Medium,Commercial Loan Platform,Commercial Banking,Privilege Escalation,J. Kowalski,False Positive,50,Closed
ALT-900721,2025-09-05 06:26:50,Medium,Core Banking System,Retail Banking,Exfiltration,S. Okafor,Benign,136,Closed
ALT-902418,2025-09-05 07:01:24,Medium,Endpoint Fleet,Corporate IT & Infrastructure,Execution,J. Kowalski,Benign,59,Closed
ALT-900916,2025-09-05 14:58:05,Low,Mobile Banking App,Digital Banking,Lateral Movement,Unassigned,False Positive,57,Closed
ALT-903913,2025-09-05 16:45:23,Low,Payment Gateway,Payments & Cards,Persistence,Unassigned,False Positive,64,Closed
ALT-900925,2025-09-05 21:30:50,Low,Loan Origination System,Mortgage & Lending,Exfiltration,Unassigned,True Positive,99,Closed
ALT-902751,2025-09-06 01:57:29,Medium,ATM Network,Retail Banking,Command and Control,J. Kowalski,Benign,61,Closed
ALT-903327,2025-09-06 12:22:01,Low,Payment Gateway,Payments & Cards,Lateral Movement,T. Chen,Benign,208,Closed
ALT-901634,2025-09-06 16:08:00,High,Treasury Management System,Commercial Banking,Persistence,S. Okafor,False Positive,34,Closed
ALT-904156,2025-09-06 20:11:58,Medium,Mobile Banking App,Digital Banking,Exfiltration,A. Ramirez,False Positive,124,Closed
ALT-903266,2025-09-06 22:24:56,Medium,Endpoint Fleet,Corporate IT & Infrastructure,Credential Access,A. Ramirez,Benign,56,Closed
ALT-901828,2025-09-06 23:56:22,Low,ATM Network,Retail Banking,Defense Evasion,T. Chen,Benign,264,Closed
ALT-903835,2025-09-07 11:29:06,Low,Payment Gateway,Payments & Cards,Privilege Escalation,M. Patel,False Positive,198,Closed
ALT-900593,2025-09-07 14:35:46,Medium,ATM Network,Retail Banking,Discovery,T. Chen,False Positive,40,Closed
ALT-903037,2025-09-07 19:28:51,Medium,Online Banking Portal,Digital Banking,Lateral Movement,A. Ramirez,Benign,129,Closed
ALT-900125,2025-09-07 19:32:23,Medium,Card Issuance System,Payments & Cards,Lateral Movement,J. Kowalski,Benign,127,Closed
ALT-900422,2025-09-08 05:32:35,Low,Core Banking System,Retail Banking,Discovery,S. Okafor,Benign,326,Closed
ALT-900576,2025-09-08 15:25:14,Medium,Customer API Gateway,Digital Banking,Collection,T. Chen,False Positive,21,Closed
ALT-900823,2025-09-08 23:31:11,Medium,Wealth Management Platform,Wealth Management,Initial Access,A. Ramirez,True Positive,67,Closed
ALT-902383,2025-09-09 01:47:11,High,ATM Network,Retail Banking,Lateral Movement,J. Kowalski,False Positive,45,Closed
ALT-903255,2025-09-09 01:59:43,Medium,Wealth Management Platform,Wealth Management,Initial Access,M. Patel,Benign,51,Closed
ALT-902798,2025-09-09 04:20:58,Low,Loan Origination System,Mortgage & Lending,Impact,A. Ramirez,True Positive,275,Closed
ALT-903760,2025-09-09 09:49:51,Medium,Commercial Loan Platform,Commercial Banking,Persistence,J. Kowalski,False Positive,127,Closed
ALT-902121,2025-09-09 10:14:48,Low,Online Banking Portal,Digital Banking,Collection,S. Okafor,Benign,258,Closed
ALT-902405,2025-09-09 14:11:26,Medium,Teller Platform,Retail Banking,Execution,A. Ramirez,Benign,40,Closed
ALT-902906,2025-09-09 14:21:31,Low,Card Issuance System,Payments & Cards,Privilege Escalation,T. Chen,False Positive,286,Closed
ALT-900656,2025-09-09 15:29:39,Medium,Card Issuance System,Payments & Cards,Credential Access,S. Okafor,False Positive,154,Closed
ALT-900193,2025-09-09 23:11:53,Low,Commercial Loan Platform,Commercial Banking,Initial Access,J. Kowalski,False Positive,298,Closed
ALT-900184,2025-09-10 06:08:45,Low,Document Management System,Mortgage & Lending,Command and Control,T. Chen,Benign,154,Closed
ALT-900890,2025-09-10 08:05:00,Low,Wealth Management Platform,Wealth Management,Credential Access,T. Chen,Benign,47,Closed
ALT-902232,2025-09-10 14:13:54,Medium,Document Management System,Mortgage & Lending,Credential Access,L. Novak,Benign,95,Closed
ALT-902984,2025-09-10 23:17:26,Low,Treasury Management System,Commercial Banking,Execution,T. Chen,False Positive,259,Closed
ALT-903322,2025-09-11 00:13:46,Low,Endpoint Fleet,Corporate IT & Infrastructure,Impact,M. Patel,False Positive,169,Closed
ALT-902769,2025-09-11 02:28:41,Low,Online Banking Portal,Digital Banking,Collection,S. Okafor,Benign,315,Closed
ALT-903563,2025-09-11 02:34:40,Low,Commercial Loan Platform,Commercial Banking,Persistence,Unassigned,False Positive,51,Closed
ALT-901286,2025-09-11 13:20:07,Low,Trading Platform,Wealth Management,Credential Access,T. Chen,False Positive,216,Closed
ALT-902183,2025-09-11 19:03:22,Medium,Core Banking System,Retail Banking,Exfiltration,L. Novak,Benign,86,Closed
ALT-902047,2025-09-11 20:36:08,Medium,Card Issuance System,Payments & Cards,Collection,A. Ramirez,Benign,172,Closed
ALT-901631,2025-09-11 22:28:34,Low,Document Management System,Mortgage & Lending,Discovery,T. Chen,False Positive,53,Closed
ALT-902749,2025-09-11 23:37:24,Low,Customer API Gateway,Digital Banking,Credential Access,S. Okafor,Benign,15,Closed
ALT-902858,2025-09-11 23:58:33,Medium,Email & Collaboration (O365),Corporate IT & Infrastructure,Initial Access,T. Chen,Benign,34,Closed
ALT-901983,2025-09-12 01:27:23,Low,Treasury Management System,Commercial Banking,Privilege Escalation,A. Ramirez,Benign,70,Closed
ALT-901371,2025-09-12 01:57:01,Low,Online Banking Portal,Digital Banking,Command and Control,J. Kowalski,True Positive,44,Closed
ALT-902134,2025-09-12 02:32:36,High,Mobile Banking App,Digital Banking,Discovery,T. Chen,False Positive,12,Closed
ALT-903489,2025-09-12 03:53:46,Low,Document Management System,Mortgage & Lending,Command and Control,M. Patel,Benign,183,Closed
ALT-901879,2025-09-12 12:45:35,Medium,Core Banking System,Retail Banking,Impact,S. Okafor,Benign,163,Closed
ALT-902008,2025-09-12 13:52:54,Low,Core Banking System,Retail Banking,Initial Access,J. Kowalski,False Positive,188,Closed
ALT-901338,2025-09-12 17:52:01,High,Teller Platform,Retail Banking,Impact,S. Okafor,False Positive,22,Closed
ALT-903551,2025-09-13 03:27:42,Critical,Wealth Management Platform,Wealth Management,Command and Control,A. Ramirez,True Positive,28,Closed
ALT-903149,2025-09-13 05:28:29,Low,Trading Platform,Wealth Management,Initial Access,Unassigned,Benign,220,Closed
ALT-903525,2025-09-13 09:14:48,Medium,Trading Platform,Wealth Management,Lateral Movement,A. Ramirez,False Positive,134,Closed
ALT-902901,2025-09-13 14:54:14,Low,Payment Gateway,Payments & Cards,Collection,Unassigned,Benign,222,Closed
ALT-903885,2025-09-13 18:05:43,Medium,Card Issuance System,Payments & Cards,Initial Access,J. Kowalski,False Positive,32,Closed
ALT-903274,2025-09-13 23:23:50,Medium,Card Issuance System,Payments & Cards,Initial Access,J. Kowalski,Benign,90,Closed
ALT-900352,2025-09-14 03:05:27,Medium,Card Issuance System,Payments & Cards,Persistence,J. Kowalski,Benign,52,Closed
ALT-902799,2025-09-14 07:09:55,High,Active Directory,Corporate IT & Infrastructure,Privilege Escalation,M. Patel,True Positive,53,Closed
ALT-903021,2025-09-14 08:18:00,High,Wealth Management Platform,Wealth Management,Discovery,M. Patel,True Positive,33,Closed
ALT-904088,2025-09-14 09:02:07,Medium,Trading Platform,Wealth Management,Collection,S. Okafor,False Positive,167,Closed
ALT-901641,2025-09-14 10:46:35,Medium,Wealth Management Platform,Wealth Management,Credential Access,T. Chen,Benign,72,Closed
ALT-904023,2025-09-14 14:31:18,Medium,Customer API Gateway,Digital Banking,Execution,J. Kowalski,Benign,143,Closed
ALT-900988,2025-09-15 09:12:49,Low,Mobile Banking App,Digital Banking,Defense Evasion,M. Patel,False Positive,212,Closed
ALT-900221,2025-09-15 11:27:41,High,Customer API Gateway,Digital Banking,Defense Evasion,Unassigned,Benign,35,Closed
ALT-902893,2025-09-15 22:43:05,Low,Core Banking System,Retail Banking,Persistence,M. Patel,Benign,315,Closed
ALT-902789,2025-09-15 23:13:44,Critical,Online Banking Portal,Digital Banking,Persistence,T. Chen,Benign,23,Closed
ALT-903726,2025-09-16 06:55:33,Low,Online Banking Portal,Digital Banking,Command and Control,M. Patel,False Positive,197,Closed
ALT-901215,2025-09-16 10:25:16,Medium,Commercial Loan Platform,Commercial Banking,Privilege Escalation,J. Kowalski,Benign,114,Closed
ALT-901513,2025-09-16 11:00:12,Medium,Treasury Management System,Commercial Banking,Persistence,Unassigned,Benign,83,Closed
ALT-900106,2025-09-16 11:17:27,Medium,Mobile Banking App,Digital Banking,Exfiltration,M. Patel,Benign,112,Closed
ALT-903871,2025-09-16 15:27:33,Medium,Treasury Management System,Commercial Banking,Collection,A. Ramirez,False Positive,115,Closed
ALT-900991,2025-09-16 16:32:41,Medium,Commercial Loan Platform,Commercial Banking,Persistence,T. Chen,Benign,117,Closed
ALT-900522,2025-09-16 18:45:44,High,Customer API Gateway,Digital Banking,Impact,A. Ramirez,True Positive,38,Closed
ALT-902394,2025-09-16 20:15:23,Low,Data Warehouse,Corporate IT & Infrastructure,Collection,L. Novak,Benign,84,Closed
ALT-900751,2025-09-16 21:44:24,Medium,Data Warehouse,Corporate IT & Infrastructure,Collection,S. Okafor,Benign,131,Closed
ALT-902956,2025-09-16 22:03:21,Low,Active Directory,Corporate IT & Infrastructure,Collection,J. Kowalski,False Positive,29,Closed
ALT-902569,2025-09-17 00:06:35,Low,Online Banking Portal,Digital Banking,Lateral Movement,T. Chen,True Positive,84,Closed
ALT-903160,2025-09-17 00:25:03,Critical,Data Warehouse,Corporate IT & Infrastructure,Defense Evasion,A. Ramirez,True Positive,22,Closed
ALT-900405,2025-09-17 07:00:15,Low,ATM Network,Retail Banking,Persistence,S. Okafor,False Positive,89,Closed
ALT-902561,2025-09-17 14:58:46,Low,Document Management System,Mortgage & Lending,Command and Control,Unassigned,Benign,305,Closed
ALT-901059,2025-09-17 16:42:57,Low,Online Banking Portal,Digital Banking,Initial Access,L. Novak,Benign,153,Closed
ALT-901075,2025-09-17 19:20:03,Low,Document Management System,Mortgage & Lending,Lateral Movement,S. Okafor,Benign,272,Closed
ALT-902864,2025-09-17 19:38:42,Medium,Customer API Gateway,Digital Banking,Command and Control,Unassigned,Benign,64,Closed
ALT-900680,2025-09-17 21:36:31,Low,Payment Gateway,Payments & Cards,Command and Control,S. Okafor,Benign,270,Closed
ALT-903776,2025-09-17 22:05:50,Low,Wealth Management Platform,Wealth Management,Credential Access,T. Chen,Benign,336,Closed
ALT-902086,2025-09-18 02:01:50,Medium,Teller Platform,Retail Banking,Impact,M. Patel,True Positive,119,Closed
ALT-902437,2025-09-18 05:56:03,Medium,Online Banking Portal,Digital Banking,Impact,L. Novak,True Positive,162,Closed
ALT-902237,2025-09-18 07:56:03,Low,Loan Origination System,Mortgage & Lending,Privilege Escalation,T. Chen,Benign,59,Closed
ALT-904199,2025-09-18 12:25:32,Medium,Teller Platform,Retail Banking,Credential Access,M. Patel,False Positive,158,Closed
ALT-903579,2025-09-18 16:05:31,Medium,Cloud Workloads (AWS),Corporate IT & Infrastructure,Impact,M. Patel,Benign,55,Closed
ALT-903425,2025-09-19 01:11:10,Medium,Commercial Loan Platform,Commercial Banking,Defense Evasion,S. Okafor,Benign,49,Closed
ALT-901235,2025-09-19 08:52:20,Low,Card Issuance System,Payments & Cards,Execution,Unassigned,False Positive,274,Closed
ALT-900454,2025-09-19 13:43:39,Low,Payment Gateway,Payments & Cards,Impact,A. Ramirez,False Positive,164,Closed
ALT-901207,2025-09-19 14:39:06,Medium,Online Banking Portal,Digital Banking,Exfiltration,J. Kowalski,True Positive,164,Closed
ALT-901633,2025-09-19 23:44:52,Low,Email & Collaboration (O365),Corporate IT & Infrastructure,Exfiltration,M. Patel,False Positive,67,Closed
ALT-901197,2025-09-20 11:41:33,Low,Data Warehouse,Corporate IT & Infrastructure,Privilege Escalation,S. Okafor,True Positive,112,Closed
ALT-903587,2025-09-20 19:53:24,Low,Commercial Loan Platform,Commercial Banking,Privilege Escalation,L. Novak,Benign,333,Closed
ALT-903862,2025-09-20 23:09:12,Low,Online Banking Portal,Digital Banking,Discovery,T. Chen,Benign,182,Closed
ALT-903127,2025-09-21 05:27:12,Low,Mobile Banking App,Digital Banking,Privilege Escalation,S. Okafor,True Positive,148,Closed
ALT-903666,2025-09-21 17:25:19,Low,Teller Platform,Retail Banking,Command and Control,M. Patel,Benign,210,Closed
ALT-903241,2025-09-21 18:28:26,Low,Commercial Loan Platform,Commercial Banking,Lateral Movement,Unassigned,Benign,32,Closed
ALT-903263,2025-09-21 20:04:36,High,Data Warehouse,Corporate IT & Infrastructure,Execution,L. Novak,False Positive,5,Closed
ALT-901888,2025-09-22 00:14:41,Low,Online Banking Portal,Digital Banking,Persistence,J. Kowalski,Benign,205,Closed
ALT-902399,2025-09-22 00:16:37,Low,Endpoint Fleet,Corporate IT & Infrastructure,Defense Evasion,A. Ramirez,Benign,259,Closed
ALT-902837,2025-09-22 00:58:02,Medium,Mobile Banking App,Digital Banking,Impact,S. Okafor,Benign,173,Closed
ALT-901538,2025-09-22 01:25:08,High,ATM Network,Retail Banking,Command and Control,J. Kowalski,Benign,20,Closed
ALT-901219,2025-09-22 01:52:10,Low,Treasury Management System,Commercial Banking,Impact,M. Patel,True Positive,281,Closed
ALT-900289,2025-09-22 02:46:31,High,Document Management System,Mortgage & Lending,Persistence,J. Kowalski,True Positive,16,Closed
ALT-904060,2025-09-22 03:16:48,Low,Online Banking Portal,Digital Banking,Collection,M. Patel,False Positive,257,Closed
ALT-903184,2025-09-22 05:22:15,Low,Mobile Banking App,Digital Banking,Lateral Movement,T. Chen,False Positive,45,Closed
ALT-902362,2025-09-22 11:58:47,High,Treasury Management System,Commercial Banking,Discovery,S. Okafor,Benign,34,Closed
ALT-901299,2025-09-22 13:25:13,Low,Treasury Management System,Commercial Banking,Credential Access,S. Okafor,False Positive,234,Closed
ALT-900418,2025-09-22 19:31:26,Medium,Wealth Management Platform,Wealth Management,Discovery,A. Ramirez,False Positive,144,Closed
ALT-902079,2025-09-23 09:05:44,Medium,Customer API Gateway,Digital Banking,Credential Access,Unassigned,False Positive,53,Closed
ALT-902181,2025-09-23 14:19:30,High,Teller Platform,Retail Banking,Privilege Escalation,S. Okafor,True Positive,35,Closed
ALT-902304,2025-09-23 15:49:08,Low,Endpoint Fleet,Corporate IT & Infrastructure,Collection,Unassigned,False Positive,152,Closed
ALT-903373,2025-09-23 16:53:42,High,Treasury Management System,Commercial Banking,Exfiltration,Unassigned,Benign,23,Closed
ALT-903565,2025-09-23 20:08:07,Medium,Commercial Loan Platform,Commercial Banking,Privilege Escalation,M. Patel,False Positive,13,Closed
ALT-902371,2025-09-24 03:08:53,Low,Document Management System,Mortgage & Lending,Defense Evasion,Unassigned,Benign,44,Closed
ALT-904064,2025-09-24 15:24:24,Low,Data Warehouse,Corporate IT & Infrastructure,Credential Access,J. Kowalski,Benign,143,Closed
ALT-902455,2025-09-24 19:38:15,Low,Document Management System,Mortgage & Lending,Impact,Unassigned,False Positive,159,Closed
ALT-901678,2025-09-24 20:38:20,Low,Trading Platform,Wealth Management,Initial Access,M. Patel,False Positive,144,Closed
ALT-904036,2025-09-25 03:47:30,Medium,Cloud Workloads (AWS),Corporate IT & Infrastructure,Command and Control,L. Novak,Benign,122,Closed
ALT-901793,2025-09-25 07:54:43,Medium,Customer API Gateway,Digital Banking,Execution,M. Patel,False Positive,127,Closed
ALT-902589,2025-09-25 14:47:17,Medium,Mobile Banking App,Digital Banking,Collection,M. Patel,False Positive,88,Closed
ALT-900913,2025-09-25 20:30:51,Low,Core Banking System,Retail Banking,Initial Access,M. Patel,Benign,210,Closed
ALT-903886,2025-09-25 21:39:01,Low,Commercial Loan Platform,Commercial Banking,Impact,S. Okafor,False Positive,80,Closed
ALT-904160,2025-09-25 22:22:26,Low,Wealth Management Platform,Wealth Management,Defense Evasion,Unassigned,False Positive,175,Closed
ALT-900209,2025-09-26 04:56:26,Low,Teller Platform,Retail Banking,Privilege Escalation,J. Kowalski,True Positive,218,Closed
ALT-902675,2025-09-26 11:29:21,Medium,Treasury Management System,Commercial Banking,Credential Access,J. Kowalski,False Positive,87,Closed
ALT-900564,2025-09-26 16:12:20,Low,Loan Origination System,Mortgage & Lending,Command and Control,J. Kowalski,Benign,237,Closed
ALT-900610,2025-09-27 10:05:04,Low,Trading Platform,Wealth Management,Collection,T. Chen,Benign,67,Closed
ALT-903554,2025-09-27 12:52:04,Medium,Payment Gateway,Payments & Cards,Lateral Movement,J. Kowalski,True Positive,65,Closed
ALT-901649,2025-09-27 16:19:41,Low,Loan Origination System,Mortgage & Lending,Impact,Unassigned,False Positive,26,Closed
ALT-904192,2025-09-27 16:58:42,Medium,Customer API Gateway,Digital Banking,Command and Control,S. Okafor,False Positive,156,Closed
ALT-902053,2025-09-27 18:06:11,Medium,Customer API Gateway,Digital Banking,Command and Control,Unassigned,Benign,90,Closed
ALT-902503,2025-09-28 05:13:34,Medium,Wealth Management Platform,Wealth Management,Execution,Unassigned,False Positive,40,Closed
ALT-901221,2025-09-28 09:08:02,Low,Teller Platform,Retail Banking,Privilege Escalation,J. Kowalski,Benign,60,Closed
ALT-901885,2025-09-28 10:11:46,Low,Teller Platform,Retail Banking,Initial Access,S. Okafor,Benign,330,Closed
ALT-902225,2025-09-28 19:21:01,High,Mobile Banking App,Digital Banking,Initial Access,A. Ramirez,Benign,8,Closed
ALT-900937,2025-09-29 00:02:51,Low,Customer API Gateway,Digital Banking,Initial Access,M. Patel,False Positive,156,Closed
ALT-900429,2025-09-29 01:35:35,Low,Online Banking Portal,Digital Banking,Initial Access,S. Okafor,Benign,229,Closed
ALT-903119,2025-09-29 07:49:02,Low,Customer API Gateway,Digital Banking,Initial Access,T. Chen,False Positive,100,Closed
ALT-902316,2025-09-29 09:16:18,High,Treasury Management System,Commercial Banking,Persistence,S. Okafor,True Positive,49,Closed
ALT-902028,2025-09-29 10:50:33,Low,Document Management System,Mortgage & Lending,Credential Access,L. Novak,Benign,272,Closed
ALT-900009,2025-09-29 17:06:46,High,Active Directory,Corporate IT & Infrastructure,Lateral Movement,Unassigned,False Positive,5,Closed
ALT-900323,2025-09-29 20:22:38,Low,Active Directory,Corporate IT & Infrastructure,Discovery,L. Novak,Benign,137,Closed
ALT-900112,2025-09-29 22:06:43,Medium,Email & Collaboration (O365),Corporate IT & Infrastructure,Privilege Escalation,L. Novak,Benign,144,Closed
ALT-902293,2025-09-29 22:14:22,Low,Treasury Management System,Commercial Banking,Command and Control,L. Novak,Benign,111,Closed
ALT-903940,2025-09-29 23:24:08,Low,Card Issuance System,Payments & Cards,Privilege Escalation,M. Patel,True Positive,39,Closed
ALT-902285,2025-09-30 03:50:14,Critical,Core Banking System,Retail Banking,Privilege Escalation,Unassigned,True Positive,2,Closed
ALT-901127,2025-09-30 06:24:55,Medium,ATM Network,Retail Banking,Defense Evasion,A. Ramirez,False Positive,45,Closed
ALT-900912,2025-09-30 06:26:10,Medium,Treasury Management System,Commercial Banking,Persistence,S. Okafor,True Positive,26,Closed
ALT-903839,2025-09-30 06:45:31,Low,Treasury Management System,Commercial Banking,Defense Evasion,M. Patel,Benign,244,Closed
ALT-901951,2025-09-30 08:14:30,Medium,ATM Network,Retail Banking,Credential Access,A. Ramirez,False Positive,25,Closed
ALT-904001,2025-09-30 12:44:57,Low,Active Directory,Corporate IT & Infrastructure,Initial Access,M. Patel,True Positive,342,Closed
ALT-903318,2025-09-30 13:01:59,Low,Online Banking Portal,Digital Banking,Discovery,L. Novak,False Positive,98,Closed
ALT-900360,2025-09-30 13:56:22,High,Customer API Gateway,Digital Banking,Initial Access,L. Novak,True Positive,38,Closed
ALT-901730,2025-09-30 18:02:27,Medium,Wealth Management Platform,Wealth Management,Defense Evasion,L. Novak,Benign,172,Closed
ALT-902990,2025-09-30 20:36:05,Medium,Mobile Banking App,Digital Banking,Collection,M. Patel,Benign,169,Closed
ALT-902106,2025-09-30 23:06:31,Low,Card Issuance System,Payments & Cards,Impact,S. Okafor,False Positive,234,Closed
ALT-903074,2025-10-01 00:53:47,Low,Wealth Management Platform,Wealth Management,Initial Access,J. Kowalski,False Positive,168,Closed
ALT-902125,2025-10-01 02:26:26,Low,Mobile Banking App,Digital Banking,Persistence,Unassigned,Benign,130,Closed
ALT-901662,2025-10-01 11:32:29,Low,Loan Origination System,Mortgage & Lending,Credential Access,J. Kowalski,Benign,169,Closed
ALT-900432,2025-10-01 14:09:28,Low,Document Management System,Mortgage & Lending,Lateral Movement,Unassigned,False Positive,128,Closed
ALT-903524,2025-10-01 23:51:55,Medium,Loan Origination System,Mortgage & Lending,Persistence,Unassigned,False Positive,147,Closed
ALT-902579,2025-10-02 05:08:37,Low,Mobile Banking App,Digital Banking,Persistence,S. Okafor,Benign,20,Closed
ALT-900131,2025-10-02 06:39:29,Medium,Teller Platform,Retail Banking,Privilege Escalation,L. Novak,False Positive,70,Closed
ALT-902214,2025-10-02 14:22:18,Low,Email & Collaboration (O365),Corporate IT & Infrastructure,Credential Access,A. Ramirez,Benign,193,Closed
ALT-901222,2025-10-02 17:30:15,Low,Commercial Loan Platform,Commercial Banking,Exfiltration,T. Chen,False Positive,323,Closed
ALT-900674,2025-10-02 18:03:07,Low,Active Directory,Corporate IT & Infrastructure,Exfiltration,J. Kowalski,False Positive,207,Closed
ALT-903314,2025-10-02 19:06:43,Low,Online Banking Portal,Digital Banking,Impact,L. Novak,Benign,300,Closed
ALT-901883,2025-10-02 21:14:47,Medium,Customer API Gateway,Digital Banking,Impact,A. Ramirez,False Positive,92,Closed
ALT-902960,2025-10-02 22:12:47,Critical,Treasury Management System,Commercial Banking,Discovery,J. Kowalski,False Positive,27,Closed
ALT-900499,2025-10-03 01:58:21,Low,Card Issuance System,Payments & Cards,Collection,T. Chen,Benign,349,Closed
ALT-901798,2025-10-03 05:39:19,Medium,Teller Platform,Retail Banking,Defense Evasion,L. Novak,False Positive,79,Closed
ALT-902509,2025-10-03 11:48:12,High,Wire Transfer System,Payments & Cards,Collection,S. Okafor,False Positive,34,Closed
ALT-902685,2025-10-03 15:06:51,Medium,Endpoint Fleet,Corporate IT & Infrastructure,Credential Access,T. Chen,Benign,117,Closed
ALT-901740,2025-10-04 01:42:53,Low,Payment Gateway,Payments & Cards,Credential Access,A. Ramirez,False Positive,43,Closed
ALT-902436,2025-10-04 02:28:52,Medium,Document Management System,Mortgage & Lending,Initial Access,T. Chen,False Positive,99,Closed
ALT-902982,2025-10-04 18:56:23,Low,Wire Transfer System,Payments & Cards,Privilege Escalation,T. Chen,Benign,97,Closed
ALT-902391,2025-10-04 19:08:57,Low,Online Banking Portal,Digital Banking,Initial Access,A. Ramirez,False Positive,147,Closed
ALT-902488,2025-10-04 19:51:43,High,Wealth Management Platform,Wealth Management,Exfiltration,L. Novak,Benign,10,Closed
ALT-901419,2025-10-05 06:41:37,Low,Mobile Banking App,Digital Banking,Collection,Unassigned,False Positive,26,Closed
ALT-902076,2025-10-05 10:23:58,Low,Commercial Loan Platform,Commercial Banking,Execution,A. Ramirez,Benign,178,Closed
ALT-901794,2025-10-05 23:37:20,Low,Wire Transfer System,Payments & Cards,Command and Control,A. Ramirez,Benign,320,Closed
ALT-903719,2025-10-06 06:31:32,Low,Treasury Management System,Commercial Banking,Collection,A. Ramirez,Benign,200,Closed
ALT-903268,2025-10-06 10:54:00,Medium,Payment Gateway,Payments & Cards,Command and Control,M. Patel,False Positive,45,Closed
ALT-903368,2025-10-06 21:08:26,Low,Treasury Management System,Commercial Banking,Execution,Unassigned,Benign,191,Closed
ALT-903965,2025-10-06 22:33:29,High,Payment Gateway,Payments & Cards,Defense Evasion,J. Kowalski,Benign,44,Closed
ALT-900160,2025-10-06 23:13:07,Medium,Treasury Management System,Commercial Banking,Credential Access,L. Novak,Benign,115,Closed
ALT-903717,2025-10-07 00:45:53,Medium,Endpoint Fleet,Corporate IT & Infrastructure,Command and Control,M. Patel,False Positive,178,Closed
ALT-900791,2025-10-07 02:36:04,High,Core Banking System,Retail Banking,Execution,L. Novak,True Positive,45,Closed
ALT-903854,2025-10-07 03:30:30,Medium,Loan Origination System,Mortgage & Lending,Command and Control,S. Okafor,True Positive,175,Closed
ALT-900529,2025-10-07 09:24:13,High,ATM Network,Retail Banking,Impact,S. Okafor,False Positive,41,Closed
ALT-903393,2025-10-07 14:50:28,Low,Active Directory,Corporate IT & Infrastructure,Persistence,T. Chen,Benign,186,Closed
ALT-900371,2025-10-07 15:16:34,High,Trading Platform,Wealth Management,Initial Access,L. Novak,Benign,7,Closed
ALT-900979,2025-10-07 15:22:57,Low,Payment Gateway,Payments & Cards,Exfiltration,J. Kowalski,False Positive,310,Closed
ALT-900923,2025-10-07 16:53:19,Low,Wealth Management Platform,Wealth Management,Exfiltration,J. Kowalski,Benign,67,Closed
ALT-900761,2025-10-07 18:36:45,Medium,ATM Network,Retail Banking,Command and Control,Unassigned,Benign,99,Closed
ALT-900717,2025-10-07 19:19:55,Medium,Active Directory,Corporate IT & Infrastructure,Privilege Escalation,M. Patel,Benign,151,Closed
ALT-900846,2025-10-08 04:36:59,Low,Document Management System,Mortgage & Lending,Lateral Movement,M. Patel,False Positive,232,Closed
ALT-902277,2025-10-08 12:38:09,Low,Core Banking System,Retail Banking,Execution,T. Chen,Benign,80,Closed
ALT-900315,2025-10-08 17:50:37,High,Mobile Banking App,Digital Banking,Impact,T. Chen,Benign,37,Closed
ALT-902401,2025-10-08 19:11:18,Low,Treasury Management System,Commercial Banking,Impact,J. Kowalski,False Positive,200,Closed
ALT-903067,2025-10-08 20:24:06,Medium,Endpoint Fleet,Corporate IT & Infrastructure,Lateral Movement,Unassigned,False Positive,120,Closed
ALT-900025,2025-10-09 04:21:58,High,Wire Transfer System,Payments & Cards,Command and Control,J. Kowalski,True Positive,50,Closed
ALT-901913,2025-10-09 04:31:47,Critical,Commercial Loan Platform,Commercial Banking,Execution,L. Novak,True Positive,6,Closed
ALT-901699,2025-10-09 09:19:12,Medium,Wealth Management Platform,Wealth Management,Privilege Escalation,T. Chen,True Positive,151,Closed
ALT-904157,2025-10-09 15:32:51,High,Trading Platform,Wealth Management,Collection,S. Okafor,Benign,55,Closed
ALT-903757,2025-10-09 16:08:14,Low,Customer API Gateway,Digital Banking,Credential Access,S. Okafor,False Positive,96,Closed
ALT-903898,2025-10-10 01:48:12,Low,ATM Network,Retail Banking,Impact,T. Chen,False Positive,308,Closed
ALT-902755,2025-10-10 03:45:29,Low,Active Directory,Corporate IT & Infrastructure,Privilege Escalation,L. Novak,False Positive,242,Closed
ALT-903802,2025-10-10 16:11:24,Low,Core Banking System,Retail Banking,Command and Control,S. Okafor,False Positive,153,Closed
ALT-900645,2025-10-10 18:11:59,High,Card Issuance System,Payments & Cards,Collection,Unassigned,True Positive,54,Closed
ALT-902087,2025-10-11 01:37:27,Low,Document Management System,Mortgage & Lending,Credential Access,L. Novak,True Positive,90,Closed
ALT-902088,2025-10-11 02:58:51,Low,Wire Transfer System,Payments & Cards,Credential Access,Unassigned,False Positive,122,Closed
ALT-903261,2025-10-11 03:50:42,Medium,Endpoint Fleet,Corporate IT & Infrastructure,Collection,M. Patel,Benign,124,Closed
ALT-902863,2025-10-11 12:45:11,Medium,Loan Origination System,Mortgage & Lending,Defense Evasion,A. Ramirez,Benign,105,Closed
ALT-900915,2025-10-11 13:06:19,Low,Core Banking System,Retail Banking,Exfiltration,Unassigned,Benign,254,Closed
ALT-900861,2025-10-11 14:40:32,Critical,Card Issuance System,Payments & Cards,Collection,A. Ramirez,False Positive,27,Closed
ALT-902484,2025-10-11 17:01:42,Low,Data Warehouse,Corporate IT & Infrastructure,Exfiltration,T. Chen,False Positive,54,Closed
ALT-903003,2025-10-12 16:17:30,Medium,Mobile Banking App,Digital Banking,Discovery,A. Ramirez,Benign,52,Closed
ALT-900550,2025-10-12 17:03:48,Low,Mobile Banking App,Digital Banking,Lateral Movement,L. Novak,False Positive,146,Closed
ALT-901440,2025-10-12 21:58:03,Low,Online Banking Portal,Digital Banking,Command and Control,M. Patel,Benign,346,Closed
ALT-901984,2025-10-13 01:41:20,High,Card Issuance System,Payments & Cards,Command and Control,J. Kowalski,True Positive,28,Closed
ALT-903633,2025-10-13 01:55:46,Low,Online Banking Portal,Digital Banking,Defense Evasion,A. Ramirez,Benign,196,Closed
ALT-903408,2025-10-13 06:01:13,High,Customer API Gateway,Digital Banking,Discovery,M. Patel,True Positive,7,Closed
ALT-901201,2025-10-13 08:44:58,Medium,Online Banking Portal,Digital Banking,Collection,A. Ramirez,False Positive,27,Closed
ALT-902165,2025-10-13 09:56:01,High,Wire Transfer System,Payments & Cards,Command and Control,Unassigned,True Positive,29,Closed
ALT-903843,2025-10-13 13:11:59,Low,Customer API Gateway,Digital Banking,Exfiltration,A. Ramirez,Benign,336,Closed
ALT-903239,2025-10-13 16:38:49,Medium,Card Issuance System,Payments & Cards,Collection,Unassigned,Benign,61,Closed
ALT-900950,2025-10-13 21:08:04,Low,Cloud Workloads (AWS),Corporate IT & Infrastructure,Persistence,M. Patel,Benign,223,Closed
ALT-903574,2025-10-13 22:38:32,Medium,Data Warehouse,Corporate IT & Infrastructure,Initial Access,L. Novak,False Positive,10,Closed
ALT-902510,2025-10-14 01:24:36,Medium,Cloud Workloads (AWS),Corporate IT & Infrastructure,Initial Access,T. Chen,False Positive,99,Closed
ALT-903544,2025-10-14 11:12:16,Medium,Wire Transfer System,Payments & Cards,Collection,A. Ramirez,False Positive,33,Closed
ALT-900964,2025-10-14 18:45:14,Medium,Teller Platform,Retail Banking,Discovery,A. Ramirez,Benign,51,Closed
ALT-901089,2025-10-14 23:15:13,Medium,Online Banking Portal,Digital Banking,Lateral Movement,L. Novak,False Positive,48,Closed
ALT-902425,2025-10-15 05:56:09,Medium,Endpoint Fleet,Corporate IT & Infrastructure,Impact,Unassigned,True Positive,147,Closed
ALT-903615,2025-10-15 06:52:42,High,Active Directory,Corporate IT & Infrastructure,Discovery,T. Chen,False Positive,9,Closed
ALT-900956,2025-10-15 14:10:35,Low,Email & Collaboration (O365),Corporate IT & Infrastructure,Discovery,S. Okafor,False Positive,114,Closed
ALT-900490,2025-10-15 18:02:34,Medium,Loan Origination System,Mortgage & Lending,Initial Access,Unassigned,Benign,172,Closed
ALT-903443,2025-10-15 18:32:40,Low,Wealth Management Platform,Wealth Management,Execution,M. Patel,Benign,179,Closed
ALT-901875,2025-10-16 07:48:48,Medium,Mobile Banking App,Digital Banking,Discovery,Unassigned,Benign,177,Closed
ALT-901716,2025-10-16 14:47:10,Low,Customer API Gateway,Digital Banking,Exfiltration,S. Okafor,False Positive,226,Closed
ALT-900558,2025-10-17 01:16:07,Medium,Wire Transfer System,Payments & Cards,Discovery,L. Novak,False Positive,146,Closed
ALT-901227,2025-10-17 05:47:58,Medium,ATM Network,Retail Banking,Collection,A. Ramirez,False Positive,26,Closed
ALT-900741,2025-10-17 08:41:17,Medium,Commercial Loan Platform,Commercial Banking,Initial Access,T. Chen,Benign,57,Closed
ALT-900113,2025-10-17 10:02:07,High,Card Issuance System,Payments & Cards,Discovery,Unassigned,True Positive,32,Closed
ALT-900864,2025-10-17 12:55:15,Medium,Card Issuance System,Payments & Cards,Defense Evasion,T. Chen,Benign,81,Closed
ALT-903508,2025-10-17 14:27:02,Medium,Endpoint Fleet,Corporate IT & Infrastructure,Credential Access,J. Kowalski,Benign,137,Closed
ALT-903246,2025-10-17 22:49:11,Low,Email & Collaboration (O365),Corporate IT & Infrastructure,Lateral Movement,T. Chen,Benign,91,Closed
ALT-902312,2025-10-18 01:39:07,Medium,Online Banking Portal,Digital Banking,Collection,A. Ramirez,Benign,151,Closed
ALT-900008,2025-10-18 04:35:25,Low,Trading Platform,Wealth Management,Defense Evasion,J. Kowalski,True Positive,295,Closed
ALT-900424,2025-10-18 08:43:17,Medium,Online Banking Portal,Digital Banking,Exfiltration,A. Ramirez,Benign,68,Closed
ALT-902339,2025-10-18 10:30:04,High,Commercial Loan Platform,Commercial Banking,Initial Access,T. Chen,True Positive,24,Closed
ALT-903472,2025-10-18 12:18:55,Low,Commercial Loan Platform,Commercial Banking,Credential Access,T. Chen,True Positive,99,Closed
ALT-903930,2025-10-18 16:25:44,Medium,Mobile Banking App,Digital Banking,Collection,A. Ramirez,False Positive,89,Closed
ALT-901188,2025-10-18 17:48:12,Medium,ATM Network,Retail Banking,Initial Access,T. Chen,Benign,153,Closed
ALT-904045,2025-10-18 21:50:12,Low,Card Issuance System,Payments & Cards,Initial Access,M. Patel,True Positive,319,Closed
ALT-903301,2025-10-18 22:23:19,Medium,Email & Collaboration (O365),Corporate IT & Infrastructure,Lateral Movement,Unassigned,False Positive,139,Closed
ALT-901812,2025-10-19 04:02:26,Low,Wire Transfer System,Payments & Cards,Discovery,A. Ramirez,False Positive,235,Closed
ALT-900401,2025-10-19 11:46:56,Low,Treasury Management System,Commercial Banking,Discovery,A. Ramirez,False Positive,142,Closed
ALT-901193,2025-10-19 17:08:31,Medium,Online Banking Portal,Digital Banking,Impact,L. Novak,False Positive,91,Closed
ALT-902976,2025-10-19 17:39:16,High,Commercial Loan Platform,Commercial Banking,Impact,Unassigned,Benign,23,Closed
ALT-902696,2025-10-19 20:06:02,Low,Document Management System,Mortgage & Lending,Collection,T. Chen,True Positive,57,Closed
ALT-903279,2025-10-19 23:55:29,Low,Email & Collaboration (O365),Corporate IT & Infrastructure,Credential Access,S. Okafor,Benign,360,Closed
ALT-902674,2025-10-20 00:42:27,High,Cloud Workloads (AWS),Corporate IT & Infrastructure,Credential Access,J. Kowalski,Benign,33,Closed
ALT-903527,2025-10-20 03:05:23,Low,Commercial Loan Platform,Commercial Banking,Discovery,L. Novak,True Positive,34,Closed
ALT-900987,2025-10-20 04:54:36,High,Wealth Management Platform,Wealth Management,Lateral Movement,J. Kowalski,Benign,22,Closed
ALT-900874,2025-10-20 13:00:22,Low,Core Banking System,Retail Banking,Initial Access,Unassigned,Benign,111,Closed
ALT-903669,2025-10-21 06:32:57,Low,Mobile Banking App,Digital Banking,Impact,T. Chen,Benign,259,Closed
ALT-900624,2025-10-21 13:17:00,Medium,Wire Transfer System,Payments & Cards,Collection,M. Patel,Benign,86,Closed
ALT-903537,2025-10-21 17:21:45,Medium,Customer API Gateway,Digital Banking,Persistence,A. Ramirez,True Positive,35,Closed
ALT-904145,2025-10-21 18:39:28,Medium,Customer API Gateway,Digital Banking,Impact,A. Ramirez,False Positive,134,Closed
ALT-901537,2025-10-22 01:15:19,Low,Wire Transfer System,Payments & Cards,Privilege Escalation,Unassigned,False Positive,135,Closed
ALT-902549,2025-10-22 02:24:17,Medium,Trading Platform,Wealth Management,Exfiltration,J. Kowalski,False Positive,26,Closed
ALT-902430,2025-10-22 07:08:12,Low,Cloud Workloads (AWS),Corporate IT & Infrastructure,Exfiltration,T. Chen,False Positive,261,Closed
ALT-901830,2025-10-22 13:30:16,Low,Data Warehouse,Corporate IT & Infrastructure,Credential Access,S. Okafor,Benign,114,Closed
ALT-900640,2025-10-22 14:00:39,Medium,Document Management System,Mortgage & Lending,Credential Access,S. Okafor,Benign,12,Closed
ALT-901605,2025-10-22 15:08:12,Low,Customer API Gateway,Digital Banking,Impact,T. Chen,Benign,150,Closed
ALT-900903,2025-10-22 15:11:15,High,Trading Platform,Wealth Management,Credential Access,M. Patel,False Positive,27,Closed
ALT-901877,2025-10-22 19:23:20,Low,Commercial Loan Platform,Commercial Banking,Discovery,T. Chen,False Positive,65,Closed
ALT-902296,2025-10-22 23:15:34,Low,Online Banking Portal,Digital Banking,Privilege Escalation,S. Okafor,Benign,234,Closed
ALT-900497,2025-10-23 01:15:41,High,Wealth Management Platform,Wealth Management,Discovery,L. Novak,Benign,19,Closed
ALT-900141,2025-10-23 04:38:02,Medium,Payment Gateway,Payments & Cards,Defense Evasion,J. Kowalski,False Positive,37,Closed
ALT-903128,2025-10-23 06:53:10,Low,Commercial Loan Platform,Commercial Banking,Credential Access,S. Okafor,False Positive,192,Closed
ALT-903154,2025-10-23 08:00:19,Medium,Online Banking Portal,Digital Banking,Exfiltration,Unassigned,False Positive,173,Closed
ALT-900833,2025-10-24 02:34:18,Low,Treasury Management System,Commercial Banking,Lateral Movement,Unassigned,Benign,262,Closed
ALT-900954,2025-10-24 02:56:50,High,Active Directory,Corporate IT & Infrastructure,Privilege Escalation,J. Kowalski,True Positive,59,Closed
ALT-900699,2025-10-24 10:36:37,Medium,Customer API Gateway,Digital Banking,Execution,J. Kowalski,Benign,172,Closed
ALT-900503,2025-10-24 15:51:12,Medium,Wealth Management Platform,Wealth Management,Impact,L. Novak,False Positive,55,Closed
ALT-901994,2025-10-24 19:01:17,Low,Endpoint Fleet,Corporate IT & Infrastructure,Execution,A. Ramirez,False Positive,323,Closed
ALT-902044,2025-10-24 22:02:44,Low,Online Banking Portal,Digital Banking,Credential Access,A. Ramirez,Benign,34,Closed
ALT-903941,2025-10-25 01:42:40,High,Teller Platform,Retail Banking,Credential Access,M. Patel,Benign,54,Closed
ALT-902831,2025-10-25 06:22:55,Medium,Cloud Workloads (AWS),Corporate IT & Infrastructure,Execution,J. Kowalski,True Positive,21,Closed
ALT-902081,2025-10-25 08:45:16,Low,Document Management System,Mortgage & Lending,Exfiltration,S. Okafor,True Positive,276,Closed
ALT-902838,2025-10-25 10:25:43,Low,Customer API Gateway,Digital Banking,Collection,T. Chen,False Positive,147,Closed
ALT-902074,2025-10-25 12:52:42,High,Wire Transfer System,Payments & Cards,Exfiltration,L. Novak,False Positive,13,Closed
ALT-902175,2025-10-25 16:38:07,Low,Wire Transfer System,Payments & Cards,Lateral Movement,L. Novak,Benign,132,Closed
ALT-900093,2025-10-26 01:00:19,Low,Email & Collaboration (O365),Corporate IT & Infrastructure,Lateral Movement,S. Okafor,True Positive,208,Closed
ALT-901844,2025-10-26 09:20:48,Low,Email & Collaboration (O365),Corporate IT & Infrastructure,Command and Control,A. Ramirez,False Positive,192,Closed
ALT-902943,2025-10-26 11:21:52,Low,Core Banking System,Retail Banking,Persistence,A. Ramirez,Benign,232,Closed
ALT-902768,2025-10-26 20:14:11,Medium,Wire Transfer System,Payments & Cards,Discovery,S. Okafor,False Positive,70,Closed
ALT-902676,2025-10-26 20:41:12,Low,Online Banking Portal,Digital Banking,Execution,S. Okafor,Benign,308,Closed
ALT-903299,2025-10-26 22:57:51,Low,Teller Platform,Retail Banking,Privilege Escalation,Unassigned,False Positive,159,Closed
ALT-900665,2025-10-26 23:49:34,Medium,Teller Platform,Retail Banking,Defense Evasion,A. Ramirez,False Positive,174,Closed
ALT-900646,2025-10-27 05:59:33,Medium,Customer API Gateway,Digital Banking,Command and Control,Unassigned,True Positive,151,Closed
ALT-904035,2025-10-27 23:59:28,Critical,Endpoint Fleet,Corporate IT & Infrastructure,Defense Evasion,Unassigned,True Positive,5,Closed
ALT-900416,2025-10-28 03:39:01,Medium,Customer API Gateway,Digital Banking,Exfiltration,T. Chen,Benign,33,Closed
ALT-903536,2025-10-28 10:15:16,Low,Mobile Banking App,Digital Banking,Command and Control,A. Ramirez,True Positive,356,Closed
ALT-903148,2025-10-28 14:06:05,Low,Endpoint Fleet,Corporate IT & Infrastructure,Discovery,T. Chen,False Positive,250,Closed
ALT-902239,2025-10-29 00:10:31,Medium,Card Issuance System,Payments & Cards,Defense Evasion,M. Patel,False Positive,157,Closed
ALT-900409,2025-10-29 06:45:03,Medium,Core Banking System,Retail Banking,Command and Control,T. Chen,Benign,55,Closed
ALT-900364,2025-10-29 08:08:20,Medium,Commercial Loan Platform,Commercial Banking,Discovery,S. Okafor,Benign,117,Closed
ALT-902516,2025-10-29 09:34:44,Medium,Document Management System,Mortgage & Lending,Initial Access,Unassigned,Benign,131,Closed
ALT-901519,2025-10-29 10:15:26,Medium,Card Issuance System,Payments & Cards,Exfiltration,L. Novak,False Positive,107,Closed
ALT-901199,2025-10-29 14:00:16,Low,Document Management System,Mortgage & Lending,Credential Access,Unassigned,True Positive,336,Closed
ALT-903903,2025-10-29 22:57:20,High,Email & Collaboration (O365),Corporate IT & Infrastructure,Initial Access,S. Okafor,False Positive,54,Closed
ALT-903904,2025-10-29 23:44:08,Low,Active Directory,Corporate IT & Infrastructure,Exfiltration,Unassigned,False Positive,173,Closed
ALT-900944,2025-10-30 05:57:49,Medium,Commercial Loan Platform,Commercial Banking,Persistence,J. Kowalski,False Positive,102,Closed
ALT-903624,2025-10-30 09:23:36,Medium,Active Directory,Corporate IT & Infrastructure,Initial Access,M. Patel,Benign,78,Closed
ALT-902914,2025-10-30 19:15:59,Medium,ATM Network,Retail Banking,Command and Control,Unassigned,False Positive,115,Closed
ALT-900484,2025-10-30 22:06:35,Medium,Loan Origination System,Mortgage & Lending,Collection,J. Kowalski,False Positive,179,Closed
ALT-901551,2025-10-31 05:29:55,Low,Active Directory,Corporate IT & Infrastructure,Discovery,L. Novak,Benign,220,Closed
ALT-904185,2025-10-31 11:05:30,Low,Teller Platform,Retail Banking,Exfiltration,Unassigned,Benign,37,Closed
ALT-902815,2025-10-31 11:41:37,Low,Trading Platform,Wealth Management,Defense Evasion,M. Patel,False Positive,141,Closed
ALT-901728,2025-10-31 16:52:51,Medium,Wire Transfer System,Payments & Cards,Credential Access,L. Novak,Benign,42,Closed
ALT-900852,2025-10-31 17:23:02,Low,Active Directory,Corporate IT & Infrastructure,Credential Access,Unassigned,False Positive,245,Closed
ALT-903043,2025-10-31 20:29:29,Low,Mobile Banking App,Digital Banking,Execution,T. Chen,Benign,133,Closed
ALT-900214,2025-11-01 02:16:03,Medium,Card Issuance System,Payments & Cards,Command and Control,M. Patel,False Positive,22,Closed
ALT-900821,2025-11-01 09:35:42,Medium,Treasury Management System,Commercial Banking,Exfiltration,S. Okafor,False Positive,31,Closed
ALT-901422,2025-11-01 11:42:20,Low,Customer API Gateway,Digital Banking,Credential Access,Unassigned,False Positive,206,Closed
ALT-902883,2025-11-01 21:32:30,Low,Core Banking System,Retail Banking,Initial Access,J. Kowalski,False Positive,289,Closed
ALT-901324,2025-11-02 03:37:09,Low,Endpoint Fleet,Corporate IT & Infrastructure,Collection,M. Patel,False Positive,183,Closed
ALT-903009,2025-11-02 09:36:33,Low,Treasury Management System,Commercial Banking,Discovery,Unassigned,Benign,284,Closed
ALT-900521,2025-11-02 10:59:49,Low,Customer API Gateway,Digital Banking,Impact,A. Ramirez,Benign,84,Closed
ALT-903171,2025-11-02 16:10:48,Low,Trading Platform,Wealth Management,Credential Access,J. Kowalski,False Positive,298,Closed
ALT-900224,2025-11-02 21:59:49,Critical,Customer API Gateway,Digital Banking,Privilege Escalation,J. Kowalski,False Positive,23,Closed
ALT-903226,2025-11-03 02:12:24,Medium,Loan Origination System,Mortgage & Lending,Collection,S. Okafor,False Positive,35,Closed
ALT-903204,2025-11-03 05:40:53,Medium,Trading Platform,Wealth Management,Lateral Movement,Unassigned,Benign,94,Closed
ALT-902742,2025-11-03 10:32:28,High,Active Directory,Corporate IT & Infrastructure,Exfiltration,M. Patel,False Positive,36,Closed
ALT-903575,2025-11-03 12:44:13,Medium,Document Management System,Mortgage & Lending,Defense Evasion,J. Kowalski,Benign,71,Closed
ALT-901989,2025-11-03 13:34:57,Low,Wire Transfer System,Payments & Cards,Impact,M. Patel,Benign,148,Closed
ALT-900849,2025-11-03 15:50:46,Low,Payment Gateway,Payments & Cards,Credential Access,M. Patel,Benign,244,Closed
ALT-900475,2025-11-04 04:01:07,Low,Card Issuance System,Payments & Cards,Collection,Unassigned,Benign,49,Closed
ALT-901709,2025-11-04 06:41:35,Medium,Mobile Banking App,Digital Banking,Defense Evasion,A. Ramirez,Benign,26,Closed
ALT-900228,2025-11-04 15:22:14,Medium,Teller Platform,Retail Banking,Lateral Movement,Unassigned,Benign,20,Closed
ALT-902564,2025-11-04 16:06:15,Low,Trading Platform,Wealth Management,Lateral Movement,T. Chen,False Positive,355,Closed
ALT-900002,2025-11-04 18:47:32,Low,Mobile Banking App,Digital Banking,Collection,Unassigned,False Positive,284,Closed
ALT-902030,2025-11-05 04:03:03,Medium,Treasury Management System,Commercial Banking,Command and Control,T. Chen,Benign,172,Closed
ALT-903010,2025-11-05 07:15:36,High,Wire Transfer System,Payments & Cards,Execution,M. Patel,True Positive,44,Closed
ALT-900468,2025-11-05 08:29:01,Low,Core Banking System,Retail Banking,Exfiltration,S. Okafor,Benign,25,Closed
ALT-902652,2025-11-05 09:36:24,Critical,Online Banking Portal,Digital Banking,Command and Control,J. Kowalski,False Positive,3,Closed
ALT-901643,2025-11-05 11:55:26,Low,Document Management System,Mortgage & Lending,Exfiltration,J. Kowalski,Benign,198,Closed
ALT-901970,2025-11-05 23:15:40,Low,ATM Network,Retail Banking,Credential Access,J. Kowalski,Benign,53,Closed
ALT-901931,2025-11-06 00:18:59,Low,Payment Gateway,Payments & Cards,Execution,Unassigned,Benign,82,Closed
ALT-902921,2025-11-06 02:39:06,Medium,Mobile Banking App,Digital Banking,Defense Evasion,T. Chen,True Positive,27,Closed
ALT-901711,2025-11-06 06:06:46,Low,Online Banking Portal,Digital Banking,Discovery,J. Kowalski,False Positive,28,Closed
ALT-901206,2025-11-06 07:03:47,High,Teller Platform,Retail Banking,Credential Access,J. Kowalski,False Positive,16,Closed
ALT-903761,2025-11-06 11:40:29,Low,Endpoint Fleet,Corporate IT & Infrastructure,Initial Access,S. Okafor,False Positive,91,Closed
ALT-901232,2025-11-06 16:43:07,Low,Teller Platform,Retail Banking,Privilege Escalation,J. Kowalski,Benign,347,Closed
ALT-900230,2025-11-06 18:22:45,Low,Wire Transfer System,Payments & Cards,Privilege Escalation,L. Novak,False Positive,91,Closed
ALT-903513,2025-11-06 22:25:12,Low,Active Directory,Corporate IT & Infrastructure,Lateral Movement,T. Chen,False Positive,15,Closed
ALT-903193,2025-11-06 23:21:07,Low,Treasury Management System,Commercial Banking,Lateral Movement,T. Chen,Benign,133,Closed
ALT-903187,2025-11-07 01:25:23,Low,Loan Origination System,Mortgage & Lending,Command and Control,L. Novak,False Positive,295,Closed
ALT-901776,2025-11-07 03:10:02,Medium,Online Banking Portal,Digital Banking,Defense Evasion,M. Patel,Benign,55,Closed
ALT-901603,2025-11-07 07:36:31,Medium,Card Issuance System,Payments & Cards,Defense Evasion,M. Patel,False Positive,81,Closed
ALT-900507,2025-11-07 08:10:06,Medium,Treasury Management System,Commercial Banking,Exfiltration,J. Kowalski,Benign,108,Closed
ALT-903159,2025-11-07 15:34:16,Medium,Payment Gateway,Payments & Cards,Persistence,M. Patel,Benign,71,Closed
ALT-903893,2025-11-07 17:59:24,Medium,Card Issuance System,Payments & Cards,Exfiltration,S. Okafor,False Positive,14,Closed
ALT-902691,2025-11-08 03:25:06,Low,Customer API Gateway,Digital Banking,Privilege Escalation,T. Chen,Benign,72,Closed
ALT-901874,2025-11-08 06:16:26,Low,Email & Collaboration (O365),Corporate IT & Infrastructure,Credential Access,A. Ramirez,False Positive,94,Closed
ALT-902280,2025-11-08 10:30:19,Low,Loan Origination System,Mortgage & Lending,Collection,T. Chen,Benign,302,Closed
ALT-902231,2025-11-09 03:23:36,High,Email & Collaboration (O365),Corporate IT & Infrastructure,Discovery,Unassigned,Benign,14,Closed
ALT-901018,2025-11-09 04:42:51,Medium,Mobile Banking App,Digital Banking,Command and Control,M. Patel,Benign,48,Closed
ALT-901301,2025-11-09 06:19:04,Medium,Wealth Management Platform,Wealth Management,Command and Control,Unassigned,True Positive,141,Closed
ALT-901220,2025-11-09 14:41:49,Critical,Document Management System,Mortgage & Lending,Initial Access,M. Patel,True Positive,7,Closed
ALT-903033,2025-11-09 16:00:01,Low,Wealth Management Platform,Wealth Management,Lateral Movement,Unassigned,False Positive,187,Closed
ALT-902806,2025-11-09 17:44:59,Medium,Wire Transfer System,Payments & Cards,Credential Access,J. Kowalski,False Positive,101,Closed
ALT-900727,2025-11-09 19:52:55,High,Wire Transfer System,Payments & Cards,Command and Control,T. Chen,Benign,52,Closed
ALT-900465,2025-11-10 11:58:48,Medium,Wire Transfer System,Payments & Cards,Lateral Movement,Unassigned,Benign,128,Closed
ALT-901750,2025-11-10 16:39:14,Medium,Teller Platform,Retail Banking,Command and Control,Unassigned,False Positive,95,Closed
ALT-901421,2025-11-11 00:45:08,High,Data Warehouse,Corporate IT & Infrastructure,Exfiltration,L. Novak,Benign,25,Closed
ALT-900889,2025-11-11 02:02:50,Low,Treasury Management System,Commercial Banking,Execution,S. Okafor,False Positive,332,Closed
ALT-900120,2025-11-11 03:14:24,Low,Trading Platform,Wealth Management,Command and Control,M. Patel,Benign,141,Closed
ALT-901627,2025-11-11 07:02:46,Medium,Active Directory,Corporate IT & Infrastructure,Discovery,A. Ramirez,False Positive,113,Closed
ALT-900196,2025-11-11 17:41:35,Low,Wire Transfer System,Payments & Cards,Initial Access,A. Ramirez,Benign,17,Closed
ALT-903848,2025-11-12 08:26:04,Low,ATM Network,Retail Banking,Initial Access,M. Patel,Benign,96,Closed
ALT-902211,2025-11-12 11:08:35,Low,Teller Platform,Retail Banking,Privilege Escalation,A. Ramirez,False Positive,39,Closed
ALT-900296,2025-11-12 16:53:08,Medium,Data Warehouse,Corporate IT & Infrastructure,Lateral Movement,M. Patel,Benign,89,Closed
ALT-900080,2025-11-12 23:20:31,Medium,Payment Gateway,Payments & Cards,Command and Control,T. Chen,Benign,177,Closed
ALT-900543,2025-11-13 15:51:33,Low,Teller Platform,Retail Banking,Execution,Unassigned,Benign,104,Closed
ALT-903867,2025-11-13 20:40:59,Low,Trading Platform,Wealth Management,Defense Evasion,L. Novak,Benign,152,Closed
ALT-903356,2025-11-13 22:27:01,Medium,Teller Platform,Retail Banking,Impact,A. Ramirez,Benign,165,Closed
ALT-902442,2025-11-14 01:03:52,High,Treasury Management System,Commercial Banking,Impact,L. Novak,Benign,6,Closed
ALT-900242,2025-11-14 01:10:14,Medium,Treasury Management System,Commercial Banking,Execution,L. Novak,Benign,177,Closed
ALT-900399,2025-11-14 15:34:35,Medium,Payment Gateway,Payments & Cards,Initial Access,L. Novak,Benign,115,Closed
ALT-903967,2025-11-14 18:43:18,Low,Card Issuance System,Payments & Cards,Impact,M. Patel,Benign,20,Closed
ALT-903837,2025-11-14 20:46:55,Medium,Commercial Loan Platform,Commercial Banking,Command and Control,L. Novak,False Positive,114,Closed
ALT-900647,2025-11-15 01:14:55,Low,Mobile Banking App,Digital Banking,Credential Access,L. Novak,True Positive,176,Closed
ALT-902926,2025-11-15 03:13:20,Critical,Email & Collaboration (O365),Corporate IT & Infrastructure,Command and Control,L. Novak,True Positive,6,Closed
ALT-902981,2025-11-15 08:40:34,Medium,Customer API Gateway,Digital Banking,Persistence,S. Okafor,Benign,143,Closed
ALT-902932,2025-11-15 11:10:35,Medium,Treasury Management System,Commercial Banking,Persistence,Unassigned,Benign,42,Closed
ALT-902693,2025-11-15 12:21:36,Medium,ATM Network,Retail Banking,Privilege Escalation,T. Chen,False Positive,106,Closed
ALT-901521,2025-11-15 19:05:08,High,Core Banking System,Retail Banking,Execution,T. Chen,Benign,23,Closed
ALT-900780,2025-11-15 21:12:38,Medium,ATM Network,Retail Banking,Persistence,T. Chen,False Positive,71,Closed
ALT-903354,2025-11-16 02:39:08,Medium,Active Directory,Corporate IT & Infrastructure,Privilege Escalation,J. Kowalski,False Positive,130,Closed
ALT-901833,2025-11-16 05:28:42,Low,Trading Platform,Wealth Management,Command and Control,T. Chen,False Positive,330,Closed
ALT-902908,2025-11-16 10:41:33,Medium,Core Banking System,Retail Banking,Collection,M. Patel,False Positive,77,Closed
ALT-903704,2025-11-16 13:22:48,Medium,Customer API Gateway,Digital Banking,Defense Evasion,L. Novak,Benign,36,Closed
ALT-901204,2025-11-16 13:53:57,Low,Treasury Management System,Commercial Banking,Lateral Movement,J. Kowalski,False Positive,261,Closed
ALT-900155,2025-11-16 18:31:04,High,Mobile Banking App,Digital Banking,Credential Access,L. Novak,Benign,35,Closed
ALT-902778,2025-11-16 18:50:16,Low,Card Issuance System,Payments & Cards,Discovery,L. Novak,Benign,162,Closed
ALT-902520,2025-11-16 19:37:28,Low,Email & Collaboration (O365),Corporate IT & Infrastructure,Impact,L. Novak,True Positive,40,Closed
ALT-902812,2025-11-16 22:02:57,Low,ATM Network,Retail Banking,Command and Control,Unassigned,True Positive,329,Closed
ALT-901245,2025-11-17 00:06:43,Low,Endpoint Fleet,Corporate IT & Infrastructure,Privilege Escalation,L. Novak,False Positive,55,Closed
ALT-903683,2025-11-17 05:18:41,Medium,Email & Collaboration (O365),Corporate IT & Infrastructure,Discovery,M. Patel,Benign,67,Closed
ALT-901729,2025-11-17 08:33:29,Low,Commercial Loan Platform,Commercial Banking,Collection,A. Ramirez,Benign,177,Closed
ALT-903357,2025-11-17 19:17:31,Low,Core Banking System,Retail Banking,Command and Control,J. Kowalski,Benign,48,Closed
ALT-902462,2025-11-18 01:20:48,High,Data Warehouse,Corporate IT & Infrastructure,Persistence,T. Chen,False Positive,29,Closed
ALT-901253,2025-11-18 21:28:35,High,Core Banking System,Retail Banking,Impact,Unassigned,True Positive,29,Closed
ALT-900406,2025-11-19 03:13:42,Medium,Customer API Gateway,Digital Banking,Persistence,L. Novak,Benign,140,Closed
ALT-900965,2025-11-19 11:26:59,Medium,Card Issuance System,Payments & Cards,Privilege Escalation,M. Patel,Benign,138,Closed
ALT-903924,2025-11-19 18:37:16,Low,Active Directory,Corporate IT & Infrastructure,Impact,J. Kowalski,True Positive,48,Closed
ALT-903780,2025-11-19 19:27:34,Low,Teller Platform,Retail Banking,Initial Access,J. Kowalski,Benign,224,Closed
ALT-903108,2025-11-20 00:12:10,Low,Cloud Workloads (AWS),Corporate IT & Infrastructure,Privilege Escalation,A. Ramirez,Benign,163,Closed
ALT-903777,2025-11-20 11:27:46,Low,Core Banking System,Retail Banking,Persistence,A. Ramirez,True Positive,177,Closed
ALT-900493,2025-11-20 12:49:13,High,Online Banking Portal,Digital Banking,Persistence,M. Patel,False Positive,41,Closed
ALT-904051,2025-11-20 13:45:05,Low,Wire Transfer System,Payments & Cards,Execution,T. Chen,Benign,196,Closed
ALT-903740,2025-11-20 17:03:13,Medium,Card Issuance System,Payments & Cards,Defense Evasion,A. Ramirez,False Positive,155,Closed
ALT-901755,2025-11-20 17:58:42,Medium,Commercial Loan Platform,Commercial Banking,Privilege Escalation,L. Novak,False Positive,57,Closed
ALT-904046,2025-11-21 08:54:32,Medium,Endpoint Fleet,Corporate IT & Infrastructure,Impact,L. Novak,False Positive,159,Closed
ALT-903755,2025-11-21 10:23:48,Medium,ATM Network,Retail Banking,Lateral Movement,T. Chen,Benign,124,Closed
ALT-902891,2025-11-21 13:17:43,Medium,Active Directory,Corporate IT & Infrastructure,Credential Access,M. Patel,Benign,103,Closed
ALT-902554,2025-11-21 17:54:50,Low,Commercial Loan Platform,Commercial Banking,Impact,M. Patel,Benign,162,Closed
ALT-901026,2025-11-22 00:58:36,Low,ATM Network,Retail Banking,Impact,T. Chen,False Positive,317,Closed
ALT-901382,2025-11-22 15:29:08,Medium,Commercial Loan Platform,Commercial Banking,Command and Control,M. Patel,False Positive,142,Closed
ALT-900061,2025-11-22 16:21:29,Low,Active Directory,Corporate IT & Infrastructure,Command and Control,M. Patel,Benign,113,Closed
ALT-900853,2025-11-23 02:01:02,High,Wire Transfer System,Payments & Cards,Execution,S. Okafor,True Positive,28,Closed
ALT-900322,2025-11-23 03:59:53,Low,Card Issuance System,Payments & Cards,Execution,Unassigned,Benign,230,Closed
ALT-904161,2025-11-23 13:48:02,Medium,Trading Platform,Wealth Management,Persistence,A. Ramirez,Benign,22,Closed
ALT-901095,2025-11-23 15:16:04,Medium,Endpoint Fleet,Corporate IT & Infrastructure,Credential Access,Unassigned,False Positive,139,Closed
ALT-902726,2025-11-23 16:04:15,Low,Online Banking Portal,Digital Banking,Exfiltration,M. Patel,Benign,302,Closed
ALT-902634,2025-11-23 17:14:36,Low,Teller Platform,Retail Banking,Execution,M. Patel,Benign,69,Closed
ALT-901584,2025-11-23 21:56:56,Medium,Payment Gateway,Payments & Cards,Impact,T. Chen,False Positive,177,Closed
ALT-903163,2025-11-24 21:44:41,Critical,Wire Transfer System,Payments & Cards,Exfiltration,J. Kowalski,Benign,25,Closed
ALT-902142,2025-11-24 22:02:49,Low,Customer API Gateway,Digital Banking,Defense Evasion,L. Novak,Benign,87,Closed
ALT-903743,2025-11-25 04:52:54,Low,Card Issuance System,Payments & Cards,Discovery,L. Novak,Benign,129,Closed
ALT-900698,2025-11-25 05:45:56,Medium,Treasury Management System,Commercial Banking,Lateral Movement,L. Novak,False Positive,119,Closed
ALT-901492,2025-11-25 05:57:58,Medium,Payment Gateway,Payments & Cards,Command and Control,T. Chen,False Positive,84,Closed
ALT-900455,2025-11-25 09:35:13,High,Core Banking System,Retail Banking,Privilege Escalation,M. Patel,False Positive,38,Closed
ALT-900544,2025-11-25 12:23:44,Medium,Commercial Loan Platform,Commercial Banking,Command and Control,L. Novak,Benign,98,Closed
ALT-901103,2025-11-25 13:09:57,Critical,Customer API Gateway,Digital Banking,Execution,M. Patel,True Positive,12,Closed
ALT-900551,2025-11-25 17:33:05,Low,Core Banking System,Retail Banking,Execution,A. Ramirez,Benign,353,Closed
ALT-904016,2025-11-26 00:51:06,Medium,Card Issuance System,Payments & Cards,Discovery,T. Chen,False Positive,128,Closed
ALT-900719,2025-11-26 07:08:05,High,Mobile Banking App,Digital Banking,Defense Evasion,Unassigned,True Positive,17,Closed
ALT-903287,2025-11-26 08:17:01,Critical,Wealth Management Platform,Wealth Management,Command and Control,M. Patel,True Positive,25,Closed
ALT-903590,2025-11-26 10:08:38,Medium,Treasury Management System,Commercial Banking,Exfiltration,L. Novak,False Positive,13,Closed
ALT-902109,2025-11-26 10:10:34,Low,Data Warehouse,Corporate IT & Infrastructure,Execution,S. Okafor,True Positive,48,Closed
ALT-901968,2025-11-26 13:23:40,High,Active Directory,Corporate IT & Infrastructure,Discovery,Unassigned,True Positive,39,Closed
ALT-904029,2025-11-26 23:58:22,Low,Wire Transfer System,Payments & Cards,Command and Control,T. Chen,Benign,307,Closed
ALT-901116,2025-11-27 00:17:15,Low,Data Warehouse,Corporate IT & Infrastructure,Persistence,J. Kowalski,False Positive,313,Closed
ALT-902424,2025-11-27 01:17:26,Medium,Mobile Banking App,Digital Banking,Credential Access,A. Ramirez,False Positive,92,Closed
ALT-900992,2025-11-27 22:25:26,Medium,Payment Gateway,Payments & Cards,Defense Evasion,A. Ramirez,True Positive,68,Closed
ALT-902867,2025-11-27 23:58:32,Low,Core Banking System,Retail Banking,Privilege Escalation,L. Novak,False Positive,75,Closed
ALT-900181,2025-11-28 01:59:49,Low,Wealth Management Platform,Wealth Management,Exfiltration,L. Novak,False Positive,138,Closed
ALT-904141,2025-11-28 02:53:38,Medium,Cloud Workloads (AWS),Corporate IT & Infrastructure,Credential Access,A. Ramirez,Benign,133,Closed
ALT-904041,2025-11-28 03:36:27,Medium,Online Banking Portal,Digital Banking,Defense Evasion,J. Kowalski,True Positive,141,Closed
ALT-901436,2025-11-28 04:03:43,Medium,Core Banking System,Retail Banking,Defense Evasion,M. Patel,False Positive,174,Closed
ALT-900238,2025-11-28 09:03:47,Medium,Cloud Workloads (AWS),Corporate IT & Infrastructure,Defense Evasion,A. Ramirez,Benign,109,Closed
ALT-902059,2025-11-28 16:13:15,Low,Data Warehouse,Corporate IT & Infrastructure,Impact,Unassigned,False Positive,347,Closed
ALT-903212,2025-11-28 18:40:54,Medium,Data Warehouse,Corporate IT & Infrastructure,Lateral Movement,Unassigned,Benign,117,Closed
ALT-901917,2025-11-28 19:15:03,Medium,ATM Network,Retail Banking,Exfiltration,Unassigned,Benign,179,Closed
ALT-901339,2025-11-29 04:12:42,High,Teller Platform,Retail Banking,Lateral Movement,L. Novak,True Positive,20,Closed
ALT-903430,2025-11-29 14:57:38,Low,Endpoint Fleet,Corporate IT & Infrastructure,Discovery,J. Kowalski,Benign,135,Closed
ALT-904165,2025-11-30 04:53:49,Medium,Wire Transfer System,Payments & Cards,Initial Access,Unassigned,Benign,22,Closed
ALT-901248,2025-11-30 10:58:09,Low,Commercial Loan Platform,Commercial Banking,Initial Access,L. Novak,Benign,356,Closed
ALT-902252,2025-11-30 15:29:25,Low,Loan Origination System,Mortgage & Lending,Execution,T. Chen,Benign,151,Closed
ALT-903142,2025-11-30 21:49:28,Low,Wire Transfer System,Payments & Cards,Credential Access,Unassigned,Benign,214,Closed
ALT-900140,2025-11-30 22:55:22,Low,Card Issuance System,Payments & Cards,Lateral Movement,M. Patel,False Positive,48,Closed
ALT-902068,2025-12-01 02:32:44,Medium,Teller Platform,Retail Banking,Command and Control,T. Chen,Benign,99,Closed
ALT-901924,2025-12-01 04:03:22,Low,Teller Platform,Retail Banking,Exfiltration,Unassigned,Benign,189,Closed
ALT-904075,2025-12-01 05:43:40,Low,Online Banking Portal,Digital Banking,Impact,T. Chen,False Positive,293,Closed
ALT-903739,2025-12-01 08:31:15,Low,Teller Platform,Retail Banking,Command and Control,L. Novak,False Positive,32,Closed
ALT-904013,2025-12-01 12:17:29,Critical,Customer API Gateway,Digital Banking,Lateral Movement,J. Kowalski,Benign,8,Closed
ALT-902192,2025-12-01 15:16:21,Low,Endpoint Fleet,Corporate IT & Infrastructure,Impact,M. Patel,False Positive,303,Closed
ALT-901732,2025-12-01 16:05:29,Low,Data Warehouse,Corporate IT & Infrastructure,Privilege Escalation,A. Ramirez,False Positive,25,Closed
ALT-904073,2025-12-01 17:31:24,Medium,Payment Gateway,Payments & Cards,Credential Access,M. Patel,Benign,39,Closed
ALT-903935,2025-12-01 18:27:12,Medium,Data Warehouse,Corporate IT & Infrastructure,Persistence,J. Kowalski,Benign,120,Closed
ALT-900980,2025-12-01 23:08:04,Low,Commercial Loan Platform,Commercial Banking,Impact,J. Kowalski,Benign,19,Closed
ALT-903469,2025-12-02 01:41:27,Medium,Cloud Workloads (AWS),Corporate IT & Infrastructure,Persistence,J. Kowalski,Benign,149,Closed
ALT-902124,2025-12-02 03:06:20,High,Active Directory,Corporate IT & Infrastructure,Command and Control,Unassigned,False Positive,23,Closed
ALT-900844,2025-12-02 15:13:16,Low,Email & Collaboration (O365),Corporate IT & Infrastructure,Lateral Movement,J. Kowalski,Benign,38,Closed
ALT-900600,2025-12-03 00:20:40,High,Core Banking System,Retail Banking,Impact,Unassigned,True Positive,11,Closed
ALT-901677,2025-12-03 00:51:47,Medium,Payment Gateway,Payments & Cards,Credential Access,J. Kowalski,False Positive,152,Closed
ALT-901329,2025-12-03 08:34:30,Low,Loan Origination System,Mortgage & Lending,Exfiltration,J. Kowalski,Benign,359,Closed
ALT-903855,2025-12-03 18:40:17,Low,Cloud Workloads (AWS),Corporate IT & Infrastructure,Exfiltration,Unassigned,False Positive,23,Closed
ALT-902095,2025-12-03 21:59:18,High,Payment Gateway,Payments & Cards,Collection,A. Ramirez,True Positive,34,Closed
ALT-900159,2025-12-04 06:01:58,Low,Trading Platform,Wealth Management,Privilege Escalation,S. Okafor,Benign,155,Closed
ALT-901544,2025-12-04 08:50:30,Low,Customer API Gateway,Digital Banking,Discovery,Unassigned,Benign,238,Closed
ALT-901611,2025-12-04 13:55:25,Medium,Core Banking System,Retail Banking,Lateral Movement,Unassigned,False Positive,41,Closed
ALT-900960,2025-12-04 14:57:31,Low,Commercial Loan Platform,Commercial Banking,Initial Access,S. Okafor,False Positive,94,Closed
ALT-904053,2025-12-04 19:30:02,Medium,Email & Collaboration (O365),Corporate IT & Infrastructure,Initial Access,Unassigned,False Positive,150,Closed
ALT-903372,2025-12-04 23:46:59,Medium,Document Management System,Mortgage & Lending,Credential Access,T. Chen,False Positive,78,Closed
ALT-903345,2025-12-04 23:48:59,Low,Core Banking System,Retail Banking,Impact,M. Patel,Benign,309,Closed
ALT-902345,2025-12-04 23:59:51,Medium,Payment Gateway,Payments & Cards,Collection,M. Patel,False Positive,59,Closed
ALT-902841,2025-12-05 07:01:41,Medium,Core Banking System,Retail Banking,Command and Control,A. Ramirez,Benign,149,Closed
ALT-903573,2025-12-05 10:47:07,Low,Cloud Workloads (AWS),Corporate IT & Infrastructure,Privilege Escalation,L. Novak,False Positive,140,Closed
ALT-902171,2025-12-05 19:47:07,Low,Treasury Management System,Commercial Banking,Command and Control,J. Kowalski,False Positive,282,Closed
ALT-900797,2025-12-05 22:29:58,Medium,Commercial Loan Platform,Commercial Banking,Impact,J. Kowalski,False Positive,57,Closed
ALT-900868,2025-12-05 22:45:04,Low,Treasury Management System,Commercial Banking,Initial Access,J. Kowalski,Benign,47,Closed
ALT-902403,2025-12-06 01:26:03,Low,Email & Collaboration (O365),Corporate IT & Infrastructure,Persistence,Unassigned,True Positive,228,Closed
ALT-902164,2025-12-06 02:33:30,High,Teller Platform,Retail Banking,Impact,J. Kowalski,False Positive,48,Closed
ALT-900199,2025-12-06 04:08:27,Medium,Teller Platform,Retail Banking,Defense Evasion,M. Patel,Benign,168,Closed
ALT-901993,2025-12-06 06:36:04,Low,Commercial Loan Platform,Commercial Banking,Initial Access,J. Kowalski,False Positive,221,Closed
ALT-900786,2025-12-06 09:29:57,High,Mobile Banking App,Digital Banking,Impact,J. Kowalski,True Positive,23,Closed
ALT-902073,2025-12-06 12:02:01,High,Treasury Management System,Commercial Banking,Initial Access,L. Novak,Benign,42,Closed
ALT-902452,2025-12-06 19:18:26,Medium,Commercial Loan Platform,Commercial Banking,Collection,M. Patel,False Positive,180,Closed
ALT-900985,2025-12-06 21:38:03,Low,Data Warehouse,Corporate IT & Infrastructure,Execution,M. Patel,False Positive,293,Closed
ALT-902040,2025-12-07 00:17:32,High,Wealth Management Platform,Wealth Management,Execution,S. Okafor,True Positive,52,Closed
ALT-900920,2025-12-07 01:39:55,Medium,Wire Transfer System,Payments & Cards,Impact,T. Chen,True Positive,55,Closed
ALT-901203,2025-12-07 04:20:39,Low,Online Banking Portal,Digital Banking,Execution,A. Ramirez,False Positive,161,Closed
ALT-901363,2025-12-07 08:03:00,Low,Loan Origination System,Mortgage & Lending,Discovery,A. Ramirez,False Positive,129,Closed
ALT-900287,2025-12-07 13:39:27,Low,Trading Platform,Wealth Management,Defense Evasion,T. Chen,False Positive,237,Closed
ALT-902254,2025-12-07 23:23:14,High,Data Warehouse,Corporate IT & Infrastructure,Command and Control,S. Okafor,True Positive,11,Closed
ALT-900365,2025-12-08 00:02:05,Medium,ATM Network,Retail Banking,Credential Access,M. Patel,Benign,178,Closed
ALT-900104,2025-12-08 02:35:15,Medium,Data Warehouse,Corporate IT & Infrastructure,Lateral Movement,L. Novak,False Positive,107,Closed
ALT-900201,2025-12-08 05:07:12,Low,Commercial Loan Platform,Commercial Banking,Initial Access,A. Ramirez,Benign,334,Closed
ALT-903915,2025-12-08 22:15:19,Low,Card Issuance System,Payments & Cards,Impact,L. Novak,Benign,66,Closed
ALT-900012,2025-12-08 23:55:49,Low,Customer API Gateway,Digital Banking,Privilege Escalation,L. Novak,True Positive,44,Closed
ALT-900139,2025-12-09 03:30:08,Low,Treasury Management System,Commercial Banking,Privilege Escalation,T. Chen,Benign,265,Closed
ALT-901356,2025-12-09 04:37:09,High,Core Banking System,Retail Banking,Collection,A. Ramirez,Benign,5,Closed
ALT-903812,2025-12-09 05:18:01,Low,Commercial Loan Platform,Commercial Banking,Privilege Escalation,T. Chen,False Positive,153,Closed
ALT-904050,2025-12-09 14:54:34,Medium,Active Directory,Corporate IT & Infrastructure,Collection,Unassigned,Benign,71,Closed
ALT-900705,2025-12-09 16:23:26,Low,Trading Platform,Wealth Management,Privilege Escalation,J. Kowalski,True Positive,288,Closed
ALT-900652,2025-12-09 18:57:28,Low,Commercial Loan Platform,Commercial Banking,Impact,J. Kowalski,False Positive,102,Closed
ALT-902644,2025-12-10 02:58:31,Low,Trading Platform,Wealth Management,Lateral Movement,A. Ramirez,True Positive,322,Closed
ALT-901940,2025-12-10 11:16:01,Low,Customer API Gateway,Digital Banking,Credential Access,T. Chen,False Positive,276,Closed
ALT-900071,2025-12-10 11:48:58,Medium,Loan Origination System,Mortgage & Lending,Command and Control,Unassigned,Benign,34,Closed
ALT-902453,2025-12-10 16:04:04,Medium,Cloud Workloads (AWS),Corporate IT & Infrastructure,Exfiltration,L. Novak,Benign,29,Closed
ALT-901921,2025-12-10 22:26:17,Low,Active Directory,Corporate IT & Infrastructure,Persistence,T. Chen,False Positive,40,Closed
ALT-901165,2025-12-11 02:55:29,Low,Email & Collaboration (O365),Corporate IT & Infrastructure,Credential Access,T. Chen,Benign,160,Closed
ALT-903678,2025-12-12 02:00:05,High,Treasury Management System,Commercial Banking,Defense Evasion,Unassigned,False Positive,33,Closed
ALT-902532,2025-12-12 03:01:08,Medium,Loan Origination System,Mortgage & Lending,Collection,T. Chen,Benign,109,Closed
ALT-900444,2025-12-12 09:07:26,Low,Cloud Workloads (AWS),Corporate IT & Infrastructure,Collection,S. Okafor,Benign,166,Closed
ALT-900076,2025-12-12 14:03:22,Medium,Treasury Management System,Commercial Banking,Privilege Escalation,Unassigned,Benign,156,Closed
ALT-901390,2025-12-12 15:26:03,Low,Card Issuance System,Payments & Cards,Defense Evasion,A. Ramirez,False Positive,67,Closed
ALT-903766,2025-12-12 19:25:31,Low,Online Banking Portal,Digital Banking,Impact,J. Kowalski,False Positive,276,Closed
ALT-901586,2025-12-12 19:33:34,Low,Wealth Management Platform,Wealth Management,Impact,L. Novak,False Positive,55,Closed
ALT-903515,2025-12-13 00:05:54,Low,Email & Collaboration (O365),Corporate IT & Infrastructure,Execution,S. Okafor,False Positive,356,Closed
ALT-900450,2025-12-13 06:12:14,High,Mobile Banking App,Digital Banking,Defense Evasion,M. Patel,True Positive,41,Closed
ALT-903374,2025-12-13 07:14:13,Low,ATM Network,Retail Banking,Privilege Escalation,S. Okafor,False Positive,288,Closed
ALT-901135,2025-12-13 11:59:41,Low,Wire Transfer System,Payments & Cards,Persistence,A. Ramirez,Benign,299,Closed
ALT-904196,2025-12-13 12:43:14,Low,Active Directory,Corporate IT & Infrastructure,Initial Access,Unassigned,Benign,360,Closed
ALT-901166,2025-12-13 13:42:41,Low,Teller Platform,Retail Banking,Impact,L. Novak,Benign,255,Closed
ALT-903632,2025-12-13 13:57:35,Medium,Wire Transfer System,Payments & Cards,Initial Access,M. Patel,Benign,12,Closed
ALT-902189,2025-12-13 18:11:06,Low,Document Management System,Mortgage & Lending,Persistence,T. Chen,False Positive,87,Closed
ALT-901217,2025-12-13 20:19:50,High,Teller Platform,Retail Banking,Exfiltration,J. Kowalski,Benign,16,Closed
ALT-901396,2025-12-13 20:45:00,Low,Commercial Loan Platform,Commercial Banking,Initial Access,Unassigned,Benign,290,Closed
ALT-902818,2025-12-13 22:51:38,Medium,Endpoint Fleet,Corporate IT & Infrastructure,Initial Access,Unassigned,True Positive,52,Closed
ALT-900022,2025-12-14 03:43:49,Medium,Wire Transfer System,Payments & Cards,Initial Access,S. Okafor,False Positive,42,Closed
ALT-900790,2025-12-14 07:40:37,Medium,Wealth Management Platform,Wealth Management,Impact,L. Novak,False Positive,35,Closed
ALT-901839,2025-12-14 11:40:04,High,Customer API Gateway,Digital Banking,Impact,L. Novak,True Positive,27,Closed
ALT-900559,2025-12-14 19:44:03,Low,Cloud Workloads (AWS),Corporate IT & Infrastructure,Initial Access,Unassigned,Benign,356,Closed
ALT-903541,2025-12-15 02:03:59,Medium,Endpoint Fleet,Corporate IT & Infrastructure,Persistence,S. Okafor,False Positive,123,Closed
ALT-902859,2025-12-15 06:10:15,Low,Commercial Loan Platform,Commercial Banking,Lateral Movement,S. Okafor,Benign,56,Closed
ALT-903497,2025-12-15 07:16:15,Medium,Endpoint Fleet,Corporate IT & Infrastructure,Execution,L. Novak,Benign,74,Closed
ALT-901769,2025-12-15 14:45:12,Medium,Payment Gateway,Payments & Cards,Credential Access,Unassigned,Benign,143,Closed
ALT-900057,2025-12-15 16:03:25,Low,Core Banking System,Retail Banking,Exfiltration,S. Okafor,Benign,282,Closed
ALT-903856,2025-12-16 00:27:25,Medium,Commercial Loan Platform,Commercial Banking,Discovery,M. Patel,False Positive,12,Closed
ALT-900865,2025-12-16 03:51:56,Medium,Wealth Management Platform,Wealth Management,Discovery,T. Chen,Benign,119,Closed
ALT-903451,2025-12-16 08:20:30,Low,Trading Platform,Wealth Management,Initial Access,S. Okafor,False Positive,63,Closed
ALT-902140,2025-12-16 09:02:18,Medium,Commercial Loan Platform,Commercial Banking,Defense Evasion,L. Novak,False Positive,122,Closed
ALT-904094,2025-12-16 10:07:14,Low,Online Banking Portal,Digital Banking,Defense Evasion,T. Chen,Benign,88,Closed
ALT-901003,2025-12-16 10:51:14,Low,Online Banking Portal,Digital Banking,Initial Access,L. Novak,Benign,176,Closed
ALT-901903,2025-12-16 13:21:46,Low,Treasury Management System,Commercial Banking,Impact,S. Okafor,False Positive,101,Closed
ALT-900054,2025-12-16 17:31:53,Low,Commercial Loan Platform,Commercial Banking,Defense Evasion,T. Chen,False Positive,132,Closed
ALT-903056,2025-12-16 18:22:17,Low,Data Warehouse,Corporate IT & Infrastructure,Collection,J. Kowalski,Benign,122,Closed
ALT-902112,2025-12-17 02:50:51,Medium,Teller Platform,Retail Banking,Exfiltration,Unassigned,Benign,142,Closed
ALT-903333,2025-12-17 06:45:38,Medium,ATM Network,Retail Banking,Credential Access,L. Novak,False Positive,16,Closed
ALT-902714,2025-12-17 14:53:56,Low,Mobile Banking App,Digital Banking,Lateral Movement,Unassigned,False Positive,219,Closed
ALT-901340,2025-12-17 16:29:52,Low,Cloud Workloads (AWS),Corporate IT & Infrastructure,Execution,J. Kowalski,True Positive,75,Closed
ALT-902445,2025-12-17 17:19:31,Low,Trading Platform,Wealth Management,Collection,S. Okafor,False Positive,119,Closed
ALT-903420,2025-12-18 03:37:29,Low,Payment Gateway,Payments & Cards,Lateral Movement,S. Okafor,Benign,310,Closed
ALT-904008,2025-12-18 03:54:46,Low,Teller Platform,Retail Banking,Execution,S. Okafor,False Positive,210,Closed
ALT-900481,2025-12-18 04:29:15,Medium,Mobile Banking App,Digital Banking,Impact,Unassigned,False Positive,34,Closed
ALT-900047,2025-12-18 10:28:55,Low,Cloud Workloads (AWS),Corporate IT & Infrastructure,Execution,J. Kowalski,False Positive,132,Closed
ALT-902001,2025-12-18 11:56:45,Low,ATM Network,Retail Banking,Privilege Escalation,T. Chen,Benign,283,Closed
ALT-902250,2025-12-18 12:43:35,Low,Teller Platform,Retail Banking,Execution,S. Okafor,False Positive,237,Closed
ALT-903070,2025-12-18 13:21:38,Low,Loan Origination System,Mortgage & Lending,Execution,L. Novak,True Positive,173,Closed
ALT-901892,2025-12-18 13:45:49,Medium,Active Directory,Corporate IT & Infrastructure,Defense Evasion,J. Kowalski,Benign,128,Closed
ALT-900361,2025-12-18 19:28:31,High,Cloud Workloads (AWS),Corporate IT & Infrastructure,Persistence,A. Ramirez,True Positive,59,Closed
ALT-903912,2025-12-18 19:45:50,Low,Wealth Management Platform,Wealth Management,Collection,M. Patel,False Positive,229,Closed
ALT-903493,2025-12-18 19:54:33,Low,Teller Platform,Retail Banking,Initial Access,T. Chen,Benign,300,Closed
ALT-900812,2025-12-18 22:40:27,High,Payment Gateway,Payments & Cards,Exfiltration,L. Novak,False Positive,18,Closed
ALT-901140,2025-12-19 11:27:30,Low,Loan Origination System,Mortgage & Lending,Command and Control,Unassigned,Benign,100,Closed
ALT-901563,2025-12-19 19:00:03,Medium,Core Banking System,Retail Banking,Execution,M. Patel,Benign,123,Closed
ALT-901420,2025-12-19 23:54:46,Medium,Core Banking System,Retail Banking,Exfiltration,A. Ramirez,Benign,101,Closed
ALT-901719,2025-12-20 04:16:32,Medium,Wire Transfer System,Payments & Cards,Persistence,M. Patel,False Positive,87,Closed
ALT-900702,2025-12-20 05:42:56,Low,Email & Collaboration (O365),Corporate IT & Infrastructure,Defense Evasion,L. Novak,False Positive,324,Closed
ALT-901836,2025-12-20 09:31:41,High,Teller Platform,Retail Banking,Exfiltration,L. Novak,True Positive,36,Closed
ALT-901846,2025-12-20 12:33:30,Medium,Mobile Banking App,Digital Banking,Collection,S. Okafor,False Positive,82,Closed
ALT-900568,2025-12-20 17:44:46,Low,ATM Network,Retail Banking,Command and Control,M. Patel,False Positive,195,Closed
ALT-902942,2025-12-20 17:58:29,Medium,Core Banking System,Retail Banking,Credential Access,T. Chen,False Positive,114,Closed
ALT-900843,2025-12-20 20:23:39,Critical,Cloud Workloads (AWS),Corporate IT & Infrastructure,Exfiltration,L. Novak,True Positive,23,Closed
ALT-901249,2025-12-21 00:06:57,Low,Card Issuance System,Payments & Cards,Lateral Movement,T. Chen,Benign,282,Closed
ALT-900963,2025-12-21 00:35:17,Medium,Teller Platform,Retail Banking,Collection,M. Patel,False Positive,107,Closed
ALT-900449,2025-12-21 03:51:08,Medium,Teller Platform,Retail Banking,Persistence,T. Chen,False Positive,129,Closed
ALT-901147,2025-12-21 05:12:00,Low,ATM Network,Retail Banking,Credential Access,A. Ramirez,Benign,307,Closed
ALT-901629,2025-12-21 07:11:25,High,ATM Network,Retail Banking,Execution,J. Kowalski,Benign,49,Closed
ALT-900369,2025-12-21 08:46:39,Low,Teller Platform,Retail Banking,Collection,M. Patel,Benign,288,Closed
ALT-903365,2025-12-21 18:08:49,Medium,Endpoint Fleet,Corporate IT & Infrastructure,Lateral Movement,Unassigned,False Positive,121,Closed
ALT-903890,2025-12-21 20:02:23,Medium,Payment Gateway,Payments & Cards,Impact,L. Novak,Benign,77,Closed
ALT-902299,2025-12-21 20:42:57,Low,Loan Origination System,Mortgage & Lending,Execution,J. Kowalski,Benign,345,Closed
ALT-900745,2025-12-21 22:43:14,Low,Email & Collaboration (O365),Corporate IT & Infrastructure,Exfiltration,Unassigned,Benign,193,Closed
ALT-903779,2025-12-21 23:44:09,High,Commercial Loan Platform,Commercial Banking,Impact,Unassigned,True Positive,17,Closed
ALT-902334,2025-12-22 03:12:08,Medium,Wealth Management Platform,Wealth Management,Impact,S. Okafor,False Positive,93,Closed
ALT-903617,2025-12-22 10:17:29,Low,ATM Network,Retail Banking,Discovery,M. Patel,True Positive,139,Closed
ALT-901722,2025-12-22 12:36:42,Low,Loan Origination System,Mortgage & Lending,Impact,M. Patel,False Positive,336,Closed
ALT-903969,2025-12-22 13:27:41,Medium,Commercial Loan Platform,Commercial Banking,Discovery,Unassigned,False Positive,157,Closed
ALT-903378,2025-12-22 20:05:03,Low,Treasury Management System,Commercial Banking,Lateral Movement,M. Patel,Benign,95,Closed
ALT-901954,2025-12-22 20:23:57,Medium,ATM Network,Retail Banking,Defense Evasion,T. Chen,True Positive,61,Closed
ALT-901960,2025-12-23 06:12:54,Medium,Payment Gateway,Payments & Cards,Impact,A. Ramirez,Benign,134,Closed
ALT-903059,2025-12-23 10:55:21,Low,Payment Gateway,Payments & Cards,Execution,J. Kowalski,Benign,173,Closed
ALT-902195,2025-12-23 12:27:11,Low,Teller Platform,Retail Banking,Command and Control,L. Novak,Benign,56,Closed
ALT-903849,2025-12-23 18:00:56,Low,Cloud Workloads (AWS),Corporate IT & Infrastructure,Impact,M. Patel,False Positive,226,Closed
ALT-903421,2025-12-23 18:42:52,Low,Loan Origination System,Mortgage & Lending,Exfiltration,S. Okafor,Benign,98,Closed
ALT-900885,2025-12-23 19:36:05,Medium,Online Banking Portal,Digital Banking,Lateral Movement,M. Patel,False Positive,52,Closed
ALT-902482,2025-12-24 17:20:04,Medium,Online Banking Portal,Digital Banking,Persistence,L. Novak,False Positive,120,Closed
ALT-901777,2025-12-24 20:42:25,Medium,Commercial Loan Platform,Commercial Banking,Impact,L. Novak,Benign,138,Closed
ALT-903027,2025-12-25 01:32:30,Low,Core Banking System,Retail Banking,Persistence,M. Patel,False Positive,153,Closed
ALT-902761,2025-12-25 03:48:11,Medium,Customer API Gateway,Digital Banking,Command and Control,Unassigned,False Positive,99,Closed
ALT-901376,2025-12-25 10:58:27,High,Online Banking Portal,Digital Banking,Privilege Escalation,L. Novak,False Positive,24,Closed
ALT-900099,2025-12-25 11:11:58,High,Treasury Management System,Commercial Banking,Exfiltration,A. Ramirez,Benign,21,Closed
ALT-902776,2025-12-26 02:03:24,Medium,Teller Platform,Retail Banking,Impact,J. Kowalski,False Positive,49,Closed
ALT-904019,2025-12-26 02:23:04,Medium,Email & Collaboration (O365),Corporate IT & Infrastructure,Initial Access,L. Novak,Benign,129,Closed
ALT-902852,2025-12-26 02:47:33,Medium,Core Banking System,Retail Banking,Privilege Escalation,S. Okafor,Benign,152,Closed
ALT-900878,2025-12-26 10:55:09,Medium,Card Issuance System,Payments & Cards,Exfiltration,J. Kowalski,False Positive,171,Closed
ALT-903957,2025-12-26 14:20:40,Low,Active Directory,Corporate IT & Infrastructure,Initial Access,T. Chen,True Positive,76,Closed
ALT-902568,2025-12-26 14:43:17,Low,Card Issuance System,Payments & Cards,Collection,S. Okafor,False Positive,148,Closed
ALT-904070,2025-12-27 05:49:09,Low,Wire Transfer System,Payments & Cards,Initial Access,M. Patel,False Positive,58,Closed
ALT-903062,2025-12-27 12:04:16,Low,Card Issuance System,Payments & Cards,Privilege Escalation,J. Kowalski,True Positive,81,Closed
ALT-903017,2025-12-27 20:35:48,Low,Email & Collaboration (O365),Corporate IT & Infrastructure,Execution,A. Ramirez,True Positive,135,Closed
ALT-901632,2025-12-28 05:02:48,Medium,Wire Transfer System,Payments & Cards,Persistence,S. Okafor,Benign,136,Closed
ALT-900320,2025-12-28 07:19:34,Low,Mobile Banking App,Digital Banking,Collection,S. Okafor,False Positive,61,Closed
ALT-902550,2025-12-28 09:54:10,Low,Core Banking System,Retail Banking,Initial Access,Unassigned,True Positive,61,Closed
ALT-901753,2025-12-28 18:47:04,High,Core Banking System,Retail Banking,Credential Access,T. Chen,True Positive,48,Closed
ALT-904168,2025-12-28 19:46:47,Medium,Endpoint Fleet,Corporate IT & Infrastructure,Credential Access,A. Ramirez,False Positive,119,Closed
ALT-901832,2025-12-28 23:55:56,High,Treasury Management System,Commercial Banking,Initial Access,J. Kowalski,True Positive,41,Closed
ALT-903225,2025-12-29 03:17:30,Medium,ATM Network,Retail Banking,Privilege Escalation,M. Patel,False Positive,129,Closed
ALT-901307,2025-12-29 11:33:08,Critical,Customer API Gateway,Digital Banking,Persistence,L. Novak,Benign,10,Closed
ALT-903815,2025-12-29 12:24:35,Low,Teller Platform,Retail Banking,Credential Access,J. Kowalski,False Positive,283,Closed
ALT-902187,2025-12-29 17:00:32,Low,Trading Platform,Wealth Management,Privilege Escalation,Unassigned,False Positive,161,Closed
ALT-903663,2025-12-30 05:15:33,High,Active Directory,Corporate IT & Infrastructure,Exfiltration,A. Ramirez,False Positive,25,Closed
ALT-903959,2025-12-30 06:47:49,Low,Treasury Management System,Commercial Banking,Collection,Unassigned,False Positive,286,Closed
ALT-904130,2025-12-30 19:20:46,Medium,Cloud Workloads (AWS),Corporate IT & Infrastructure,Execution,T. Chen,Benign,78,Closed
ALT-900638,2025-12-30 23:43:31,Low,ATM Network,Retail Banking,Privilege Escalation,M. Patel,Benign,232,Closed
ALT-901693,2025-12-31 00:49:25,Low,Commercial Loan Platform,Commercial Banking,Privilege Escalation,J. Kowalski,False Positive,360,Closed
ALT-902687,2025-12-31 02:27:05,Low,Treasury Management System,Commercial Banking,Credential Access,L. Novak,True Positive,148,Closed
ALT-904034,2025-12-31 18:57:53,Low,Loan Origination System,Mortgage & Lending,Collection,S. Okafor,False Positive,28,Closed
ALT-902753,2025-12-31 21:03:44,Low,Teller Platform,Retail Banking,Credential Access,Unassigned,Benign,107,Closed
ALT-903703,2025-12-31 21:27:31,Medium,Customer API Gateway,Digital Banking,Lateral Movement,T. Chen,False Positive,129,Closed
ALT-902580,2025-12-31 22:05:41,Medium,Document Management System,Mortgage & Lending,Impact,T. Chen,True Positive,46,Closed
ALT-901589,2025-12-31 22:38:05,Medium,Customer API Gateway,Digital Banking,Impact,S. Okafor,False Positive,117,Closed
ALT-901683,2026-01-01 03:46:10,Critical,Mobile Banking App,Digital Banking,Persistence,S. Okafor,False Positive,12,Closed
ALT-902546,2026-01-01 07:38:06,Medium,Wire Transfer System,Payments & Cards,Privilege Escalation,T. Chen,Benign,138,Closed
ALT-903114,2026-01-01 11:07:43,Low,Cloud Workloads (AWS),Corporate IT & Infrastructure,Credential Access,T. Chen,Benign,169,Closed
ALT-903576,2026-01-01 15:30:09,Low,Email & Collaboration (O365),Corporate IT & Infrastructure,Privilege Escalation,L. Novak,True Positive,189,Closed
ALT-903510,2026-01-01 18:48:19,Medium,Customer API Gateway,Digital Banking,Command and Control,S. Okafor,Benign,142,Closed
ALT-901751,2026-01-01 20:37:20,Medium,Card Issuance System,Payments & Cards,Impact,M. Patel,False Positive,18,Closed
ALT-900625,2026-01-01 21:41:06,Low,Trading Platform,Wealth Management,Privilege Escalation,A. Ramirez,False Positive,338,Closed
ALT-901512,2026-01-02 00:57:10,Low,Data Warehouse,Corporate IT & Infrastructure,Impact,S. Okafor,Benign,306,Closed
ALT-904057,2026-01-02 02:29:42,Low,Online Banking Portal,Digital Banking,Initial Access,M. Patel,False Positive,119,Closed
ALT-901922,2026-01-02 05:09:34,Medium,Teller Platform,Retail Banking,Exfiltration,Unassigned,Benign,71,Closed
ALT-900919,2026-01-02 10:20:17,Low,Card Issuance System,Payments & Cards,Exfiltration,M. Patel,False Positive,262,Closed
ALT-901038,2026-01-02 13:11:30,Medium,Customer API Gateway,Digital Banking,Persistence,M. Patel,False Positive,47,Closed
ALT-903063,2026-01-02 23:18:29,Medium,Core Banking System,Retail Banking,Execution,J. Kowalski,False Positive,33,Closed
ALT-900524,2026-01-03 01:31:18,Low,Commercial Loan Platform,Commercial Banking,Impact,Unassigned,False Positive,27,Closed
ALT-900032,2026-01-03 03:12:18,Low,Email & Collaboration (O365),Corporate IT & Infrastructure,Credential Access,S. Okafor,Benign,165,Closed
ALT-901766,2026-01-03 12:15:43,High,Wealth Management Platform,Wealth Management,Persistence,Unassigned,False Positive,42,Closed
ALT-902759,2026-01-03 13:27:03,Low,Endpoint Fleet,Corporate IT & Infrastructure,Credential Access,Unassigned,True Positive,150,Closed
ALT-900488,2026-01-03 16:48:02,Low,Customer API Gateway,Digital Banking,Privilege Escalation,L. Novak,Benign,262,Closed
ALT-902504,2026-01-03 17:10:12,Critical,Core Banking System,Retail Banking,Persistence,T. Chen,True Positive,6,Closed
ALT-902122,2026-01-03 18:30:12,Medium,Endpoint Fleet,Corporate IT & Infrastructure,Collection,J. Kowalski,False Positive,87,Closed
ALT-903245,2026-01-03 18:49:57,Low,Treasury Management System,Commercial Banking,Command and Control,M. Patel,Benign,307,Closed
ALT-903081,2026-01-03 19:19:33,Medium,Card Issuance System,Payments & Cards,Defense Evasion,A. Ramirez,Benign,107,Closed
ALT-901416,2026-01-03 22:23:47,Low,Mobile Banking App,Digital Banking,Defense Evasion,J. Kowalski,False Positive,56,Closed
ALT-903727,2026-01-04 13:39:36,Medium,Loan Origination System,Mortgage & Lending,Privilege Escalation,Unassigned,False Positive,79,Closed
ALT-902590,2026-01-04 14:32:58,Medium,Teller Platform,Retail Banking,Credential Access,T. Chen,False Positive,91,Closed
ALT-900085,2026-01-04 16:16:36,Medium,Online Banking Portal,Digital Banking,Impact,J. Kowalski,Benign,45,Closed
ALT-904120,2026-01-04 16:29:36,Medium,Payment Gateway,Payments & Cards,Command and Control,J. Kowalski,Benign,94,Closed
ALT-901523,2026-01-04 17:33:44,Medium,Loan Origination System,Mortgage & Lending,Defense Evasion,J. Kowalski,True Positive,27,Closed
ALT-903006,2026-01-04 21:22:30,High,Customer API Gateway,Digital Banking,Defense Evasion,L. Novak,True Positive,43,Closed
ALT-902298,2026-01-04 22:06:05,Low,Document Management System,Mortgage & Lending,Impact,J. Kowalski,True Positive,238,Closed
ALT-900411,2026-01-05 00:02:07,Low,Mobile Banking App,Digital Banking,Privilege Escalation,L. Novak,False Positive,311,Closed
ALT-903330,2026-01-05 03:11:10,Medium,Cloud Workloads (AWS),Corporate IT & Infrastructure,Execution,J. Kowalski,Benign,72,Closed
ALT-901548,2026-01-05 04:54:22,Medium,ATM Network,Retail Banking,Exfiltration,S. Okafor,Benign,31,Closed
ALT-902730,2026-01-05 07:40:25,Low,Online Banking Portal,Digital Banking,Command and Control,J. Kowalski,False Positive,170,Closed
ALT-901019,2026-01-05 07:41:07,Low,Wealth Management Platform,Wealth Management,Exfiltration,Unassigned,False Positive,352,Closed
ALT-900223,2026-01-05 20:14:55,Medium,Commercial Loan Platform,Commercial Banking,Defense Evasion,Unassigned,False Positive,24,Closed
ALT-901616,2026-01-05 20:50:27,Medium,Wire Transfer System,Payments & Cards,Privilege Escalation,M. Patel,False Positive,178,Closed
ALT-903479,2026-01-06 03:36:05,Medium,Wealth Management Platform,Wealth Management,Lateral Movement,S. Okafor,False Positive,97,Closed
ALT-902388,2026-01-06 06:17:16,Medium,Active Directory,Corporate IT & Infrastructure,Defense Evasion,L. Novak,Benign,69,Closed
ALT-901941,2026-01-06 19:26:50,Low,Card Issuance System,Payments & Cards,Initial Access,J. Kowalski,False Positive,327,Closed
ALT-902879,2026-01-06 23:06:36,Medium,Payment Gateway,Payments & Cards,Impact,A. Ramirez,Benign,99,Closed
ALT-901791,2026-01-07 03:07:15,Medium,Active Directory,Corporate IT & Infrastructure,Privilege Escalation,L. Novak,False Positive,156,Closed
ALT-902396,2026-01-07 03:50:40,Low,Loan Origination System,Mortgage & Lending,Defense Evasion,S. Okafor,False Positive,146,Closed
ALT-902632,2026-01-07 19:07:49,Medium,Customer API Gateway,Digital Banking,Exfiltration,S. Okafor,Benign,64,Closed
ALT-904084,2026-01-08 06:40:38,Medium,Active Directory,Corporate IT & Infrastructure,Collection,J. Kowalski,True Positive,11,Closed
ALT-903688,2026-01-08 15:15:12,Medium,Mobile Banking App,Digital Banking,Impact,L. Novak,Benign,131,Closed
ALT-902276,2026-01-08 22:29:52,Low,Cloud Workloads (AWS),Corporate IT & Infrastructure,Discovery,M. Patel,Benign,223,Closed
ALT-902471,2026-01-08 23:20:34,Critical,Trading Platform,Wealth Management,Command and Control,Unassigned,True Positive,16,Closed
ALT-902410,2026-01-08 23:30:21,Medium,ATM Network,Retail Banking,Collection,M. Patel,False Positive,172,Closed
ALT-903194,2026-01-09 00:07:00,Low,Commercial Loan Platform,Commercial Banking,Privilege Escalation,T. Chen,False Positive,349,Closed
ALT-903231,2026-01-09 12:45:43,Critical,Mobile Banking App,Digital Banking,Initial Access,L. Novak,False Positive,24,Closed
ALT-902793,2026-01-09 19:56:14,High,Online Banking Portal,Digital Banking,Credential Access,Unassigned,Benign,39,Closed
ALT-902655,2026-01-09 22:07:52,Low,Wire Transfer System,Payments & Cards,Collection,L. Novak,Benign,354,Closed
ALT-903220,2026-01-09 23:00:58,Low,Email & Collaboration (O365),Corporate IT & Infrastructure,Defense Evasion,T. Chen,Benign,311,Closed
ALT-903902,2026-01-09 23:29:47,Low,Data Warehouse,Corporate IT & Infrastructure,Discovery,T. Chen,False Positive,143,Closed
ALT-902845,2026-01-10 03:13:14,Low,Commercial Loan Platform,Commercial Banking,Defense Evasion,L. Novak,False Positive,164,Closed
ALT-902091,2026-01-10 07:39:31,Medium,Mobile Banking App,Digital Banking,Initial Access,A. Ramirez,True Positive,151,Closed
ALT-901687,2026-01-10 08:31:34,Medium,Online Banking Portal,Digital Banking,Impact,S. Okafor,Benign,44,Closed
ALT-904137,2026-01-10 11:00:46,Low,Mobile Banking App,Digital Banking,Exfiltration,T. Chen,Benign,32,Closed
ALT-900092,2026-01-10 11:45:59,Medium,Data Warehouse,Corporate IT & Infrastructure,Exfiltration,J. Kowalski,Benign,123,Closed
ALT-901163,2026-01-10 22:50:20,Low,Endpoint Fleet,Corporate IT & Infrastructure,Credential Access,M. Patel,Benign,290,Closed
ALT-901213,2026-01-11 03:06:31,Medium,Cloud Workloads (AWS),Corporate IT & Infrastructure,Privilege Escalation,J. Kowalski,Benign,11,Closed
ALT-901703,2026-01-11 04:02:57,Low,Treasury Management System,Commercial Banking,Discovery,T. Chen,False Positive,205,Closed
ALT-902663,2026-01-11 04:11:56,High,Payment Gateway,Payments & Cards,Lateral Movement,J. Kowalski,False Positive,29,Closed
ALT-902411,2026-01-11 06:57:38,Low,Cloud Workloads (AWS),Corporate IT & Infrastructure,Persistence,T. Chen,False Positive,318,Closed
ALT-900166,2026-01-11 09:19:52,Low,ATM Network,Retail Banking,Persistence,S. Okafor,False Positive,62,Closed
ALT-903599,2026-01-11 09:24:32,Low,Cloud Workloads (AWS),Corporate IT & Infrastructure,Execution,L. Novak,Benign,274,Closed
ALT-902599,2026-01-11 09:39:30,Low,Customer API Gateway,Digital Banking,Execution,J. Kowalski,Benign,96,Closed
ALT-901418,2026-01-11 10:57:13,Low,Wire Transfer System,Payments & Cards,Initial Access,J. Kowalski,False Positive,104,Closed
ALT-903618,2026-01-11 15:33:48,Low,Teller Platform,Retail Banking,Lateral Movement,Unassigned,Benign,74,Closed
ALT-902802,2026-01-11 22:13:30,Low,Mobile Banking App,Digital Banking,Defense Evasion,T. Chen,Benign,104,Closed
ALT-902257,2026-01-12 01:48:22,Low,Commercial Loan Platform,Commercial Banking,Collection,S. Okafor,False Positive,286,Closed
ALT-900814,2026-01-12 04:43:05,High,Core Banking System,Retail Banking,Defense Evasion,M. Patel,False Positive,49,Closed
ALT-902790,2026-01-12 05:20:09,Critical,Online Banking Portal,Digital Banking,Persistence,J. Kowalski,False Positive,17,Closed
ALT-900993,2026-01-12 05:57:28,Medium,Cloud Workloads (AWS),Corporate IT & Infrastructure,Exfiltration,J. Kowalski,Benign,144,Closed
ALT-902786,2026-01-12 07:17:16,Medium,Teller Platform,Retail Banking,Impact,S. Okafor,Benign,168,Closed
ALT-901154,2026-01-12 13:10:35,Medium,Commercial Loan Platform,Commercial Banking,Collection,A. Ramirez,Benign,12,Closed
ALT-901294,2026-01-12 15:11:28,Low,Core Banking System,Retail Banking,Impact,Unassigned,False Positive,307,Closed
ALT-902668,2026-01-12 19:57:47,Low,Teller Platform,Retail Banking,Exfiltration,L. Novak,Benign,300,Closed
ALT-903488,2026-01-13 00:29:36,Low,Online Banking Portal,Digital Banking,Lateral Movement,Unassigned,True Positive,330,Closed
ALT-901773,2026-01-13 00:51:32,Low,ATM Network,Retail Banking,Credential Access,T. Chen,False Positive,41,Closed
ALT-903058,2026-01-13 02:43:56,Low,Payment Gateway,Payments & Cards,Persistence,L. Novak,False Positive,359,Closed
ALT-902024,2026-01-13 06:05:17,Medium,Customer API Gateway,Digital Banking,Privilege Escalation,J. Kowalski,True Positive,25,Closed
ALT-902366,2026-01-13 09:53:30,Medium,Customer API Gateway,Digital Banking,Defense Evasion,A. Ramirez,False Positive,158,Closed
ALT-900773,2026-01-13 11:55:22,Low,Document Management System,Mortgage & Lending,Initial Access,L. Novak,False Positive,332,Closed
ALT-903763,2026-01-13 12:09:11,Medium,Online Banking Portal,Digital Banking,Discovery,L. Novak,Benign,116,Closed
ALT-903523,2026-01-13 13:25:35,Low,Teller Platform,Retail Banking,Collection,L. Novak,False Positive,168,Closed
ALT-901272,2026-01-13 15:25:58,Medium,Data Warehouse,Corporate IT & Infrastructure,Impact,T. Chen,False Positive,92,Closed
ALT-903491,2026-01-14 02:47:06,Medium,Endpoint Fleet,Corporate IT & Infrastructure,Execution,M. Patel,Benign,134,Closed
ALT-902102,2026-01-14 04:38:36,Medium,Mobile Banking App,Digital Banking,Credential Access,A. Ramirez,Benign,108,Closed
ALT-903008,2026-01-14 08:10:50,High,Customer API Gateway,Digital Banking,Exfiltration,J. Kowalski,False Positive,31,Closed
ALT-900782,2026-01-14 12:31:33,Low,Active Directory,Corporate IT & Infrastructure,Impact,M. Patel,False Positive,74,Closed
ALT-901621,2026-01-14 16:24:39,High,Endpoint Fleet,Corporate IT & Infrastructure,Exfiltration,L. Novak,True Positive,54,Closed
ALT-902847,2026-01-14 17:59:47,Low,Data Warehouse,Corporate IT & Infrastructure,Lateral Movement,Unassigned,False Positive,250,Closed
ALT-904072,2026-01-14 21:29:33,Medium,Customer API Gateway,Digital Banking,Collection,T. Chen,False Positive,119,Closed
ALT-901770,2026-01-15 08:34:34,Medium,ATM Network,Retail Banking,Privilege Escalation,L. Novak,Benign,82,Closed
ALT-903140,2026-01-15 08:59:55,Medium,Treasury Management System,Commercial Banking,Initial Access,J. Kowalski,Benign,64,Closed
ALT-901679,2026-01-15 16:42:09,Low,Core Banking System,Retail Banking,Initial Access,L. Novak,False Positive,318,Closed
ALT-902372,2026-01-15 19:09:34,Low,Active Directory,Corporate IT & Infrastructure,Exfiltration,L. Novak,Benign,234,Closed
ALT-903808,2026-01-15 23:54:19,Medium,Online Banking Portal,Digital Banking,Discovery,L. Novak,False Positive,177,Closed
ALT-901929,2026-01-16 04:11:41,Medium,Payment Gateway,Payments & Cards,Exfiltration,S. Okafor,True Positive,49,Closed
ALT-900225,2026-01-16 04:23:10,Low,Active Directory,Corporate IT & Infrastructure,Defense Evasion,Unassigned,Benign,186,Closed
ALT-903771,2026-01-16 10:29:01,Low,Loan Origination System,Mortgage & Lending,Credential Access,J. Kowalski,Benign,184,Closed
ALT-902940,2026-01-16 11:02:18,Medium,Card Issuance System,Payments & Cards,Collection,S. Okafor,False Positive,129,Closed
ALT-903908,2026-01-16 14:33:22,Low,Mobile Banking App,Digital Banking,Defense Evasion,Unassigned,True Positive,57,Closed
ALT-901271,2026-01-16 15:31:33,Low,Customer API Gateway,Digital Banking,Initial Access,J. Kowalski,False Positive,260,Closed
ALT-903577,2026-01-16 17:42:44,Low,Active Directory,Corporate IT & Infrastructure,Privilege Escalation,A. Ramirez,False Positive,320,Closed
ALT-900557,2026-01-16 19:08:03,Low,Commercial Loan Platform,Commercial Banking,Defense Evasion,J. Kowalski,Benign,173,Closed
ALT-904186,2026-01-16 23:04:11,Low,Teller Platform,Retail Banking,Discovery,T. Chen,True Positive,151,Closed
ALT-901079,2026-01-17 02:24:28,Medium,Loan Origination System,Mortgage & Lending,Discovery,S. Okafor,Benign,165,Closed
ALT-903252,2026-01-17 02:34:15,Medium,Wealth Management Platform,Wealth Management,Discovery,T. Chen,False Positive,31,Closed
ALT-900083,2026-01-17 05:21:36,Low,Commercial Loan Platform,Commercial Banking,Lateral Movement,J. Kowalski,Benign,22,Closed
ALT-902419,2026-01-17 15:17:27,Low,Loan Origination System,Mortgage & Lending,Discovery,J. Kowalski,False Positive,227,Closed
ALT-901528,2026-01-17 18:41:53,Medium,Trading Platform,Wealth Management,Discovery,M. Patel,False Positive,101,Closed
ALT-901593,2026-01-18 04:21:42,Low,Trading Platform,Wealth Management,Persistence,J. Kowalski,Benign,222,Closed
ALT-903845,2026-01-18 13:30:20,Low,Data Warehouse,Corporate IT & Infrastructure,Initial Access,T. Chen,False Positive,207,Closed
ALT-901377,2026-01-18 17:35:10,Critical,Customer API Gateway,Digital Banking,Credential Access,A. Ramirez,True Positive,15,Closed
ALT-903865,2026-01-18 17:39:03,Medium,Mobile Banking App,Digital Banking,Initial Access,T. Chen,Benign,86,Closed
ALT-900117,2026-01-18 18:08:13,Medium,Teller Platform,Retail Banking,Command and Control,M. Patel,False Positive,36,Closed
ALT-902573,2026-01-18 19:34:08,Medium,Active Directory,Corporate IT & Infrastructure,Impact,J. Kowalski,False Positive,27,Closed
ALT-903198,2026-01-19 02:26:17,Low,Wealth Management Platform,Wealth Management,Execution,S. Okafor,Benign,239,Closed
ALT-900530,2026-01-19 06:55:22,Medium,Teller Platform,Retail Banking,Defense Evasion,J. Kowalski,Benign,140,Closed
ALT-901403,2026-01-19 17:26:31,Low,Customer API Gateway,Digital Banking,Persistence,A. Ramirez,Benign,112,Closed
ALT-900383,2026-01-19 21:00:59,Low,Active Directory,Corporate IT & Infrastructure,Defense Evasion,A. Ramirez,Benign,346,Closed
ALT-901474,2026-01-20 00:07:12,Medium,Cloud Workloads (AWS),Corporate IT & Infrastructure,Discovery,A. Ramirez,False Positive,157,Closed
ALT-901017,2026-01-20 15:36:15,Low,Data Warehouse,Corporate IT & Infrastructure,Initial Access,S. Okafor,Benign,256,Closed
ALT-903894,2026-01-20 18:52:03,Low,Card Issuance System,Payments & Cards,Defense Evasion,L. Novak,True Positive,187,Closed
ALT-900434,2026-01-20 20:50:04,Medium,Treasury Management System,Commercial Banking,Initial Access,M. Patel,Benign,29,Closed
ALT-901695,2026-01-20 23:20:27,High,Document Management System,Mortgage & Lending,Lateral Movement,M. Patel,True Positive,16,Closed
ALT-902796,2026-01-20 23:27:26,Low,Treasury Management System,Commercial Banking,Exfiltration,T. Chen,Benign,358,Closed
ALT-902048,2026-01-21 06:18:12,Medium,Commercial Loan Platform,Commercial Banking,Lateral Movement,M. Patel,Benign,67,Closed
ALT-903820,2026-01-21 07:40:24,High,Teller Platform,Retail Banking,Command and Control,Unassigned,Benign,23,Closed
ALT-902832,2026-01-21 17:59:52,High,Payment Gateway,Payments & Cards,Initial Access,T. Chen,Benign,15,Closed
ALT-903144,2026-01-21 19:36:33,Low,Online Banking Portal,Digital Banking,Impact,M. Patel,Benign,46,Closed
ALT-901264,2026-01-22 07:12:43,Medium,ATM Network,Retail Banking,Initial Access,S. Okafor,False Positive,35,Closed
ALT-901944,2026-01-22 07:57:57,Low,Card Issuance System,Payments & Cards,Persistence,L. Novak,Benign,240,Closed
ALT-901189,2026-01-22 10:32:26,Critical,Customer API Gateway,Digital Banking,Discovery,J. Kowalski,True Positive,6,Closed
ALT-900742,2026-01-22 13:42:11,Medium,Teller Platform,Retail Banking,Impact,M. Patel,False Positive,15,Closed
ALT-902494,2026-01-22 17:42:41,Medium,Online Banking Portal,Digital Banking,Discovery,Unassigned,False Positive,85,Closed
ALT-900608,2026-01-22 22:17:57,Medium,Payment Gateway,Payments & Cards,Command and Control,L. Novak,False Positive,114,Closed
ALT-900015,2026-01-23 04:24:47,High,Cloud Workloads (AWS),Corporate IT & Infrastructure,Collection,M. Patel,True Positive,54,Closed
ALT-901953,2026-01-23 04:27:31,Low,Customer API Gateway,Digital Banking,Persistence,J. Kowalski,Benign,76,Closed
ALT-904015,2026-01-23 12:02:10,Low,ATM Network,Retail Banking,Lateral Movement,M. Patel,False Positive,58,Closed
ALT-900859,2026-01-23 22:45:23,Low,Mobile Banking App,Digital Banking,Credential Access,L. Novak,False Positive,274,Closed
ALT-902356,2026-01-23 22:46:02,Low,Wire Transfer System,Payments & Cards,Impact,Unassigned,Benign,64,Closed
ALT-902041,2026-01-24 03:55:49,Low,Cloud Workloads (AWS),Corporate IT & Infrastructure,Privilege Escalation,J. Kowalski,True Positive,154,Closed
ALT-900161,2026-01-24 10:22:41,Low,Mobile Banking App,Digital Banking,Discovery,L. Novak,False Positive,117,Closed
ALT-902939,2026-01-24 17:30:11,Low,Card Issuance System,Payments & Cards,Discovery,S. Okafor,Benign,182,Closed
ALT-904132,2026-01-24 23:29:48,Low,Commercial Loan Platform,Commercial Banking,Initial Access,S. Okafor,Benign,154,Closed
ALT-901014,2026-01-25 05:59:46,Low,Core Banking System,Retail Banking,Defense Evasion,L. Novak,False Positive,133,Closed
ALT-900178,2026-01-25 11:54:17,Medium,Treasury Management System,Commercial Banking,Lateral Movement,Unassigned,False Positive,57,Closed
ALT-902754,2026-01-25 12:32:32,Medium,Wealth Management Platform,Wealth Management,Persistence,L. Novak,True Positive,64,Closed
ALT-900453,2026-01-25 14:25:21,Medium,Cloud Workloads (AWS),Corporate IT & Infrastructure,Defense Evasion,J. Kowalski,False Positive,106,Closed
ALT-900841,2026-01-25 20:56:39,Low,Core Banking System,Retail Banking,Defense Evasion,M. Patel,Benign,188,Closed
ALT-900516,2026-01-25 23:32:00,Critical,Teller Platform,Retail Banking,Persistence,A. Ramirez,True Positive,8,Closed
ALT-903137,2026-01-26 07:30:17,Low,Treasury Management System,Commercial Banking,Privilege Escalation,A. Ramirez,False Positive,40,Closed
ALT-903533,2026-01-26 14:13:12,Medium,Email & Collaboration (O365),Corporate IT & Infrastructure,Impact,M. Patel,Benign,54,Closed
ALT-902229,2026-01-26 18:55:07,Low,ATM Network,Retail Banking,Exfiltration,Unassigned,Benign,73,Closed
ALT-900400,2026-01-27 00:20:11,Low,Loan Origination System,Mortgage & Lending,Command and Control,T. Chen,Benign,147,Closed
ALT-903091,2026-01-27 00:39:24,Medium,Document Management System,Mortgage & Lending,Exfiltration,L. Novak,Benign,157,Closed
ALT-902850,2026-01-27 06:01:06,Medium,Wire Transfer System,Payments & Cards,Impact,J. Kowalski,False Positive,62,Closed
ALT-902458,2026-01-27 14:44:03,Low,Mobile Banking App,Digital Banking,Persistence,A. Ramirez,False Positive,165,Closed
ALT-902460,2026-01-27 15:39:43,Low,Payment Gateway,Payments & Cards,Defense Evasion,M. Patel,Benign,224,Closed
ALT-900587,2026-01-27 16:13:11,Low,Email & Collaboration (O365),Corporate IT & Infrastructure,Impact,A. Ramirez,False Positive,257,Closed
ALT-902611,2026-01-27 22:12:19,Low,ATM Network,Retail Banking,Defense Evasion,M. Patel,False Positive,295,Closed
ALT-902731,2026-01-27 23:14:57,Low,Trading Platform,Wealth Management,Collection,A. Ramirez,True Positive,192,Closed
ALT-901613,2026-01-27 23:34:28,Low,Card Issuance System,Payments & Cards,Exfiltration,Unassigned,Benign,235,Closed
ALT-901342,2026-01-28 01:41:33,Low,Mobile Banking App,Digital Banking,Credential Access,Unassigned,True Positive,215,Closed
ALT-900079,2026-01-28 11:27:23,Medium,Online Banking Portal,Digital Banking,Exfiltration,Unassigned,True Positive,121,Closed
ALT-902426,2026-01-28 14:02:02,Medium,Data Warehouse,Corporate IT & Infrastructure,Execution,T. Chen,Benign,156,Closed
ALT-903583,2026-01-28 18:36:47,High,Card Issuance System,Payments & Cards,Command and Control,Unassigned,False Positive,56,Closed
ALT-900220,2026-01-29 01:07:47,High,Online Banking Portal,Digital Banking,Persistence,S. Okafor,False Positive,7,Closed
ALT-900977,2026-01-29 08:58:53,Medium,Card Issuance System,Payments & Cards,Impact,M. Patel,Benign,172,Closed
ALT-903126,2026-01-29 23:21:03,Low,Active Directory,Corporate IT & Infrastructure,Persistence,S. Okafor,Benign,34,Closed
ALT-903736,2026-01-29 23:56:53,Low,Customer API Gateway,Digital Banking,Collection,A. Ramirez,Benign,268,Closed
ALT-900253,2026-01-30 23:17:59,Low,Cloud Workloads (AWS),Corporate IT & Infrastructure,Impact,A. Ramirez,False Positive,340,Closed
ALT-903054,2026-01-31 03:55:14,Low,Online Banking Portal,Digital Banking,Command and Control,J. Kowalski,False Positive,162,Closed
ALT-903858,2026-01-31 07:15:16,Low,Card Issuance System,Payments & Cards,Impact,T. Chen,Benign,172,Closed
ALT-902660,2026-01-31 07:51:44,Medium,Cloud Workloads (AWS),Corporate IT & Infrastructure,Lateral Movement,J. Kowalski,True Positive,53,Closed
ALT-902720,2026-01-31 11:03:35,Low,Mobile Banking App,Digital Banking,Impact,S. Okafor,Benign,169,Closed
ALT-902791,2026-02-01 00:18:42,Medium,Wire Transfer System,Payments & Cards,Defense Evasion,M. Patel,False Positive,90,Closed
ALT-903366,2026-02-01 08:10:52,Medium,Teller Platform,Retail Banking,Impact,A. Ramirez,Benign,12,Closed
ALT-901635,2026-02-01 13:29:35,Low,Treasury Management System,Commercial Banking,Command and Control,J. Kowalski,Benign,43,Closed
ALT-903164,2026-02-01 14:38:09,High,Document Management System,Mortgage & Lending,Execution,M. Patel,False Positive,32,Closed
ALT-902527,2026-02-02 10:13:34,Medium,Wire Transfer System,Payments & Cards,Execution,L. Novak,False Positive,60,Closed
ALT-902216,2026-02-02 20:54:59,Medium,Endpoint Fleet,Corporate IT & Infrastructure,Privilege Escalation,J. Kowalski,Benign,34,Closed
ALT-900003,2026-02-02 21:24:06,Low,Commercial Loan Platform,Commercial Banking,Execution,Unassigned,Benign,31,Closed
ALT-900419,2026-02-03 06:21:56,Medium,Document Management System,Mortgage & Lending,Persistence,J. Kowalski,Benign,163,Closed
ALT-903728,2026-02-03 09:10:49,Low,Data Warehouse,Corporate IT & Infrastructure,Lateral Movement,J. Kowalski,False Positive,111,Closed
ALT-902880,2026-02-03 09:13:05,Medium,Core Banking System,Retail Banking,Defense Evasion,T. Chen,Benign,96,Closed
ALT-900927,2026-02-04 01:23:40,High,Wire Transfer System,Payments & Cards,Execution,Unassigned,True Positive,30,Closed
ALT-901808,2026-02-04 04:50:26,Low,Customer API Gateway,Digital Banking,Collection,L. Novak,False Positive,36,Closed
ALT-904086,2026-02-04 09:39:33,Medium,Loan Origination System,Mortgage & Lending,Discovery,T. Chen,Benign,137,Closed
ALT-901347,2026-02-04 14:38:39,Medium,Commercial Loan Platform,Commercial Banking,Defense Evasion,S. Okafor,Benign,64,Closed
ALT-900730,2026-02-04 17:56:37,Medium,ATM Network,Retail Banking,Lateral Movement,A. Ramirez,False Positive,167,Closed
ALT-902272,2026-02-04 23:31:03,Low,Commercial Loan Platform,Commercial Banking,Privilege Escalation,S. Okafor,Benign,251,Closed
ALT-903793,2026-02-05 03:13:59,Low,Cloud Workloads (AWS),Corporate IT & Infrastructure,Execution,L. Novak,Benign,349,Closed
ALT-903789,2026-02-05 11:27:27,Low,Active Directory,Corporate IT & Infrastructure,Persistence,M. Patel,False Positive,134,Closed
ALT-902441,2026-02-05 20:41:20,Medium,Cloud Workloads (AWS),Corporate IT & Infrastructure,Initial Access,S. Okafor,Benign,59,Closed
ALT-900403,2026-02-05 21:02:50,Medium,Trading Platform,Wealth Management,Credential Access,M. Patel,False Positive,23,Closed
ALT-902360,2026-02-06 16:39:55,Low,Card Issuance System,Payments & Cards,Lateral Movement,J. Kowalski,False Positive,95,Closed
ALT-901389,2026-02-06 19:32:33,High,Cloud Workloads (AWS),Corporate IT & Infrastructure,Privilege Escalation,S. Okafor,Benign,11,Closed
ALT-901856,2026-02-06 20:17:01,Medium,Wire Transfer System,Payments & Cards,Initial Access,Unassigned,Benign,45,Closed
ALT-902828,2026-02-07 02:18:54,Low,Document Management System,Mortgage & Lending,Lateral Movement,A. Ramirez,Benign,254,Closed
ALT-900613,2026-02-07 04:02:43,Low,Wealth Management Platform,Wealth Management,Collection,L. Novak,False Positive,299,Closed
ALT-900968,2026-02-07 06:10:46,Medium,Wire Transfer System,Payments & Cards,Credential Access,A. Ramirez,Benign,144,Closed
ALT-903671,2026-02-07 11:49:05,Low,Trading Platform,Wealth Management,Exfiltration,L. Novak,Benign,337,Closed
ALT-903277,2026-02-07 14:13:01,Medium,Online Banking Portal,Digital Banking,Collection,J. Kowalski,False Positive,180,Closed
ALT-903720,2026-02-07 19:06:08,Low,Wire Transfer System,Payments & Cards,Command and Control,M. Patel,Benign,271,Closed
ALT-900356,2026-02-07 19:31:01,Low,Trading Platform,Wealth Management,Impact,A. Ramirez,True Positive,313,Closed
ALT-903020,2026-02-07 22:49:01,Medium,Customer API Gateway,Digital Banking,Exfiltration,M. Patel,Benign,55,Closed
ALT-901663,2026-02-07 23:06:02,Medium,Wire Transfer System,Payments & Cards,Execution,M. Patel,Benign,143,Closed
ALT-902872,2026-02-08 00:09:46,Medium,Treasury Management System,Commercial Banking,Defense Evasion,A. Ramirez,Benign,165,Closed
ALT-901334,2026-02-08 09:01:41,High,Online Banking Portal,Digital Banking,Initial Access,A. Ramirez,True Positive,52,Closed
ALT-903807,2026-02-08 12:32:51,Medium,Commercial Loan Platform,Commercial Banking,Execution,M. Patel,False Positive,109,Closed
ALT-903286,2026-02-09 05:44:13,Low,Online Banking Portal,Digital Banking,Defense Evasion,L. Novak,Benign,336,Closed
ALT-900115,2026-02-09 06:54:52,Low,Cloud Workloads (AWS),Corporate IT & Infrastructure,Initial Access,A. Ramirez,False Positive,70,Closed
ALT-900188,2026-02-09 09:00:50,Low,ATM Network,Retail Banking,Defense Evasion,M. Patel,Benign,230,Closed
ALT-900842,2026-02-09 09:17:12,Low,Commercial Loan Platform,Commercial Banking,Defense Evasion,J. Kowalski,Benign,272,Closed
ALT-903916,2026-02-09 12:40:23,High,Loan Origination System,Mortgage & Lending,Lateral Movement,L. Novak,False Positive,31,Closed
ALT-903462,2026-02-09 17:11:51,Medium,Core Banking System,Retail Banking,Defense Evasion,J. Kowalski,Benign,83,Closed
ALT-900971,2026-02-09 20:53:52,Medium,Teller Platform,Retail Banking,Collection,L. Novak,Benign,144,Closed
ALT-901231,2026-02-09 23:32:23,Low,Payment Gateway,Payments & Cards,Privilege Escalation,Unassigned,False Positive,81,Closed
ALT-902673,2026-02-10 01:04:23,Medium,Card Issuance System,Payments & Cards,Defense Evasion,M. Patel,False Positive,129,Closed
ALT-903520,2026-02-10 02:12:28,Medium,Wealth Management Platform,Wealth Management,Execution,S. Okafor,Benign,148,Closed
ALT-901212,2026-02-10 16:39:26,Medium,Cloud Workloads (AWS),Corporate IT & Infrastructure,Command and Control,T. Chen,True Positive,33,Closed
ALT-903272,2026-02-10 20:36:11,Low,Treasury Management System,Commercial Banking,Credential Access,T. Chen,Benign,163,Closed
ALT-901536,2026-02-10 23:35:28,Low,Wealth Management Platform,Wealth Management,Initial Access,J. Kowalski,False Positive,279,Closed
ALT-901257,2026-02-11 04:11:54,Low,Customer API Gateway,Digital Banking,Defense Evasion,A. Ramirez,Benign,163,Closed
ALT-901256,2026-02-11 05:43:50,Low,Trading Platform,Wealth Management,Discovery,L. Novak,Benign,40,Closed
ALT-902545,2026-02-11 08:44:16,Low,Cloud Workloads (AWS),Corporate IT & Infrastructure,Persistence,M. Patel,False Positive,241,Closed
ALT-902075,2026-02-11 11:25:21,Low,Customer API Gateway,Digital Banking,Defense Evasion,S. Okafor,False Positive,55,Closed
ALT-903099,2026-02-11 13:40:34,High,Commercial Loan Platform,Commercial Banking,Initial Access,L. Novak,True Positive,47,Closed
ALT-903648,2026-02-11 21:51:47,Low,Online Banking Portal,Digital Banking,Initial Access,A. Ramirez,False Positive,71,Closed
ALT-900441,2026-02-12 00:07:49,High,Email & Collaboration (O365),Corporate IT & Infrastructure,Persistence,S. Okafor,False Positive,7,Closed
ALT-903487,2026-02-12 00:34:04,Low,Commercial Loan Platform,Commercial Banking,Credential Access,L. Novak,True Positive,130,Closed
ALT-902771,2026-02-12 05:58:07,Medium,Mobile Banking App,Digital Banking,Privilege Escalation,T. Chen,Benign,93,Closed
ALT-900607,2026-02-12 06:27:23,Low,Commercial Loan Platform,Commercial Banking,Persistence,J. Kowalski,False Positive,239,Closed
ALT-902945,2026-02-12 16:23:12,High,Wealth Management Platform,Wealth Management,Impact,T. Chen,Benign,47,Closed
ALT-903424,2026-02-12 17:57:08,High,Wealth Management Platform,Wealth Management,Collection,S. Okafor,Benign,40,Closed
ALT-903441,2026-02-13 00:57:00,Low,Email & Collaboration (O365),Corporate IT & Infrastructure,Collection,J. Kowalski,Benign,279,Closed
ALT-902866,2026-02-13 16:29:08,Low,Endpoint Fleet,Corporate IT & Infrastructure,Persistence,Unassigned,False Positive,188,Closed
ALT-903221,2026-02-13 17:17:46,Low,Document Management System,Mortgage & Lending,Collection,Unassigned,Benign,170,Closed
ALT-900933,2026-02-14 00:42:51,Medium,Treasury Management System,Commercial Banking,Lateral Movement,Unassigned,Benign,62,Closed
ALT-903522,2026-02-14 04:48:24,Low,Customer API Gateway,Digital Banking,Collection,Unassigned,Benign,218,Closed
ALT-900737,2026-02-14 05:41:08,Medium,Teller Platform,Retail Banking,Lateral Movement,A. Ramirez,True Positive,164,Closed
ALT-902784,2026-02-14 06:16:35,Low,Customer API Gateway,Digital Banking,Collection,L. Novak,False Positive,179,Closed
ALT-901623,2026-02-14 11:34:30,Medium,Cloud Workloads (AWS),Corporate IT & Infrastructure,Initial Access,T. Chen,Benign,167,Closed
ALT-903989,2026-02-14 14:48:46,Low,Teller Platform,Retail Banking,Defense Evasion,A. Ramirez,Benign,115,Closed
ALT-902584,2026-02-15 00:48:49,High,Core Banking System,Retail Banking,Command and Control,L. Novak,Benign,30,Closed
ALT-901117,2026-02-15 02:44:23,Low,Customer API Gateway,Digital Banking,Privilege Escalation,L. Novak,Benign,328,Closed
ALT-903631,2026-02-15 20:33:42,Medium,Mobile Banking App,Digital Banking,Impact,Unassigned,Benign,65,Closed
ALT-903521,2026-02-15 23:22:52,Medium,Teller Platform,Retail Banking,Defense Evasion,S. Okafor,Benign,16,Closed
ALT-901148,2026-02-16 00:15:43,Medium,Cloud Workloads (AWS),Corporate IT & Infrastructure,Credential Access,T. Chen,Benign,71,Closed
ALT-902093,2026-02-16 04:25:58,Low,Customer API Gateway,Digital Banking,Persistence,M. Patel,Benign,56,Closed
ALT-900388,2026-02-16 11:51:30,High,Commercial Loan Platform,Commercial Banking,Lateral Movement,J. Kowalski,True Positive,31,Closed
ALT-902168,2026-02-16 14:30:39,Low,Online Banking Portal,Digital Banking,Execution,M. Patel,False Positive,122,Closed
ALT-903620,2026-02-16 14:48:08,Medium,Wealth Management Platform,Wealth Management,Exfiltration,M. Patel,Benign,109,Closed
ALT-903218,2026-02-16 22:55:53,Low,Mobile Banking App,Digital Banking,Discovery,S. Okafor,False Positive,198,Closed
ALT-903638,2026-02-17 03:47:09,High,Customer API Gateway,Digital Banking,Discovery,S. Okafor,True Positive,39,Closed
ALT-900439,2026-02-17 06:02:16,Medium,Online Banking Portal,Digital Banking,Persistence,J. Kowalski,False Positive,150,Closed
ALT-903280,2026-02-17 06:50:46,Low,Active Directory,Corporate IT & Infrastructure,Collection,T. Chen,False Positive,128,Closed
ALT-902602,2026-02-17 15:36:03,Medium,Online Banking Portal,Digital Banking,Impact,Unassigned,False Positive,165,Closed
ALT-902004,2026-02-17 16:56:22,Medium,Mobile Banking App,Digital Banking,Exfiltration,A. Ramirez,False Positive,116,Closed
ALT-903987,2026-02-17 17:53:01,Low,Payment Gateway,Payments & Cards,Collection,J. Kowalski,Benign,250,Closed
ALT-903698,2026-02-18 02:36:40,Low,Loan Origination System,Mortgage & Lending,Lateral Movement,S. Okafor,Benign,118,Closed
ALT-900476,2026-02-18 05:13:38,Low,Loan Origination System,Mortgage & Lending,Lateral Movement,Unassigned,False Positive,302,Closed
ALT-900921,2026-02-18 08:28:01,Medium,Data Warehouse,Corporate IT & Infrastructure,Exfiltration,J. Kowalski,False Positive,48,Closed
ALT-901502,2026-02-18 08:31:48,Medium,Document Management System,Mortgage & Lending,Execution,L. Novak,Benign,166,Closed
ALT-901054,2026-02-18 10:07:11,Critical,Loan Origination System,Mortgage & Lending,Lateral Movement,L. Novak,False Positive,4,Closed
ALT-903216,2026-02-18 12:17:08,Low,Online Banking Portal,Digital Banking,Execution,Unassigned,False Positive,81,Closed
ALT-904058,2026-02-18 14:18:07,Medium,Trading Platform,Wealth Management,Execution,T. Chen,True Positive,110,Closed
ALT-901401,2026-02-19 00:17:48,Medium,Loan Origination System,Mortgage & Lending,Collection,J. Kowalski,Benign,13,Closed
ALT-903153,2026-02-19 03:46:05,Low,ATM Network,Retail Banking,Command and Control,J. Kowalski,Benign,259,Closed
ALT-903116,2026-02-19 05:17:49,Low,Loan Origination System,Mortgage & Lending,Execution,T. Chen,Benign,249,Closed
ALT-901553,2026-02-19 09:51:43,Critical,Commercial Loan Platform,Commercial Banking,Persistence,L. Novak,False Positive,22,Closed
ALT-904031,2026-02-19 10:52:44,High,Customer API Gateway,Digital Banking,Discovery,T. Chen,False Positive,45,Closed
ALT-901482,2026-02-19 14:58:11,Low,Active Directory,Corporate IT & Infrastructure,Impact,Unassigned,False Positive,82,Closed
ALT-903725,2026-02-19 21:13:14,Low,Teller Platform,Retail Banking,Command and Control,J. Kowalski,False Positive,121,Closed
ALT-900666,2026-02-19 21:22:40,High,Online Banking Portal,Digital Banking,Command and Control,J. Kowalski,False Positive,48,Closed
ALT-901216,2026-02-20 03:29:11,Medium,Treasury Management System,Commercial Banking,Impact,T. Chen,Benign,172,Closed
ALT-902497,2026-02-20 12:33:34,Low,Card Issuance System,Payments & Cards,Persistence,L. Novak,False Positive,257,Closed
ALT-903927,2026-02-20 19:44:24,Low,Wire Transfer System,Payments & Cards,Credential Access,L. Novak,Benign,171,Closed
ALT-901241,2026-02-20 19:53:58,Low,Active Directory,Corporate IT & Infrastructure,Privilege Escalation,M. Patel,Benign,225,Closed
ALT-902384,2026-02-20 20:14:35,Medium,Wire Transfer System,Payments & Cards,Execution,J. Kowalski,Benign,29,Closed
ALT-902402,2026-02-20 20:58:12,Medium,Trading Platform,Wealth Management,Exfiltration,A. Ramirez,Benign,88,Closed
ALT-903982,2026-02-21 03:29:53,Medium,Data Warehouse,Corporate IT & Infrastructure,Command and Control,J. Kowalski,True Positive,144,Closed
ALT-902615,2026-02-21 07:49:19,Medium,Online Banking Portal,Digital Banking,Execution,S. Okafor,False Positive,97,Closed
ALT-902862,2026-02-21 10:34:45,Low,Core Banking System,Retail Banking,Impact,S. Okafor,True Positive,333,Closed
ALT-903013,2026-02-21 16:49:54,Medium,Data Warehouse,Corporate IT & Infrastructure,Execution,J. Kowalski,Benign,26,Closed
ALT-900860,2026-02-21 18:07:51,High,Customer API Gateway,Digital Banking,Persistence,L. Novak,Benign,46,Closed
ALT-901211,2026-02-21 19:10:56,Low,Card Issuance System,Payments & Cards,Impact,M. Patel,False Positive,32,Closed
ALT-903976,2026-02-22 04:44:32,Medium,Treasury Management System,Commercial Banking,Persistence,S. Okafor,False Positive,111,Closed
ALT-901975,2026-02-22 06:21:00,Low,Commercial Loan Platform,Commercial Banking,Credential Access,S. Okafor,Benign,216,Closed
ALT-902169,2026-02-22 15:47:23,Low,Teller Platform,Retail Banking,Impact,T. Chen,False Positive,142,Closed
ALT-901263,2026-02-22 17:39:44,High,Treasury Management System,Commercial Banking,Discovery,S. Okafor,False Positive,33,Closed
ALT-901952,2026-02-22 19:03:12,Medium,Wire Transfer System,Payments & Cards,Collection,L. Novak,Benign,33,Closed
ALT-901949,2026-02-22 22:49:43,Low,Card Issuance System,Payments & Cards,Credential Access,T. Chen,False Positive,64,Closed
ALT-902309,2026-02-22 22:55:27,Low,Document Management System,Mortgage & Lending,Command and Control,M. Patel,Benign,326,Closed
ALT-902657,2026-02-23 01:29:07,Low,Data Warehouse,Corporate IT & Infrastructure,Impact,S. Okafor,False Positive,288,Closed
ALT-902108,2026-02-23 06:26:25,High,Teller Platform,Retail Banking,Collection,J. Kowalski,Benign,36,Closed
ALT-900877,2026-02-23 07:33:57,Low,Wire Transfer System,Payments & Cards,Defense Evasion,T. Chen,Benign,286,Closed
ALT-903889,2026-02-23 08:06:42,Low,Core Banking System,Retail Banking,Privilege Escalation,L. Novak,Benign,208,Closed
ALT-903572,2026-02-23 10:14:41,Medium,Payment Gateway,Payments & Cards,Discovery,A. Ramirez,Benign,17,Closed
ALT-901131,2026-02-23 18:24:28,Medium,Mobile Banking App,Digital Banking,Lateral Movement,T. Chen,False Positive,38,Closed
ALT-902370,2026-02-23 23:40:08,Low,ATM Network,Retail Banking,Exfiltration,S. Okafor,False Positive,72,Closed
ALT-903161,2026-02-24 10:02:16,High,Commercial Loan Platform,Commercial Banking,Command and Control,A. Ramirez,Benign,11,Closed
ALT-901802,2026-02-24 11:54:11,Critical,Online Banking Portal,Digital Banking,Execution,A. Ramirez,True Positive,11,Closed
ALT-901122,2026-02-24 13:41:33,High,Customer API Gateway,Digital Banking,Exfiltration,T. Chen,False Positive,43,Closed
ALT-900390,2026-02-24 20:07:19,Low,Online Banking Portal,Digital Banking,Persistence,J. Kowalski,True Positive,242,Closed
ALT-903681,2026-02-24 21:10:18,High,Wire Transfer System,Payments & Cards,Collection,A. Ramirez,Benign,33,Closed
ALT-900588,2026-02-25 03:24:30,Low,Online Banking Portal,Digital Banking,Privilege Escalation,L. Novak,Benign,319,Closed
ALT-902913,2026-02-25 06:48:31,Low,Treasury Management System,Commercial Banking,Privilege Escalation,L. Novak,Benign,81,Closed
ALT-902207,2026-02-25 06:54:35,Low,Loan Origination System,Mortgage & Lending,Initial Access,S. Okafor,Benign,294,Closed
ALT-903183,2026-02-25 08:01:14,Medium,Data Warehouse,Corporate IT & Infrastructure,Command and Control,L. Novak,True Positive,55,Closed
ALT-900285,2026-02-25 09:32:50,Low,Wealth Management Platform,Wealth Management,Defense Evasion,T. Chen,Benign,227,Closed
ALT-900531,2026-02-25 09:35:32,Low,Mobile Banking App,Digital Banking,Persistence,M. Patel,Benign,17,Closed
ALT-903873,2026-02-25 12:49:06,Medium,Mobile Banking App,Digital Banking,Exfiltration,S. Okafor,Benign,124,Closed
ALT-900096,2026-02-25 15:56:07,High,Mobile Banking App,Digital Banking,Impact,M. Patel,True Positive,32,Closed
ALT-901599,2026-02-25 18:57:52,High,Customer API Gateway,Digital Banking,Credential Access,A. Ramirez,True Positive,34,Closed
ALT-901229,2026-02-26 00:01:54,Medium,Payment Gateway,Payments & Cards,Collection,T. Chen,True Positive,117,Closed
ALT-900512,2026-02-26 14:27:34,Low,Cloud Workloads (AWS),Corporate IT & Infrastructure,Initial Access,A. Ramirez,False Positive,211,Closed
ALT-901284,2026-02-27 14:17:03,Medium,Loan Origination System,Mortgage & Lending,Privilege Escalation,T. Chen,True Positive,114,Closed
ALT-902636,2026-02-27 21:19:06,Medium,Loan Origination System,Mortgage & Lending,Execution,S. Okafor,Benign,31,Closed
ALT-903284,2026-02-27 23:29:22,High,Payment Gateway,Payments & Cards,Discovery,S. Okafor,False Positive,47,Closed
ALT-902857,2026-02-28 02:31:58,Low,Wire Transfer System,Payments & Cards,Defense Evasion,M. Patel,False Positive,331,Closed
ALT-902502,2026-02-28 14:44:03,Low,Cloud Workloads (AWS),Corporate IT & Infrastructure,Impact,T. Chen,Benign,191,Closed
ALT-900996,2026-02-28 15:00:38,Low,Active Directory,Corporate IT & Infrastructure,Discovery,S. Okafor,False Positive,269,Closed
ALT-901074,2026-02-28 19:37:48,Low,Card Issuance System,Payments & Cards,Lateral Movement,S. Okafor,Benign,333,Closed
ALT-901013,2026-03-01 06:49:09,High,Customer API Gateway,Digital Banking,Credential Access,T. Chen,True Positive,55,Closed
ALT-903540,2026-03-01 10:37:50,Medium,ATM Network,Retail Banking,Defense Evasion,T. Chen,False Positive,86,Closed
ALT-902154,2026-03-01 11:11:46,Low,ATM Network,Retail Banking,Exfiltration,L. Novak,False Positive,170,Closed
ALT-900286,2026-03-01 11:38:47,Medium,Trading Platform,Wealth Management,Privilege Escalation,L. Novak,True Positive,165,Closed
ALT-900372,2026-03-01 11:56:02,Low,Wealth Management Platform,Wealth Management,Discovery,A. Ramirez,Benign,176,Closed
ALT-900207,2026-03-01 12:36:33,Low,Commercial Loan Platform,Commercial Banking,Discovery,M. Patel,False Positive,28,Closed
ALT-903486,2026-03-01 14:45:42,Low,Trading Platform,Wealth Management,Defense Evasion,Unassigned,False Positive,65,Closed
ALT-902642,2026-03-01 16:04:39,Low,Customer API Gateway,Digital Banking,Credential Access,S. Okafor,False Positive,351,Closed
ALT-901432,2026-03-01 17:21:26,Low,Payment Gateway,Payments & Cards,Discovery,J. Kowalski,Benign,349,Closed
ALT-902474,2026-03-01 19:43:35,Low,Customer API Gateway,Digital Banking,Discovery,Unassigned,True Positive,29,Closed
ALT-900232,2026-03-01 20:13:47,Medium,Treasury Management System,Commercial Banking,Lateral Movement,T. Chen,False Positive,168,Closed
ALT-901810,2026-03-01 23:27:43,Low,ATM Network,Retail Banking,Defense Evasion,J. Kowalski,False Positive,324,Closed
ALT-900358,2026-03-01 23:42:30,Low,Mobile Banking App,Digital Banking,Command and Control,Unassigned,Benign,111,Closed
ALT-902284,2026-03-02 05:31:15,Low,Commercial Loan Platform,Commercial Banking,Lateral Movement,Unassigned,Benign,179,Closed
ALT-902274,2026-03-02 06:05:18,Medium,Teller Platform,Retail Banking,Lateral Movement,S. Okafor,False Positive,55,Closed
ALT-900938,2026-03-02 08:55:09,Medium,Online Banking Portal,Digital Banking,Lateral Movement,J. Kowalski,False Positive,23,Closed
ALT-902667,2026-03-02 08:56:52,Medium,Wire Transfer System,Payments & Cards,Persistence,Unassigned,False Positive,115,Closed
ALT-903601,2026-03-02 13:33:53,High,ATM Network,Retail Banking,Defense Evasion,Unassigned,Benign,45,Closed
ALT-903750,2026-03-02 15:57:43,Low,Card Issuance System,Payments & Cards,Execution,Unassigned,False Positive,272,Closed
ALT-901357,2026-03-02 19:19:33,Low,Email & Collaboration (O365),Corporate IT & Infrastructure,Discovery,T. Chen,Benign,203,Closed
ALT-903507,2026-03-02 20:00:58,Low,Treasury Management System,Commercial Banking,Persistence,Unassigned,False Positive,35,Closed
ALT-902508,2026-03-02 22:20:58,Low,Mobile Banking App,Digital Banking,Initial Access,Unassigned,False Positive,215,Closed
ALT-900654,2026-03-03 01:17:12,Low,Loan Origination System,Mortgage & Lending,Collection,S. Okafor,True Positive,271,Closed
ALT-902094,2026-03-03 03:27:43,Low,Loan Origination System,Mortgage & Lending,Execution,J. Kowalski,Benign,288,Closed
ALT-903925,2026-03-03 05:59:52,Low,Mobile Banking App,Digital Banking,Impact,L. Novak,Benign,152,Closed
ALT-904010,2026-03-03 12:43:08,Low,Mobile Banking App,Digital Banking,Privilege Escalation,S. Okafor,Benign,320,Closed
ALT-902352,2026-03-03 13:50:54,Medium,Mobile Banking App,Digital Banking,Command and Control,T. Chen,Benign,50,Closed
ALT-902311,2026-03-04 10:04:06,Low,Commercial Loan Platform,Commercial Banking,Impact,Unassigned,False Positive,295,Closed
ALT-901392,2026-03-05 23:20:01,Low,Cloud Workloads (AWS),Corporate IT & Infrastructure,Collection,Unassigned,Benign,348,Closed
ALT-903275,2026-03-06 05:41:37,Low,Commercial Loan Platform,Commercial Banking,Collection,L. Novak,False Positive,276,Closed
ALT-901854,2026-03-06 06:00:21,Low,Teller Platform,Retail Banking,Exfiltration,L. Novak,False Positive,281,Closed
ALT-900528,2026-03-06 11:02:55,Medium,Active Directory,Corporate IT & Infrastructure,Defense Evasion,M. Patel,False Positive,124,Closed
ALT-901006,2026-03-07 03:51:32,High,Wire Transfer System,Payments & Cards,Exfiltration,M. Patel,False Positive,53,Closed
ALT-900249,2026-03-07 04:18:19,Medium,Active Directory,Corporate IT & Infrastructure,Execution,S. Okafor,False Positive,104,Closed
ALT-901670,2026-03-07 07:39:26,Medium,Trading Platform,Wealth Management,Exfiltration,M. Patel,Benign,84,Closed
ALT-900962,2026-03-07 14:04:30,Critical,Core Banking System,Retail Banking,Impact,L. Novak,False Positive,6,Closed
ALT-900535,2026-03-07 14:25:16,Medium,Teller Platform,Retail Banking,Collection,M. Patel,False Positive,46,Closed
ALT-900045,2026-03-07 15:04:42,Low,Trading Platform,Wealth Management,Impact,S. Okafor,Benign,334,Closed
ALT-902132,2026-03-07 15:12:13,Low,Core Banking System,Retail Banking,Exfiltration,L. Novak,Benign,305,Closed
ALT-903535,2026-03-07 17:52:11,High,Data Warehouse,Corporate IT & Infrastructure,Persistence,A. Ramirez,True Positive,18,Closed
ALT-902005,2026-03-08 05:12:48,Medium,Mobile Banking App,Digital Banking,Initial Access,A. Ramirez,False Positive,21,Closed
ALT-902553,2026-03-08 05:53:09,High,Customer API Gateway,Digital Banking,Execution,J. Kowalski,Benign,14,Closed
ALT-903169,2026-03-08 06:23:31,Medium,Endpoint Fleet,Corporate IT & Infrastructure,Command and Control,J. Kowalski,False Positive,40,Closed
ALT-902150,2026-03-08 07:05:55,Low,Customer API Gateway,Digital Banking,Lateral Movement,M. Patel,Benign,259,Closed
ALT-903449,2026-03-08 15:02:40,Medium,Core Banking System,Retail Banking,Privilege Escalation,A. Ramirez,False Positive,51,Closed
ALT-901644,2026-03-08 16:20:51,Medium,Treasury Management System,Commercial Banking,Discovery,J. Kowalski,True Positive,178,Closed
ALT-903778,2026-03-08 19:47:13,Low,Teller Platform,Retail Banking,Persistence,T. Chen,True Positive,152,Closed
ALT-900130,2026-03-09 01:30:34,Low,Email & Collaboration (O365),Corporate IT & Infrastructure,Defense Evasion,Unassigned,False Positive,153,Closed
ALT-901270,2026-03-09 10:09:06,Low,Treasury Management System,Commercial Banking,Defense Evasion,Unassigned,False Positive,294,Closed
ALT-900410,2026-03-09 10:12:48,High,Online Banking Portal,Digital Banking,Impact,T. Chen,Benign,13,Closed
ALT-902199,2026-03-09 20:55:13,Medium,Teller Platform,Retail Banking,Command and Control,T. Chen,False Positive,63,Closed
ALT-901694,2026-03-09 23:19:36,Critical,Mobile Banking App,Digital Banking,Impact,S. Okafor,True Positive,7,Closed
ALT-903907,2026-03-10 07:22:14,High,Mobile Banking App,Digital Banking,Lateral Movement,M. Patel,False Positive,54,Closed
ALT-904074,2026-03-10 12:01:20,Low,Wire Transfer System,Payments & Cards,Discovery,J. Kowalski,Benign,144,Closed
ALT-900044,2026-03-10 13:00:56,Medium,Email & Collaboration (O365),Corporate IT & Infrastructure,Lateral Movement,J. Kowalski,True Positive,77,Closed
ALT-902918,2026-03-10 14:06:48,Medium,Document Management System,Mortgage & Lending,Command and Control,Unassigned,True Positive,84,Closed
ALT-902583,2026-03-10 21:47:37,Medium,Email & Collaboration (O365),Corporate IT & Infrastructure,Collection,Unassigned,Benign,165,Closed
ALT-900397,2026-03-11 01:46:01,Low,Data Warehouse,Corporate IT & Infrastructure,Execution,Unassigned,Benign,72,Closed
ALT-903427,2026-03-11 01:46:30,High,Active Directory,Corporate IT & Infrastructure,Initial Access,Unassigned,False Positive,32,Closed
ALT-904083,2026-03-11 01:51:56,Medium,Loan Origination System,Mortgage & Lending,Exfiltration,Unassigned,Benign,89,Closed
ALT-904121,2026-03-11 02:56:42,High,ATM Network,Retail Banking,Defense Evasion,J. Kowalski,Benign,46,Closed
ALT-902556,2026-03-11 03:35:31,Medium,Customer API Gateway,Digital Banking,Privilege Escalation,T. Chen,Benign,111,Closed
ALT-903517,2026-03-11 07:54:19,Low,Core Banking System,Retail Banking,Lateral Movement,L. Novak,Benign,150,Closed
ALT-901741,2026-03-11 08:41:16,Low,Endpoint Fleet,Corporate IT & Infrastructure,Impact,Unassigned,False Positive,333,Closed
ALT-902475,2026-03-11 10:48:37,Medium,Commercial Loan Platform,Commercial Banking,Persistence,Unassigned,Benign,118,Closed
ALT-903505,2026-03-11 14:25:21,Low,Email & Collaboration (O365),Corporate IT & Infrastructure,Command and Control,T. Chen,False Positive,92,Closed
ALT-900617,2026-03-11 14:52:12,Low,Treasury Management System,Commercial Banking,Persistence,T. Chen,Benign,235,Closed
ALT-902739,2026-03-11 18:56:49,Low,Commercial Loan Platform,Commercial Banking,Persistence,T. Chen,Benign,35,Closed
ALT-903337,2026-03-11 22:55:16,Medium,Core Banking System,Retail Banking,Lateral Movement,Unassigned,Benign,108,Closed
ALT-900498,2026-03-12 02:25:48,Medium,Trading Platform,Wealth Management,Lateral Movement,T. Chen,False Positive,95,Closed
ALT-902699,2026-03-12 02:38:07,Low,Trading Platform,Wealth Management,Lateral Movement,M. Patel,Benign,213,Closed
ALT-902909,2026-03-12 04:15:46,Medium,Trading Platform,Wealth Management,Privilege Escalation,A. Ramirez,Benign,43,Closed
ALT-904102,2026-03-12 05:13:10,Medium,Cloud Workloads (AWS),Corporate IT & Infrastructure,Persistence,J. Kowalski,False Positive,121,Closed
ALT-901866,2026-03-12 06:14:08,Medium,Document Management System,Mortgage & Lending,Impact,T. Chen,Benign,16,Closed
ALT-902610,2026-03-12 09:14:11,High,Customer API Gateway,Digital Banking,Discovery,J. Kowalski,False Positive,15,Closed
ALT-900701,2026-03-12 10:32:29,Medium,Online Banking Portal,Digital Banking,Lateral Movement,S. Okafor,False Positive,173,Closed
ALT-903490,2026-03-13 02:54:14,Medium,Teller Platform,Retail Banking,Exfiltration,J. Kowalski,True Positive,127,Closed
ALT-901580,2026-03-13 07:54:31,Low,Mobile Banking App,Digital Banking,Credential Access,T. Chen,Benign,325,Closed
ALT-903974,2026-03-13 12:54:42,Medium,Endpoint Fleet,Corporate IT & Infrastructure,Discovery,L. Novak,False Positive,76,Closed
ALT-902641,2026-03-13 15:30:46,Low,Loan Origination System,Mortgage & Lending,Privilege Escalation,L. Novak,False Positive,84,Closed
ALT-900486,2026-03-13 21:48:59,High,Active Directory,Corporate IT & Infrastructure,Exfiltration,J. Kowalski,Benign,35,Closed
ALT-903724,2026-03-14 01:28:16,Low,Data Warehouse,Corporate IT & Infrastructure,Persistence,L. Novak,Benign,149,Closed
ALT-902043,2026-03-14 02:20:15,Medium,Email & Collaboration (O365),Corporate IT & Infrastructure,Credential Access,A. Ramirez,Benign,104,Closed
ALT-902766,2026-03-14 06:46:15,Low,Data Warehouse,Corporate IT & Infrastructure,Discovery,M. Patel,False Positive,248,Closed
ALT-902177,2026-03-14 15:56:29,Medium,Wire Transfer System,Payments & Cards,Privilege Escalation,T. Chen,Benign,18,Closed
ALT-900473,2026-03-14 21:24:55,High,Trading Platform,Wealth Management,Discovery,T. Chen,True Positive,24,Closed
ALT-901863,2026-03-14 23:16:16,Low,Active Directory,Corporate IT & Infrastructure,Impact,M. Patel,True Positive,130,Closed
ALT-902898,2026-03-15 05:59:32,Low,Cloud Workloads (AWS),Corporate IT & Infrastructure,Discovery,M. Patel,Benign,237,Closed
ALT-903351,2026-03-15 08:39:25,Low,Data Warehouse,Corporate IT & Infrastructure,Credential Access,Unassigned,Benign,141,Closed
ALT-900720,2026-03-16 00:39:04,Medium,Core Banking System,Retail Banking,Initial Access,S. Okafor,True Positive,180,Closed
ALT-903596,2026-03-16 03:30:43,High,Card Issuance System,Payments & Cards,Initial Access,L. Novak,Benign,54,Closed
ALT-900532,2026-03-16 05:24:41,Critical,Treasury Management System,Commercial Banking,Credential Access,M. Patel,False Positive,23,Closed
ALT-900056,2026-03-16 06:48:44,High,Active Directory,Corporate IT & Infrastructure,Persistence,M. Patel,True Positive,5,Closed
ALT-900081,2026-03-16 16:23:04,Low,Cloud Workloads (AWS),Corporate IT & Infrastructure,Initial Access,A. Ramirez,False Positive,96,Closed
ALT-902752,2026-03-17 05:27:12,Low,Endpoint Fleet,Corporate IT & Infrastructure,Impact,M. Patel,Benign,213,Closed
ALT-900998,2026-03-17 05:51:33,Medium,Wire Transfer System,Payments & Cards,Exfiltration,M. Patel,False Positive,18,Closed
ALT-902478,2026-03-17 06:17:23,Medium,Loan Origination System,Mortgage & Lending,Execution,L. Novak,Benign,30,Closed
ALT-903656,2026-03-17 06:54:51,High,Customer API Gateway,Digital Banking,Defense Evasion,J. Kowalski,True Positive,40,Closed
ALT-900328,2026-03-17 17:41:52,Low,Document Management System,Mortgage & Lending,Execution,J. Kowalski,Benign,232,Closed
ALT-902221,2026-03-18 01:47:26,High,Customer API Gateway,Digital Banking,Lateral Movement,M. Patel,True Positive,17,Closed
ALT-900623,2026-03-18 04:10:53,Low,Teller Platform,Retail Banking,Impact,T. Chen,False Positive,214,Closed
ALT-901754,2026-03-18 05:28:32,Low,Document Management System,Mortgage & Lending,Persistence,T. Chen,Benign,122,Closed
ALT-900143,2026-03-18 07:54:23,Low,Loan Origination System,Mortgage & Lending,Persistence,M. Patel,Benign,41,Closed
ALT-902205,2026-03-18 20:34:28,Medium,Payment Gateway,Payments & Cards,Exfiltration,T. Chen,True Positive,151,Closed
ALT-903335,2026-03-18 22:00:25,Low,Commercial Loan Platform,Commercial Banking,Persistence,L. Novak,False Positive,153,Closed
ALT-900731,2026-03-19 01:58:25,Low,Core Banking System,Retail Banking,Execution,Unassigned,True Positive,131,Closed
ALT-902746,2026-03-19 08:06:23,Medium,Wire Transfer System,Payments & Cards,Discovery,S. Okafor,False Positive,84,Closed
ALT-903896,2026-03-19 09:42:11,Medium,Document Management System,Mortgage & Lending,Exfiltration,Unassigned,Benign,126,Closed
ALT-900866,2026-03-19 12:08:55,Critical,Email & Collaboration (O365),Corporate IT & Infrastructure,Credential Access,J. Kowalski,False Positive,7,Closed
ALT-902700,2026-03-19 13:43:10,Medium,Treasury Management System,Commercial Banking,Execution,M. Patel,Benign,41,Closed
ALT-904138,2026-03-19 15:55:57,Low,Email & Collaboration (O365),Corporate IT & Infrastructure,Discovery,L. Novak,Benign,138,Closed
ALT-900344,2026-03-19 18:45:57,Medium,Core Banking System,Retail Banking,Lateral Movement,J. Kowalski,Benign,22,Closed
ALT-902807,2026-03-19 18:53:21,Medium,Payment Gateway,Payments & Cards,Impact,S. Okafor,Benign,129,Closed
ALT-903996,2026-03-19 23:29:46,Low,Wealth Management Platform,Wealth Management,Discovery,J. Kowalski,False Positive,69,Closed
ALT-902680,2026-03-20 01:45:11,Medium,Wire Transfer System,Payments & Cards,Credential Access,L. Novak,False Positive,48,Closed
ALT-901697,2026-03-20 02:53:49,Low,Email & Collaboration (O365),Corporate IT & Infrastructure,Command and Control,J. Kowalski,Benign,58,Closed
ALT-900738,2026-03-20 10:44:39,Medium,Data Warehouse,Corporate IT & Infrastructure,Execution,J. Kowalski,True Positive,180,Closed
ALT-901717,2026-03-20 17:42:54,High,ATM Network,Retail Banking,Impact,J. Kowalski,Benign,26,Closed
ALT-903014,2026-03-20 21:19:43,Low,Customer API Gateway,Digital Banking,Exfiltration,S. Okafor,Benign,351,Closed
ALT-903821,2026-03-21 10:42:04,Low,Cloud Workloads (AWS),Corporate IT & Infrastructure,Privilege Escalation,T. Chen,Benign,334,Closed
ALT-901346,2026-03-21 22:30:01,Low,Loan Origination System,Mortgage & Lending,Lateral Movement,J. Kowalski,Benign,159,Closed
ALT-901273,2026-03-22 01:23:23,Low,Data Warehouse,Corporate IT & Infrastructure,Exfiltration,S. Okafor,Benign,164,Closed
ALT-903289,2026-03-22 11:05:48,Medium,Payment Gateway,Payments & Cards,Defense Evasion,Unassigned,False Positive,105,Closed
ALT-902264,2026-03-23 01:45:01,Medium,Commercial Loan Platform,Commercial Banking,Persistence,T. Chen,False Positive,117,Closed
ALT-900189,2026-03-23 02:28:48,Low,Online Banking Portal,Digital Banking,Lateral Movement,J. Kowalski,False Positive,141,Closed
ALT-901758,2026-03-23 09:00:57,Medium,Document Management System,Mortgage & Lending,Execution,S. Okafor,True Positive,107,Closed
ALT-901000,2026-03-23 15:47:57,High,Online Banking Portal,Digital Banking,Execution,A. Ramirez,False Positive,8,Closed
ALT-901936,2026-03-23 21:36:28,Medium,Trading Platform,Wealth Management,Lateral Movement,T. Chen,Benign,100,Closed
ALT-902830,2026-03-24 02:20:22,High,Payment Gateway,Payments & Cards,Defense Evasion,L. Novak,True Positive,15,Closed
ALT-901152,2026-03-24 05:27:18,Medium,Teller Platform,Retail Banking,Privilege Escalation,S. Okafor,True Positive,155,Closed
ALT-903782,2026-03-24 06:52:33,Medium,Active Directory,Corporate IT & Infrastructure,Impact,L. Novak,True Positive,145,Closed
ALT-902146,2026-03-24 14:10:50,Low,Mobile Banking App,Digital Banking,Exfiltration,S. Okafor,Benign,62,Closed
ALT-902844,2026-03-24 19:39:38,Medium,Online Banking Portal,Digital Banking,Persistence,S. Okafor,Benign,24,Closed
ALT-902323,2026-03-25 00:33:26,Low,Mobile Banking App,Digital Banking,Execution,Unassigned,Benign,177,Closed
ALT-902588,2026-03-25 02:43:49,Medium,Data Warehouse,Corporate IT & Infrastructure,Execution,S. Okafor,Benign,177,Closed
ALT-901541,2026-03-25 04:56:28,Low,Cloud Workloads (AWS),Corporate IT & Infrastructure,Lateral Movement,Unassigned,Benign,171,Closed
ALT-901734,2026-03-25 06:23:11,High,Treasury Management System,Commercial Banking,Impact,T. Chen,False Positive,21,Closed
ALT-902938,2026-03-25 08:47:22,Low,ATM Network,Retail Banking,Impact,A. Ramirez,Benign,43,Closed
ALT-901980,2026-03-26 00:25:55,Medium,Card Issuance System,Payments & Cards,Persistence,S. Okafor,Benign,53,Closed
ALT-902552,2026-03-26 00:40:15,Medium,Core Banking System,Retail Banking,Privilege Escalation,Unassigned,Benign,174,Closed
ALT-903955,2026-03-26 05:54:42,Low,Payment Gateway,Payments & Cards,Privilege Escalation,S. Okafor,Benign,87,Closed
ALT-901488,2026-03-26 10:13:08,Low,Mobile Banking App,Digital Banking,Lateral Movement,Unassigned,False Positive,207,Closed
ALT-901910,2026-03-26 13:16:14,Low,Treasury Management System,Commercial Banking,Impact,M. Patel,Benign,313,Closed
ALT-903958,2026-03-26 14:13:20,Low,Loan Origination System,Mortgage & Lending,Execution,T. Chen,False Positive,193,Closed
ALT-900381,2026-03-27 01:19:24,Low,Commercial Loan Platform,Commercial Banking,Collection,L. Novak,False Positive,244,Closed
ALT-900883,2026-03-27 08:45:34,Low,Endpoint Fleet,Corporate IT & Infrastructure,Defense Evasion,Unassigned,Benign,319,Closed
ALT-902947,2026-03-27 08:56:02,Low,Online Banking Portal,Digital Banking,Privilege Escalation,A. Ramirez,False Positive,266,Closed
ALT-904007,2026-03-27 17:39:32,Medium,ATM Network,Retail Banking,Defense Evasion,J. Kowalski,Benign,71,Closed
ALT-901782,2026-03-27 18:25:44,Low,ATM Network,Retail Banking,Initial Access,S. Okafor,Benign,24,Closed
ALT-901094,2026-03-27 20:19:48,Low,Commercial Loan Platform,Commercial Banking,Command and Control,S. Okafor,Benign,339,Closed
ALT-902245,2026-03-27 20:48:58,Low,Core Banking System,Retail Banking,Privilege Escalation,L. Novak,Benign,163,Closed
ALT-901823,2026-03-27 23:01:11,High,Trading Platform,Wealth Management,Exfiltration,Unassigned,True Positive,8,Closed
ALT-903207,2026-03-28 05:31:18,High,Online Banking Portal,Digital Banking,Initial Access,S. Okafor,Benign,47,Closed
ALT-903866,2026-03-28 08:52:38,Low,Core Banking System,Retail Banking,Command and Control,Unassigned,Benign,87,Closed
ALT-903752,2026-03-28 09:51:10,Low,Customer API Gateway,Digital Banking,Lateral Movement,M. Patel,Benign,127,Closed
ALT-900278,2026-03-28 12:02:45,High,Card Issuance System,Payments & Cards,Credential Access,Unassigned,Benign,54,Closed
ALT-901800,2026-03-28 17:27:38,Medium,Loan Origination System,Mortgage & Lending,Defense Evasion,M. Patel,Benign,62,Closed
ALT-900676,2026-03-28 18:14:38,Low,Email & Collaboration (O365),Corporate IT & Infrastructure,Collection,A. Ramirez,Benign,129,Closed
ALT-900014,2026-03-28 20:52:38,High,Wire Transfer System,Payments & Cards,Lateral Movement,A. Ramirez,True Positive,23,Closed
ALT-903897,2026-03-28 23:36:58,Low,Customer API Gateway,Digital Banking,Initial Access,A. Ramirez,Benign,281,Closed
ALT-900430,2026-03-29 00:38:25,Low,Wire Transfer System,Payments & Cards,Privilege Escalation,J. Kowalski,Benign,339,Closed
ALT-903950,2026-03-29 01:23:59,Low,Treasury Management System,Commercial Banking,Collection,M. Patel,Benign,47,Closed
ALT-900095,2026-03-29 02:53:19,Low,Mobile Banking App,Digital Banking,Defense Evasion,T. Chen,Benign,213,Closed
ALT-903106,2026-03-29 06:48:18,Medium,Customer API Gateway,Digital Banking,Impact,Unassigned,Benign,60,Closed
ALT-902002,2026-03-29 09:41:27,High,Email & Collaboration (O365),Corporate IT & Infrastructure,Privilege Escalation,A. Ramirez,True Positive,53,Closed
ALT-902539,2026-03-29 14:51:25,Low,ATM Network,Retail Banking,Exfiltration,M. Patel,False Positive,178,Closed
ALT-900673,2026-03-29 19:58:48,Critical,Customer API Gateway,Digital Banking,Collection,Unassigned,True Positive,25,Closed
ALT-900309,2026-03-29 21:27:42,Low,Trading Platform,Wealth Management,Discovery,L. Novak,Benign,185,Closed
ALT-903658,2026-03-29 22:07:06,Low,Treasury Management System,Commercial Banking,Execution,A. Ramirez,False Positive,19,Closed
ALT-900851,2026-03-29 23:44:34,Low,Email & Collaboration (O365),Corporate IT & Infrastructure,Defense Evasion,Unassigned,True Positive,157,Closed
ALT-902381,2026-03-30 14:27:43,Low,Loan Origination System,Mortgage & Lending,Defense Evasion,A. Ramirez,True Positive,290,Closed
ALT-901310,2026-03-30 16:32:30,Medium,Card Issuance System,Payments & Cards,Initial Access,T. Chen,False Positive,40,Closed
ALT-901996,2026-03-31 05:37:04,Medium,Treasury Management System,Commercial Banking,Initial Access,A. Ramirez,Benign,47,Closed
ALT-900268,2026-03-31 08:21:37,Critical,Trading Platform,Wealth Management,Exfiltration,Unassigned,True Positive,21,Closed
ALT-903416,2026-03-31 09:50:30,Medium,ATM Network,Retail Banking,Persistence,Unassigned,False Positive,57,Closed
ALT-903986,2026-03-31 16:34:13,Medium,ATM Network,Retail Banking,Collection,Unassigned,Benign,45,Closed
ALT-902682,2026-03-31 17:58:47,Critical,Data Warehouse,Corporate IT & Infrastructure,Execution,A. Ramirez,False Positive,6,Closed
ALT-902061,2026-04-01 06:26:03,Low,Treasury Management System,Commercial Banking,Impact,Unassigned,Benign,19,Closed
ALT-904110,2026-04-01 07:07:56,Low,Teller Platform,Retail Banking,Execution,T. Chen,False Positive,230,Closed
ALT-902658,2026-04-01 07:27:39,Critical,Endpoint Fleet,Corporate IT & Infrastructure,Collection,A. Ramirez,True Positive,21,Closed
ALT-900456,2026-04-01 07:40:17,Low,Core Banking System,Retail Banking,Exfiltration,J. Kowalski,Benign,335,Closed
ALT-902209,2026-04-01 08:48:14,Low,Email & Collaboration (O365),Corporate IT & Infrastructure,Defense Evasion,M. Patel,False Positive,50,Closed
ALT-901318,2026-04-01 08:50:43,Low,Online Banking Portal,Digital Banking,Command and Control,L. Novak,True Positive,194,Closed
ALT-903629,2026-04-01 12:46:13,Medium,Teller Platform,Retail Banking,Credential Access,L. Novak,Benign,41,Closed
ALT-900637,2026-04-01 14:41:06,Low,Document Management System,Mortgage & Lending,Credential Access,L. Novak,Benign,255,Closed
ALT-902627,2026-04-01 18:15:37,Low,Commercial Loan Platform,Commercial Banking,Persistence,S. Okafor,Benign,105,Closed
ALT-900747,2026-04-02 04:11:58,Medium,Online Banking Portal,Digital Banking,Execution,S. Okafor,True Positive,39,Closed
ALT-901397,2026-04-02 05:49:28,Medium,Mobile Banking App,Digital Banking,Execution,J. Kowalski,False Positive,168,Closed
ALT-900811,2026-04-02 08:54:59,Medium,Online Banking Portal,Digital Banking,Initial Access,T. Chen,False Positive,134,Closed
ALT-904059,2026-04-02 21:18:11,Medium,Customer API Gateway,Digital Banking,Defense Evasion,J. Kowalski,False Positive,123,Closed
ALT-900572,2026-04-03 02:06:03,Medium,Trading Platform,Wealth Management,Command and Control,S. Okafor,False Positive,37,Closed
ALT-900724,2026-04-03 07:32:39,Medium,Loan Origination System,Mortgage & Lending,Credential Access,S. Okafor,Benign,19,Closed
ALT-902275,2026-04-03 09:51:32,Low,Card Issuance System,Payments & Cards,Execution,T. Chen,False Positive,278,Closed
ALT-901973,2026-04-03 18:58:47,Low,Online Banking Portal,Digital Banking,Impact,A. Ramirez,Benign,41,Closed
ALT-901561,2026-04-03 23:08:41,Low,Loan Origination System,Mortgage & Lending,Execution,J. Kowalski,False Positive,75,Closed
ALT-901001,2026-04-04 03:52:23,Medium,Wire Transfer System,Payments & Cards,Credential Access,S. Okafor,Benign,96,Closed
ALT-900974,2026-04-04 04:53:05,Medium,Trading Platform,Wealth Management,Lateral Movement,A. Ramirez,Benign,65,Closed
ALT-903972,2026-04-04 05:54:19,Low,ATM Network,Retail Banking,Persistence,S. Okafor,True Positive,276,Closed
ALT-900777,2026-04-04 12:36:34,Low,ATM Network,Retail Banking,Exfiltration,Unassigned,Benign,210,Closed
ALT-900886,2026-04-04 13:43:54,Low,Email & Collaboration (O365),Corporate IT & Infrastructure,Impact,S. Okafor,False Positive,66,Closed
ALT-902050,2026-04-04 18:18:41,Low,Email & Collaboration (O365),Corporate IT & Infrastructure,Defense Evasion,A. Ramirez,Benign,151,Closed
ALT-900151,2026-04-05 03:14:04,High,Mobile Banking App,Digital Banking,Defense Evasion,T. Chen,True Positive,30,Closed
ALT-903191,2026-04-06 03:39:32,High,Email & Collaboration (O365),Corporate IT & Infrastructure,Initial Access,S. Okafor,False Positive,17,Closed
ALT-901123,2026-04-06 09:34:31,Medium,Teller Platform,Retail Banking,Collection,T. Chen,Benign,142,Closed
ALT-902037,2026-04-06 15:07:26,Low,Customer API Gateway,Digital Banking,Command and Control,L. Novak,False Positive,91,Closed
ALT-903253,2026-04-06 16:06:32,Medium,Card Issuance System,Payments & Cards,Initial Access,S. Okafor,Benign,47,Closed
ALT-902705,2026-04-06 22:40:01,Low,Online Banking Portal,Digital Banking,Execution,A. Ramirez,Benign,177,Closed
ALT-903238,2026-04-07 00:34:35,Medium,Core Banking System,Retail Banking,Discovery,J. Kowalski,Benign,118,Closed
ALT-901962,2026-04-07 02:50:38,High,Wealth Management Platform,Wealth Management,Collection,Unassigned,False Positive,57,Closed
ALT-900902,2026-04-07 06:56:14,Low,Mobile Banking App,Digital Banking,Lateral Movement,M. Patel,Benign,325,Closed
ALT-903823,2026-04-07 14:56:23,Low,Teller Platform,Retail Banking,Credential Access,Unassigned,Benign,346,Closed
ALT-903612,2026-04-07 18:20:56,Low,Endpoint Fleet,Corporate IT & Infrastructure,Privilege Escalation,T. Chen,False Positive,348,Closed
ALT-900443,2026-04-08 10:45:11,Medium,Commercial Loan Platform,Commercial Banking,Impact,Unassigned,False Positive,53,Closed
ALT-903814,2026-04-08 16:31:08,Low,Online Banking Portal,Digital Banking,Impact,T. Chen,False Positive,40,Closed
ALT-902885,2026-04-08 17:21:44,Low,Active Directory,Corporate IT & Infrastructure,Discovery,J. Kowalski,False Positive,340,Closed
ALT-902467,2026-04-08 18:53:25,High,Customer API Gateway,Digital Banking,Exfiltration,S. Okafor,True Positive,57,Closed
ALT-903933,2026-04-08 23:08:32,Medium,Wealth Management Platform,Wealth Management,Persistence,A. Ramirez,Benign,143,Closed
ALT-902155,2026-04-08 23:42:24,Low,Customer API Gateway,Digital Banking,Impact,T. Chen,Benign,18,Closed
ALT-900132,2026-04-09 07:43:25,Low,Wire Transfer System,Payments & Cards,Privilege Escalation,L. Novak,False Positive,82,Closed
ALT-902217,2026-04-09 11:13:40,Medium,Commercial Loan Platform,Commercial Banking,Command and Control,A. Ramirez,Benign,58,Closed
ALT-902493,2026-04-09 15:57:03,High,Commercial Loan Platform,Commercial Banking,Impact,M. Patel,False Positive,56,Closed
ALT-903321,2026-04-09 20:53:05,Medium,Document Management System,Mortgage & Lending,Execution,L. Novak,Benign,78,Closed
ALT-900342,2026-04-10 01:05:34,Low,Treasury Management System,Commercial Banking,Discovery,T. Chen,False Positive,215,Closed
ALT-903139,2026-04-10 07:17:05,Medium,Card Issuance System,Payments & Cards,Execution,M. Patel,Benign,14,Closed
ALT-901506,2026-04-10 11:03:00,Low,Trading Platform,Wealth Management,Impact,L. Novak,False Positive,194,Closed
ALT-900039,2026-04-10 15:50:24,High,Online Banking Portal,Digital Banking,Command and Control,Unassigned,False Positive,57,Closed
ALT-901822,2026-04-10 16:58:07,High,Card Issuance System,Payments & Cards,Lateral Movement,M. Patel,True Positive,57,Closed
ALT-902412,2026-04-10 18:03:29,Low,Commercial Loan Platform,Commercial Banking,Initial Access,A. Ramirez,Benign,138,Closed
ALT-901598,2026-04-10 23:30:19,Low,Wealth Management Platform,Wealth Management,Privilege Escalation,Unassigned,Benign,269,Closed
ALT-903175,2026-04-11 02:49:51,Low,Payment Gateway,Payments & Cards,Impact,A. Ramirez,False Positive,38,Closed
ALT-901982,2026-04-11 16:22:48,Low,Payment Gateway,Payments & Cards,Command and Control,Unassigned,False Positive,350,Closed
ALT-902447,2026-04-11 18:30:22,Low,Mobile Banking App,Digital Banking,Lateral Movement,Unassigned,False Positive,339,Closed
ALT-903317,2026-04-11 22:10:50,Low,Customer API Gateway,Digital Banking,Execution,M. Patel,Benign,358,Closed
ALT-901039,2026-04-12 00:39:00,High,Data Warehouse,Corporate IT & Infrastructure,Command and Control,L. Novak,True Positive,41,Closed
ALT-900829,2026-04-12 05:10:08,Low,Payment Gateway,Payments & Cards,Discovery,A. Ramirez,False Positive,57,Closed
ALT-900294,2026-04-12 07:15:11,High,Wire Transfer System,Payments & Cards,Impact,T. Chen,False Positive,48,Closed
ALT-900599,2026-04-12 13:59:15,Low,Online Banking Portal,Digital Banking,Impact,J. Kowalski,False Positive,108,Closed
ALT-902817,2026-04-12 22:02:43,Low,Loan Origination System,Mortgage & Lending,Lateral Movement,A. Ramirez,Benign,219,Closed
ALT-904027,2026-04-12 23:33:40,Medium,Email & Collaboration (O365),Corporate IT & Infrastructure,Execution,T. Chen,True Positive,36,Closed
ALT-903445,2026-04-13 01:37:24,High,Active Directory,Corporate IT & Infrastructure,Privilege Escalation,J. Kowalski,False Positive,19,Closed
ALT-903362,2026-04-13 05:32:33,Low,Core Banking System,Retail Banking,Collection,L. Novak,Benign,246,Closed
ALT-901831,2026-04-13 09:48:23,Low,Email & Collaboration (O365),Corporate IT & Infrastructure,Collection,J. Kowalski,Benign,187,Closed
ALT-903053,2026-04-13 10:30:20,Low,Email & Collaboration (O365),Corporate IT & Infrastructure,Exfiltration,L. Novak,True Positive,178,Closed
ALT-901815,2026-04-13 13:38:54,Low,Cloud Workloads (AWS),Corporate IT & Infrastructure,Collection,Unassigned,False Positive,319,Closed
ALT-902128,2026-04-13 20:48:01,Low,Core Banking System,Retail Banking,Discovery,Unassigned,False Positive,184,Closed
ALT-901388,2026-04-14 10:25:06,Low,Online Banking Portal,Digital Banking,Credential Access,T. Chen,Benign,161,Closed
ALT-903217,2026-04-15 05:22:00,Low,Customer API Gateway,Digital Banking,Defense Evasion,T. Chen,True Positive,123,Closed
ALT-900233,2026-04-15 06:55:26,Medium,Customer API Gateway,Digital Banking,Exfiltration,L. Novak,False Positive,14,Closed
ALT-902444,2026-04-15 07:02:15,Low,ATM Network,Retail Banking,Lateral Movement,S. Okafor,False Positive,230,Closed
ALT-900458,2026-04-15 11:57:51,Medium,Payment Gateway,Payments & Cards,Discovery,M. Patel,Benign,153,Closed
ALT-900373,2026-04-15 16:59:50,Low,Core Banking System,Retail Banking,Command and Control,L. Novak,True Positive,43,Closed
ALT-903706,2026-04-16 09:55:14,Low,Treasury Management System,Commercial Banking,Defense Evasion,L. Novak,False Positive,55,Closed
ALT-901090,2026-04-16 10:07:58,Medium,Teller Platform,Retail Banking,Initial Access,S. Okafor,True Positive,142,Closed
ALT-903262,2026-04-16 20:39:09,Low,Wealth Management Platform,Wealth Management,Impact,Unassigned,Benign,34,Closed
ALT-902273,2026-04-16 22:25:42,Medium,Mobile Banking App,Digital Banking,Defense Evasion,S. Okafor,Benign,153,Closed
ALT-901619,2026-04-17 00:24:24,High,Document Management System,Mortgage & Lending,Impact,Unassigned,False Positive,43,Closed
ALT-902147,2026-04-17 14:25:56,Medium,Card Issuance System,Payments & Cards,Initial Access,M. Patel,False Positive,91,Closed
ALT-902027,2026-04-17 21:46:49,High,Active Directory,Corporate IT & Infrastructure,Impact,M. Patel,True Positive,12,Closed
ALT-903396,2026-04-18 00:38:32,Medium,Online Banking Portal,Digital Banking,Exfiltration,J. Kowalski,False Positive,117,Closed
ALT-901779,2026-04-18 08:58:13,Low,Mobile Banking App,Digital Banking,Collection,T. Chen,Benign,87,Closed
ALT-900026,2026-04-18 11:19:34,Medium,ATM Network,Retail Banking,Defense Evasion,Unassigned,True Positive,94,Closed
ALT-901887,2026-04-18 18:11:12,Low,ATM Network,Retail Banking,Defense Evasion,L. Novak,Benign,218,Closed
ALT-901540,2026-04-18 18:23:20,High,Endpoint Fleet,Corporate IT & Infrastructure,Impact,A. Ramirez,False Positive,55,Closed
ALT-900872,2026-04-18 22:19:29,High,Online Banking Portal,Digital Banking,Defense Evasion,M. Patel,False Positive,21,Closed
ALT-902811,2026-04-19 06:08:40,Medium,Customer API Gateway,Digital Banking,Impact,L. Novak,False Positive,21,Closed
ALT-900643,2026-04-19 08:25:19,Low,Online Banking Portal,Digital Banking,Persistence,M. Patel,False Positive,279,Closed
ALT-901781,2026-04-19 18:17:22,High,Email & Collaboration (O365),Corporate IT & Infrastructure,Exfiltration,J. Kowalski,Benign,6,Closed
ALT-900626,2026-04-19 19:29:12,Medium,Treasury Management System,Commercial Banking,Discovery,T. Chen,True Positive,154,Closed
ALT-903415,2026-04-20 00:57:26,Low,Core Banking System,Retail Banking,Lateral Movement,M. Patel,False Positive,99,Closed
ALT-900413,2026-04-20 05:58:40,Medium,Cloud Workloads (AWS),Corporate IT & Infrastructure,Initial Access,A. Ramirez,True Positive,69,Closed
ALT-902263,2026-04-20 11:47:44,High,Cloud Workloads (AWS),Corporate IT & Infrastructure,Discovery,A. Ramirez,Benign,26,Closed
ALT-902166,2026-04-20 17:24:56,Low,Customer API Gateway,Digital Banking,Command and Control,Unassigned,False Positive,118,Closed
ALT-901930,2026-04-20 17:42:47,Low,Document Management System,Mortgage & Lending,Execution,A. Ramirez,False Positive,212,Closed
ALT-902758,2026-04-21 08:15:26,Low,Wire Transfer System,Payments & Cards,Execution,A. Ramirez,Benign,149,Closed
ALT-904012,2026-04-21 22:29:18,Low,Payment Gateway,Payments & Cards,Impact,L. Novak,Benign,172,Closed
ALT-902332,2026-04-22 01:04:07,Low,Customer API Gateway,Digital Banking,Impact,J. Kowalski,Benign,75,Closed
ALT-901365,2026-04-22 12:51:00,Low,Email & Collaboration (O365),Corporate IT & Infrastructure,Execution,S. Okafor,Benign,344,Closed
ALT-903498,2026-04-22 14:42:03,Low,Card Issuance System,Payments & Cards,Impact,M. Patel,Benign,307,Closed
ALT-904148,2026-04-22 20:17:34,Low,ATM Network,Retail Banking,Lateral Movement,J. Kowalski,False Positive,281,Closed
ALT-902677,2026-04-23 00:38:58,Low,ATM Network,Retail Banking,Initial Access,L. Novak,Benign,315,Closed
ALT-900723,2026-04-23 06:15:16,High,Commercial Loan Platform,Commercial Banking,Credential Access,T. Chen,False Positive,14,Closed
ALT-902385,2026-04-23 07:14:11,Low,Document Management System,Mortgage & Lending,Lateral Movement,L. Novak,False Positive,38,Closed
ALT-903892,2026-04-23 07:33:48,High,Teller Platform,Retail Banking,Initial Access,T. Chen,True Positive,37,Closed
ALT-902013,2026-04-23 18:51:56,Low,Active Directory,Corporate IT & Infrastructure,Execution,S. Okafor,Benign,329,Closed
ALT-903346,2026-04-23 19:35:25,Low,Active Directory,Corporate IT & Infrastructure,Execution,L. Novak,Benign,239,Closed
ALT-903799,2026-04-23 19:55:06,Medium,Treasury Management System,Commercial Banking,Credential Access,T. Chen,False Positive,175,Closed
ALT-900520,2026-04-23 20:19:46,Low,ATM Network,Retail Banking,Exfiltration,S. Okafor,Benign,141,Closed
ALT-902544,2026-04-24 03:31:36,Low,Endpoint Fleet,Corporate IT & Infrastructure,Privilege Escalation,S. Okafor,Benign,300,Closed
ALT-901707,2026-04-24 05:01:40,Low,Email & Collaboration (O365),Corporate IT & Infrastructure,Exfiltration,T. Chen,True Positive,233,Closed
ALT-901086,2026-04-24 09:16:58,Low,Wire Transfer System,Payments & Cards,Impact,L. Novak,Benign,52,Closed
ALT-901824,2026-04-24 12:50:20,Medium,Wire Transfer System,Payments & Cards,Collection,S. Okafor,True Positive,175,Closed
ALT-903640,2026-04-24 14:55:36,Low,Document Management System,Mortgage & Lending,Discovery,J. Kowalski,True Positive,152,Closed
ALT-902824,2026-04-24 19:42:05,Medium,Wire Transfer System,Payments & Cards,Persistence,L. Novak,False Positive,55,Closed
ALT-903224,2026-04-25 00:40:21,Medium,Teller Platform,Retail Banking,Privilege Escalation,A. Ramirez,False Positive,146,Closed
ALT-902215,2026-04-25 00:45:28,Low,Data Warehouse,Corporate IT & Infrastructure,Discovery,S. Okafor,Benign,263,Closed
ALT-902874,2026-04-25 04:03:16,Medium,Wealth Management Platform,Wealth Management,Execution,S. Okafor,False Positive,172,Closed
ALT-903107,2026-04-25 05:29:14,Critical,Payment Gateway,Payments & Cards,Credential Access,L. Novak,False Positive,22,Closed
ALT-901302,2026-04-25 06:17:40,Low,Loan Origination System,Mortgage & Lending,Exfiltration,T. Chen,Benign,185,Closed
ALT-900363,2026-04-25 15:32:37,Medium,Payment Gateway,Payments & Cards,Initial Access,T. Chen,False Positive,175,Closed
ALT-901547,2026-04-25 18:48:38,Medium,Card Issuance System,Payments & Cards,Initial Access,M. Patel,Benign,10,Closed
ALT-903859,2026-04-25 19:56:03,Low,Wire Transfer System,Payments & Cards,Execution,A. Ramirez,Benign,114,Closed
ALT-901827,2026-04-25 21:04:44,High,Mobile Banking App,Digital Banking,Collection,S. Okafor,False Positive,37,Closed
ALT-901138,2026-04-26 16:02:51,Medium,Core Banking System,Retail Banking,Privilege Escalation,A. Ramirez,False Positive,44,Closed
ALT-901178,2026-04-26 22:57:31,Low,ATM Network,Retail Banking,Command and Control,M. Patel,False Positive,348,Closed
ALT-903794,2026-04-26 23:34:50,Medium,Customer API Gateway,Digital Banking,Lateral Movement,J. Kowalski,Benign,147,Closed
ALT-901902,2026-04-26 23:49:34,Medium,Mobile Banking App,Digital Banking,Impact,S. Okafor,True Positive,167,Closed
ALT-901028,2026-04-27 00:44:53,Low,Commercial Loan Platform,Commercial Banking,Persistence,A. Ramirez,False Positive,341,Closed
ALT-901911,2026-04-27 04:47:02,Low,Wire Transfer System,Payments & Cards,Credential Access,M. Patel,False Positive,303,Closed
ALT-902927,2026-04-27 07:52:57,Low,Email & Collaboration (O365),Corporate IT & Infrastructure,Initial Access,M. Patel,Benign,19,Closed
ALT-903546,2026-04-27 09:56:46,Low,Trading Platform,Wealth Management,Discovery,S. Okafor,False Positive,208,Closed
ALT-903296,2026-04-27 10:20:32,Low,Wire Transfer System,Payments & Cards,Collection,M. Patel,False Positive,211,Closed
ALT-901826,2026-04-27 15:33:53,Medium,Treasury Management System,Commercial Banking,Credential Access,J. Kowalski,False Positive,103,Closed
ALT-901254,2026-04-27 16:26:25,Medium,Trading Platform,Wealth Management,Initial Access,M. Patel,False Positive,152,Closed
ALT-904131,2026-04-27 16:43:49,Medium,Active Directory,Corporate IT & Infrastructure,Privilege Escalation,J. Kowalski,Benign,142,Closed
ALT-901625,2026-04-27 20:18:54,Low,ATM Network,Retail Banking,Privilege Escalation,Unassigned,False Positive,145,Closed
ALT-903589,2026-04-28 03:59:31,Low,Document Management System,Mortgage & Lending,Impact,J. Kowalski,Benign,351,Closed
ALT-900554,2026-04-28 12:35:23,Low,Treasury Management System,Commercial Banking,Credential Access,T. Chen,False Positive,317,Closed
ALT-900260,2026-04-28 19:42:07,Medium,Endpoint Fleet,Corporate IT & Infrastructure,Exfiltration,T. Chen,Benign,38,Closed
ALT-900067,2026-04-28 22:42:47,Low,Card Issuance System,Payments & Cards,Credential Access,M. Patel,False Positive,332,Closed
ALT-900073,2026-04-29 10:36:17,Low,Core Banking System,Retail Banking,Credential Access,A. Ramirez,Benign,291,Closed
ALT-900818,2026-04-29 12:34:56,Medium,Endpoint Fleet,Corporate IT & Infrastructure,Privilege Escalation,S. Okafor,True Positive,92,Closed
ALT-902000,2026-04-29 17:33:47,Medium,Document Management System,Mortgage & Lending,Initial Access,T. Chen,True Positive,119,Closed
ALT-902951,2026-04-29 21:21:50,Low,Trading Platform,Wealth Management,Initial Access,L. Novak,False Positive,140,Closed
ALT-902185,2026-04-29 21:26:15,Low,Wire Transfer System,Payments & Cards,Command and Control,T. Chen,Benign,152,Closed
ALT-903847,2026-04-29 22:50:30,High,Card Issuance System,Payments & Cards,Credential Access,M. Patel,False Positive,31,Closed
ALT-901661,2026-04-29 23:57:18,High,Cloud Workloads (AWS),Corporate IT & Infrastructure,Execution,M. Patel,False Positive,46,Closed
ALT-902324,2026-04-30 02:49:06,High,Wealth Management Platform,Wealth Management,Lateral Movement,A. Ramirez,True Positive,13,Closed
ALT-903025,2026-04-30 02:51:54,Low,Data Warehouse,Corporate IT & Infrastructure,Collection,L. Novak,Benign,159,Closed
ALT-901087,2026-04-30 05:50:41,Medium,Endpoint Fleet,Corporate IT & Infrastructure,Command and Control,J. Kowalski,True Positive,119,Closed
ALT-902210,2026-04-30 06:47:57,Low,Online Banking Portal,Digital Banking,Credential Access,S. Okafor,Benign,276,Closed
ALT-901778,2026-04-30 10:08:00,Low,Wealth Management Platform,Wealth Management,Discovery,L. Novak,False Positive,79,Closed
ALT-901862,2026-04-30 13:17:49,Low,Teller Platform,Retail Banking,Command and Control,S. Okafor,Benign,135,Closed
ALT-901997,2026-04-30 13:24:14,Low,Online Banking Portal,Digital Banking,Collection,Unassigned,False Positive,263,Closed
ALT-904119,2026-04-30 15:02:32,Low,Document Management System,Mortgage & Lending,Command and Control,L. Novak,Benign,327,Closed
ALT-901925,2026-04-30 21:31:30,Critical,Customer API Gateway,Digital Banking,Defense Evasion,T. Chen,True Positive,6,Closed
ALT-902650,2026-05-01 05:23:11,Low,Wire Transfer System,Payments & Cards,Execution,M. Patel,Benign,120,Closed
ALT-900871,2026-05-01 10:14:44,High,ATM Network,Retail Banking,Command and Control,L. Novak,False Positive,27,Closed
ALT-902638,2026-05-01 16:37:42,Low,Trading Platform,Wealth Management,Execution,Unassigned,Benign,241,Closed
ALT-900110,2026-05-01 19:33:43,Low,Document Management System,Mortgage & Lending,Lateral Movement,S. Okafor,Benign,168,Closed
ALT-904082,2026-05-01 20:40:31,Low,Commercial Loan Platform,Commercial Banking,Impact,S. Okafor,Benign,325,Closed
ALT-900477,2026-05-01 23:21:01,Low,Wire Transfer System,Payments & Cards,Command and Control,L. Novak,False Positive,313,Closed
ALT-902954,2026-05-02 00:46:04,Medium,Teller Platform,Retail Banking,Impact,S. Okafor,True Positive,100,Closed
ALT-900431,2026-05-02 03:51:27,Low,Online Banking Portal,Digital Banking,Defense Evasion,A. Ramirez,Benign,27,Closed
ALT-900299,2026-05-02 07:26:20,Low,Payment Gateway,Payments & Cards,Collection,J. Kowalski,Benign,84,Closed
ALT-901783,2026-05-02 07:34:04,Medium,Mobile Banking App,Digital Banking,Defense Evasion,Unassigned,False Positive,87,Closed
ALT-900910,2026-05-02 09:29:14,Low,Mobile Banking App,Digital Banking,Initial Access,J. Kowalski,Benign,290,Closed
ALT-903155,2026-05-02 16:49:49,Medium,Trading Platform,Wealth Management,Initial Access,A. Ramirez,Benign,168,Closed
ALT-900310,2026-05-02 21:12:13,High,Customer API Gateway,Digital Banking,Discovery,L. Novak,True Positive,23,Closed
ALT-900471,2026-05-02 23:16:11,Medium,Treasury Management System,Commercial Banking,Persistence,Unassigned,Benign,36,Closed
ALT-902593,2026-05-03 03:36:27,Low,Commercial Loan Platform,Commercial Banking,Credential Access,T. Chen,False Positive,155,Closed
ALT-901510,2026-05-03 03:45:40,Low,Online Banking Portal,Digital Banking,Credential Access,S. Okafor,Benign,225,Closed
ALT-903180,2026-05-03 03:57:15,High,Active Directory,Corporate IT & Infrastructure,Defense Evasion,Unassigned,True Positive,46,Closed
ALT-901250,2026-05-03 10:20:04,High,Loan Origination System,Mortgage & Lending,Impact,M. Patel,Benign,29,Closed
ALT-903661,2026-05-03 10:45:51,Low,Core Banking System,Retail Banking,Discovery,Unassigned,False Positive,257,Closed
ALT-900402,2026-05-03 10:53:36,Low,Email & Collaboration (O365),Corporate IT & Infrastructure,Privilege Escalation,Unassigned,False Positive,120,Closed
ALT-903627,2026-05-03 12:10:28,Medium,Active Directory,Corporate IT & Infrastructure,Lateral Movement,J. Kowalski,Benign,57,Closed
ALT-902368,2026-05-03 12:17:30,Low,Data Warehouse,Corporate IT & Infrastructure,Credential Access,A. Ramirez,Benign,159,Closed
ALT-903452,2026-05-03 19:48:08,High,Mobile Banking App,Digital Banking,Discovery,Unassigned,Benign,10,Closed
ALT-901558,2026-05-03 22:38:33,Medium,ATM Network,Retail Banking,Collection,Unassigned,Benign,19,Closed
ALT-901927,2026-05-04 03:29:00,Medium,Card Issuance System,Payments & Cards,Initial Access,T. Chen,False Positive,25,Closed
ALT-902628,2026-05-04 04:11:15,Critical,Customer API Gateway,Digital Banking,Persistence,T. Chen,True Positive,22,Closed
ALT-901385,2026-05-04 11:54:32,Critical,Teller Platform,Retail Banking,Credential Access,L. Novak,True Positive,18,Closed
ALT-902565,2026-05-04 18:27:28,Critical,Data Warehouse,Corporate IT & Infrastructure,Discovery,J. Kowalski,True Positive,6,Closed
ALT-902407,2026-05-04 19:10:05,Low,Treasury Management System,Commercial Banking,Lateral Movement,L. Novak,Benign,316,Closed
ALT-903435,2026-05-04 22:59:17,Medium,Teller Platform,Retail Banking,Defense Evasion,L. Novak,False Positive,158,Closed
ALT-902278,2026-05-05 02:35:56,Medium,Customer API Gateway,Digital Banking,Lateral Movement,S. Okafor,Benign,63,Closed
ALT-904004,2026-05-05 04:29:31,High,Mobile Banking App,Digital Banking,Impact,S. Okafor,True Positive,11,Closed
ALT-900582,2026-05-05 06:38:18,Low,Teller Platform,Retail Banking,Exfiltration,J. Kowalski,True Positive,320,Closed
ALT-903295,2026-05-05 08:15:10,Low,Mobile Banking App,Digital Banking,Execution,M. Patel,False Positive,338,Closed
ALT-901905,2026-05-05 14:49:14,Medium,Document Management System,Mortgage & Lending,Persistence,S. Okafor,Benign,94,Closed
ALT-903567,2026-05-05 21:15:51,Low,Cloud Workloads (AWS),Corporate IT & Infrastructure,Exfiltration,A. Ramirez,True Positive,92,Closed
ALT-900570,2026-05-05 22:59:53,Medium,Cloud Workloads (AWS),Corporate IT & Infrastructure,Collection,L. Novak,True Positive,175,Closed
ALT-903938,2026-05-06 04:35:21,Low,Payment Gateway,Payments & Cards,Privilege Escalation,M. Patel,False Positive,227,Closed
ALT-900597,2026-05-06 05:56:29,Low,Document Management System,Mortgage & Lending,Lateral Movement,L. Novak,False Positive,46,Closed
ALT-901184,2026-05-06 12:11:42,Low,Core Banking System,Retail Banking,Persistence,S. Okafor,Benign,185,Closed
ALT-903403,2026-05-07 03:14:46,Low,Core Banking System,Retail Banking,Persistence,J. Kowalski,False Positive,191,Closed
ALT-900661,2026-05-07 05:25:26,High,Teller Platform,Retail Banking,Initial Access,Unassigned,Benign,23,Closed
ALT-903829,2026-05-07 15:30:34,Low,ATM Network,Retail Banking,Exfiltration,Unassigned,False Positive,113,Closed
ALT-903045,2026-05-07 17:09:14,Low,Wealth Management Platform,Wealth Management,Command and Control,T. Chen,True Positive,316,Closed
ALT-904118,2026-05-07 20:15:13,Low,Mobile Banking App,Digital Banking,Lateral Movement,A. Ramirez,False Positive,334,Closed
ALT-903503,2026-05-08 02:15:28,Medium,Document Management System,Mortgage & Lending,Collection,J. Kowalski,Benign,58,Closed
ALT-900239,2026-05-08 05:45:14,High,Teller Platform,Retail Banking,Defense Evasion,Unassigned,True Positive,8,Closed
ALT-903840,2026-05-08 10:32:51,High,Online Banking Portal,Digital Banking,Discovery,L. Novak,False Positive,8,Closed
ALT-900375,2026-05-08 11:15:05,Low,Trading Platform,Wealth Management,Privilege Escalation,Unassigned,Benign,308,Closed
ALT-900825,2026-05-08 17:25:51,Critical,Teller Platform,Retail Banking,Defense Evasion,M. Patel,False Positive,13,Closed
ALT-904179,2026-05-08 18:08:06,High,Commercial Loan Platform,Commercial Banking,Discovery,Unassigned,Benign,39,Closed
ALT-901562,2026-05-08 18:22:39,High,Data Warehouse,Corporate IT & Infrastructure,Collection,T. Chen,False Positive,31,Closed
ALT-903610,2026-05-08 21:18:34,Low,Trading Platform,Wealth Management,Defense Evasion,T. Chen,Benign,95,Closed
ALT-902647,2026-05-09 03:09:18,Medium,Document Management System,Mortgage & Lending,Execution,L. Novak,False Positive,176,Closed
ALT-900534,2026-05-09 03:30:55,Medium,Trading Platform,Wealth Management,Defense Evasion,T. Chen,Benign,138,Closed
ALT-902792,2026-05-09 11:24:53,Medium,Online Banking Portal,Digital Banking,Persistence,A. Ramirez,False Positive,42,Closed
ALT-902016,2026-05-09 14:03:32,High,Payment Gateway,Payments & Cards,Lateral Movement,A. Ramirez,True Positive,60,Closed
ALT-901153,2026-05-09 15:16:38,Medium,Commercial Loan Platform,Commercial Banking,Discovery,T. Chen,False Positive,179,Closed
ALT-902528,2026-05-09 19:43:18,High,Wire Transfer System,Payments & Cards,Exfiltration,S. Okafor,Benign,59,Closed
ALT-900245,2026-05-09 20:10:41,Low,Trading Platform,Wealth Management,Collection,A. Ramirez,False Positive,202,Closed
ALT-900190,2026-05-09 22:12:23,Low,ATM Network,Retail Banking,Persistence,Unassigned,Benign,29,Closed
ALT-900839,2026-05-10 04:37:25,Medium,Customer API Gateway,Digital Banking,Lateral Movement,L. Novak,False Positive,162,Closed
ALT-901895,2026-05-10 08:15:59,Medium,Data Warehouse,Corporate IT & Infrastructure,Exfiltration,Unassigned,Benign,164,Closed
ALT-900407,2026-05-10 13:45:23,Low,Wire Transfer System,Payments & Cards,Discovery,L. Novak,False Positive,107,Closed
ALT-904099,2026-05-10 13:47:26,High,Cloud Workloads (AWS),Corporate IT & Infrastructure,Persistence,L. Novak,True Positive,33,Closed
ALT-902222,2026-05-10 20:06:19,High,Commercial Loan Platform,Commercial Banking,Collection,T. Chen,True Positive,11,Closed
ALT-903980,2026-05-11 05:52:07,Medium,Teller Platform,Retail Banking,Exfiltration,S. Okafor,True Positive,20,Closed
ALT-900177,2026-05-11 11:15:40,Medium,Payment Gateway,Payments & Cards,Impact,S. Okafor,Benign,14,Closed
ALT-901291,2026-05-11 12:55:16,Medium,Card Issuance System,Payments & Cards,Initial Access,A. Ramirez,Benign,163,Closed
ALT-901048,2026-05-11 20:57:17,Low,Customer API Gateway,Digital Banking,Lateral Movement,S. Okafor,Benign,360,Closed
ALT-901345,2026-05-11 21:26:50,Low,Email & Collaboration (O365),Corporate IT & Infrastructure,Execution,Unassigned,Benign,25,Closed
ALT-901477,2026-05-12 01:25:00,Low,Trading Platform,Wealth Management,Lateral Movement,Unassigned,Benign,83,Closed
ALT-902470,2026-05-12 08:46:34,Medium,Document Management System,Mortgage & Lending,Privilege Escalation,S. Okafor,Benign,160,Closed
ALT-900616,2026-05-12 10:45:55,Medium,Wealth Management Platform,Wealth Management,Lateral Movement,M. Patel,False Positive,80,Closed
ALT-904081,2026-05-12 21:51:27,Medium,Wire Transfer System,Payments & Cards,Credential Access,T. Chen,False Positive,42,Closed
ALT-902513,2026-05-13 11:25:51,Medium,Trading Platform,Wealth Management,Discovery,Unassigned,False Positive,172,Closed
ALT-900939,2026-05-13 11:27:52,Low,Active Directory,Corporate IT & Infrastructure,Initial Access,T. Chen,False Positive,265,Closed
ALT-901031,2026-05-13 16:35:33,High,Core Banking System,Retail Banking,Command and Control,S. Okafor,False Positive,46,Closed
ALT-902039,2026-05-13 16:59:34,Low,ATM Network,Retail Banking,Credential Access,L. Novak,True Positive,248,Closed
ALT-900317,2026-05-13 18:01:58,Medium,Mobile Banking App,Digital Banking,Privilege Escalation,A. Ramirez,True Positive,115,Closed
ALT-903822,2026-05-13 20:52:24,Medium,Card Issuance System,Payments & Cards,Defense Evasion,T. Chen,Benign,122,Closed
ALT-900376,2026-05-14 01:10:51,Low,Wealth Management Platform,Wealth Management,Collection,S. Okafor,False Positive,309,Closed
ALT-900862,2026-05-14 06:49:22,Low,Card Issuance System,Payments & Cards,Persistence,L. Novak,False Positive,322,Closed
ALT-902135,2026-05-14 07:08:31,Medium,Mobile Banking App,Digital Banking,Defense Evasion,L. Novak,Benign,68,Closed
ALT-900145,2026-05-14 09:05:10,Low,Card Issuance System,Payments & Cards,Impact,J. Kowalski,Benign,328,Closed
ALT-903125,2026-05-14 09:42:20,Low,ATM Network,Retail Banking,Defense Evasion,M. Patel,False Positive,61,Closed
ALT-901483,2026-05-14 10:28:11,Low,Wealth Management Platform,Wealth Management,Command and Control,T. Chen,False Positive,102,Closed
ALT-901423,2026-05-14 15:21:08,Low,Customer API Gateway,Digital Banking,Command and Control,L. Novak,False Positive,21,Closed
ALT-900263,2026-05-14 16:28:50,Low,Commercial Loan Platform,Commercial Banking,Exfiltration,A. Ramirez,Benign,161,Closed
ALT-901837,2026-05-14 16:56:20,Low,Online Banking Portal,Digital Banking,Lateral Movement,M. Patel,False Positive,209,Closed
ALT-901164,2026-05-14 20:19:11,Low,Online Banking Portal,Digital Banking,Initial Access,S. Okafor,True Positive,299,Closed
ALT-902953,2026-05-15 04:37:10,Low,Loan Origination System,Mortgage & Lending,Lateral Movement,M. Patel,False Positive,73,Closed
ALT-900566,2026-05-15 11:56:35,Low,Loan Origination System,Mortgage & Lending,Collection,S. Okafor,False Positive,239,Closed
ALT-902757,2026-05-15 12:43:34,High,Mobile Banking App,Digital Banking,Initial Access,M. Patel,Benign,41,Closed
ALT-902597,2026-05-15 14:42:36,Medium,Online Banking Portal,Digital Banking,Lateral Movement,A. Ramirez,False Positive,22,Closed
ALT-900739,2026-05-15 20:50:59,Medium,Loan Origination System,Mortgage & Lending,Credential Access,M. Patel,True Positive,122,Closed
ALT-901354,2026-05-16 00:28:25,Low,Customer API Gateway,Digital Banking,Impact,A. Ramirez,False Positive,69,Closed
ALT-903341,2026-05-16 01:23:34,Low,Teller Platform,Retail Banking,Initial Access,J. Kowalski,Benign,268,Closed
ALT-903312,2026-05-16 02:02:47,High,Online Banking Portal,Digital Banking,Defense Evasion,T. Chen,True Positive,5,Closed
ALT-901463,2026-05-16 06:31:31,Low,Document Management System,Mortgage & Lending,Persistence,S. Okafor,True Positive,92,Closed
ALT-901332,2026-05-16 14:17:00,Medium,Card Issuance System,Payments & Cards,Initial Access,M. Patel,True Positive,156,Closed
ALT-902126,2026-05-16 20:47:31,Low,ATM Network,Retail Banking,Impact,Unassigned,Benign,119,Closed
ALT-901258,2026-05-17 00:42:55,Medium,Data Warehouse,Corporate IT & Infrastructure,Defense Evasion,S. Okafor,Benign,36,Closed
ALT-901082,2026-05-17 08:35:08,Medium,Loan Origination System,Mortgage & Lending,Exfiltration,Unassigned,False Positive,166,Closed
ALT-901582,2026-05-17 11:03:30,Medium,Commercial Loan Platform,Commercial Banking,Lateral Movement,T. Chen,Benign,106,Closed
ALT-900055,2026-05-17 16:37:54,Medium,Customer API Gateway,Digital Banking,Privilege Escalation,J. Kowalski,False Positive,117,Closed
ALT-900681,2026-05-17 21:16:33,Low,Card Issuance System,Payments & Cards,Initial Access,L. Novak,True Positive,303,Closed
ALT-901454,2026-05-18 06:12:36,Medium,Core Banking System,Retail Banking,Privilege Escalation,M. Patel,False Positive,63,Closed
ALT-900447,2026-05-18 09:16:18,Low,Trading Platform,Wealth Management,Persistence,J. Kowalski,Benign,347,Closed
ALT-903260,2026-05-18 15:00:30,Low,Active Directory,Corporate IT & Infrastructure,Impact,J. Kowalski,False Positive,89,Closed
ALT-902729,2026-05-18 21:11:49,Low,Loan Origination System,Mortgage & Lending,Exfiltration,J. Kowalski,Benign,57,Closed
ALT-902395,2026-05-19 01:07:37,Low,Loan Origination System,Mortgage & Lending,Collection,Unassigned,Benign,51,Closed
ALT-902978,2026-05-19 05:14:00,High,Endpoint Fleet,Corporate IT & Infrastructure,Discovery,T. Chen,True Positive,51,Closed
ALT-903481,2026-05-19 07:03:19,Critical,Wire Transfer System,Payments & Cards,Collection,M. Patel,Benign,14,Closed
ALT-901035,2026-05-19 08:47:49,Medium,Email & Collaboration (O365),Corporate IT & Infrastructure,Credential Access,T. Chen,False Positive,176,Closed
ALT-902279,2026-05-19 09:31:44,Medium,Wealth Management Platform,Wealth Management,Credential Access,S. Okafor,Benign,94,Closed
ALT-902833,2026-05-19 17:18:30,Low,Cloud Workloads (AWS),Corporate IT & Infrastructure,Credential Access,T. Chen,False Positive,73,Closed
ALT-900269,2026-05-19 19:27:56,Low,Treasury Management System,Commercial Banking,Lateral Movement,S. Okafor,False Positive,335,Closed
ALT-902137,2026-05-19 20:59:07,Low,Mobile Banking App,Digital Banking,Execution,T. Chen,False Positive,40,Closed
ALT-901080,2026-05-20 04:20:00,Low,Card Issuance System,Payments & Cards,Initial Access,J. Kowalski,Benign,157,Closed
ALT-902613,2026-05-20 10:22:14,Low,Customer API Gateway,Digital Banking,Lateral Movement,T. Chen,Benign,87,Closed
ALT-902825,2026-05-20 21:14:15,High,Endpoint Fleet,Corporate IT & Infrastructure,Command and Control,T. Chen,True Positive,38,Closed
ALT-902143,2026-05-20 22:11:54,Medium,Core Banking System,Retail Banking,Lateral Movement,S. Okafor,False Positive,148,Closed
ALT-904071,2026-05-21 02:47:40,Medium,Wire Transfer System,Payments & Cards,Privilege Escalation,M. Patel,Benign,115,Closed
ALT-903294,2026-05-21 04:46:15,Low,Trading Platform,Wealth Management,Exfiltration,A. Ramirez,True Positive,79,Closed
ALT-901556,2026-05-21 17:57:28,Medium,Mobile Banking App,Digital Banking,Collection,L. Novak,False Positive,16,Closed
ALT-900134,2026-05-21 18:00:17,Medium,Endpoint Fleet,Corporate IT & Infrastructure,Defense Evasion,A. Ramirez,Benign,80,Closed
ALT-903693,2026-05-21 21:55:59,Low,Treasury Management System,Commercial Banking,Execution,J. Kowalski,Benign,270,Closed
ALT-903075,2026-05-21 23:25:53,Low,Wealth Management Platform,Wealth Management,Initial Access,S. Okafor,False Positive,79,Closed
ALT-900146,2026-05-22 12:02:07,Low,Email & Collaboration (O365),Corporate IT & Infrastructure,Privilege Escalation,L. Novak,False Positive,304,Closed
ALT-904061,2026-05-22 13:53:33,High,Commercial Loan Platform,Commercial Banking,Collection,M. Patel,Benign,13,Closed
ALT-900837,2026-05-22 18:23:21,Low,Mobile Banking App,Digital Banking,Execution,L. Novak,Benign,292,Closed
ALT-901583,2026-05-22 23:31:06,High,Active Directory,Corporate IT & Infrastructure,Lateral Movement,S. Okafor,False Positive,19,Closed
ALT-903057,2026-05-22 23:38:56,High,Core Banking System,Retail Banking,Collection,J. Kowalski,Benign,55,Closed
ALT-903429,2026-05-23 06:35:09,Low,Mobile Banking App,Digital Banking,Initial Access,Unassigned,False Positive,145,Closed
ALT-903199,2026-05-23 10:17:29,Medium,Trading Platform,Wealth Management,Impact,S. Okafor,False Positive,31,Closed
ALT-904025,2026-05-23 11:04:38,Low,Trading Platform,Wealth Management,Command and Control,L. Novak,Benign,331,Closed
ALT-902186,2026-05-23 11:23:47,Low,Active Directory,Corporate IT & Infrastructure,Command and Control,A. Ramirez,Benign,173,Closed
ALT-901818,2026-05-23 13:43:36,Low,Document Management System,Mortgage & Lending,Impact,J. Kowalski,False Positive,212,Closed
ALT-900158,2026-05-23 17:19:29,Low,Data Warehouse,Corporate IT & Infrastructure,Collection,M. Patel,False Positive,76,Closed
ALT-901391,2026-05-23 21:04:11,Low,Core Banking System,Retail Banking,Lateral Movement,Unassigned,False Positive,128,Closed
ALT-902763,2026-05-24 07:15:52,Medium,Online Banking Portal,Digital Banking,Discovery,J. Kowalski,Benign,144,Closed
ALT-902600,2026-05-25 00:37:33,Medium,Active Directory,Corporate IT & Infrastructure,Privilege Escalation,T. Chen,Benign,155,Closed
ALT-902326,2026-05-25 08:34:49,Medium,Card Issuance System,Payments & Cards,Persistence,Unassigned,Benign,104,Closed
ALT-901279,2026-05-25 13:32:49,Low,Payment Gateway,Payments & Cards,Lateral Movement,S. Okafor,Benign,30,Closed
ALT-902540,2026-05-25 14:22:13,Low,Treasury Management System,Commercial Banking,Command and Control,M. Patel,Benign,158,Closed
ALT-902203,2026-05-26 04:07:00,High,Active Directory,Corporate IT & Infrastructure,Command and Control,Unassigned,False Positive,43,Closed
ALT-901529,2026-05-26 04:12:53,Medium,Commercial Loan Platform,Commercial Banking,Execution,S. Okafor,False Positive,113,Closed
ALT-902492,2026-05-26 06:47:19,Low,Trading Platform,Wealth Management,Lateral Movement,S. Okafor,False Positive,349,Closed
ALT-900513,2026-05-26 06:48:41,Medium,Trading Platform,Wealth Management,Command and Control,Unassigned,True Positive,124,Closed
ALT-901101,2026-05-26 12:20:16,Medium,Online Banking Portal,Digital Banking,Credential Access,Unassigned,Benign,36,Closed
ALT-903083,2026-05-26 18:18:49,Low,Data Warehouse,Corporate IT & Infrastructure,Lateral Movement,L. Novak,Benign,161,Closed
ALT-900682,2026-05-26 18:24:31,Low,Card Issuance System,Payments & Cards,Exfiltration,T. Chen,Benign,60,Closed
ALT-901223,2026-05-26 19:39:45,Medium,Online Banking Portal,Digital Banking,Initial Access,Unassigned,Benign,152,Closed
ALT-901897,2026-05-26 21:50:49,Low,ATM Network,Retail Banking,Exfiltration,L. Novak,Benign,179,Closed
ALT-902525,2026-05-27 00:41:12,Low,Card Issuance System,Payments & Cards,Execution,L. Novak,False Positive,123,Closed
ALT-901557,2026-05-27 01:20:38,Medium,Endpoint Fleet,Corporate IT & Infrastructure,Privilege Escalation,A. Ramirez,True Positive,116,Closed
ALT-903248,2026-05-27 03:09:29,Medium,Core Banking System,Retail Banking,Execution,J. Kowalski,Benign,113,Closed
ALT-900928,2026-05-27 06:07:52,Low,Mobile Banking App,Digital Banking,Lateral Movement,A. Ramirez,Benign,130,Closed
ALT-903359,2026-05-27 09:30:29,Medium,Mobile Banking App,Digital Banking,Execution,Unassigned,Benign,159,Closed
ALT-902999,2026-05-27 09:57:29,Low,Email & Collaboration (O365),Corporate IT & Infrastructure,Privilege Escalation,S. Okafor,False Positive,66,Closed
ALT-901182,2026-05-27 11:07:49,Medium,Endpoint Fleet,Corporate IT & Infrastructure,Persistence,S. Okafor,Benign,129,Closed
ALT-902829,2026-05-27 13:49:44,Low,Email & Collaboration (O365),Corporate IT & Infrastructure,Defense Evasion,S. Okafor,Benign,155,Closed
ALT-902501,2026-05-27 22:45:18,Low,Loan Origination System,Mortgage & Lending,Exfiltration,L. Novak,Benign,74,Closed
ALT-900341,2026-05-28 02:19:58,Low,Core Banking System,Retail Banking,Execution,M. Patel,Benign,263,Closed
ALT-902672,2026-05-28 04:14:07,Medium,Card Issuance System,Payments & Cards,Credential Access,Unassigned,True Positive,34,Closed
ALT-901462,2026-05-28 13:39:59,Low,Treasury Management System,Commercial Banking,Execution,L. Novak,False Positive,221,Closed
ALT-902949,2026-05-28 15:43:10,Medium,Email & Collaboration (O365),Corporate IT & Infrastructure,Collection,S. Okafor,False Positive,140,Closed
ALT-900934,2026-05-28 20:20:49,Medium,ATM Network,Retail Banking,Exfiltration,S. Okafor,Benign,40,Closed
ALT-902202,2026-05-29 02:19:09,Low,Document Management System,Mortgage & Lending,Impact,Unassigned,False Positive,272,Closed
ALT-900250,2026-05-29 02:44:28,Low,Treasury Management System,Commercial Banking,Command and Control,T. Chen,False Positive,135,Closed
ALT-900290,2026-05-29 13:55:21,Low,Cloud Workloads (AWS),Corporate IT & Infrastructure,Impact,J. Kowalski,Benign,36,Closed
ALT-903084,2026-05-29 15:19:04,Low,Online Banking Portal,Digital Banking,Initial Access,S. Okafor,Benign,23,Closed
ALT-903134,2026-05-29 21:59:41,Medium,Card Issuance System,Payments & Cards,Privilege Escalation,T. Chen,False Positive,131,Closed
ALT-900343,2026-05-29 22:27:09,Medium,Commercial Loan Platform,Commercial Banking,Persistence,M. Patel,Benign,93,Closed
ALT-900420,2026-05-29 23:17:49,Medium,Wire Transfer System,Payments & Cards,Privilege Escalation,A. Ramirez,False Positive,111,Closed
ALT-902591,2026-05-30 00:03:08,High,Document Management System,Mortgage & Lending,Discovery,S. Okafor,False Positive,34,Closed
ALT-901046,2026-05-30 01:56:40,Low,Online Banking Portal,Digital Banking,Impact,A. Ramirez,True Positive,184,Closed
ALT-903869,2026-05-30 02:15:50,Low,Document Management System,Mortgage & Lending,Execution,Unassigned,False Positive,156,Closed
ALT-902967,2026-05-30 02:25:33,Low,Payment Gateway,Payments & Cards,Exfiltration,S. Okafor,False Positive,169,Closed
ALT-903729,2026-05-30 06:16:31,Low,Treasury Management System,Commercial Banking,Lateral Movement,A. Ramirez,False Positive,274,Closed
ALT-903402,2026-05-30 06:25:46,Medium,Online Banking Portal,Digital Banking,Persistence,L. Novak,Benign,144,Closed
ALT-902056,2026-05-30 11:06:41,Medium,Customer API Gateway,Digital Banking,Command and Control,J. Kowalski,Benign,55,Closed
ALT-904113,2026-05-30 19:39:26,Medium,Commercial Loan Platform,Commercial Banking,Discovery,T. Chen,False Positive,171,Closed
ALT-903644,2026-05-30 20:08:02,Medium,Wire Transfer System,Payments & Cards,Command and Control,L. Novak,False Positive,25,Closed
ALT-904020,2026-05-30 20:26:10,Medium,Teller Platform,Retail Banking,Initial Access,Unassigned,Benign,143,Closed
ALT-902621,2026-05-30 21:58:44,Medium,Trading Platform,Wealth Management,Impact,J. Kowalski,False Positive,40,Closed
ALT-903716,2026-05-31 02:18:06,Medium,Endpoint Fleet,Corporate IT & Infrastructure,Exfiltration,J. Kowalski,True Positive,153,Closed
ALT-903117,2026-05-31 03:06:13,Low,Wealth Management Platform,Wealth Management,Persistence,M. Patel,False Positive,77,Closed
ALT-903711,2026-05-31 07:46:31,Critical,Wire Transfer System,Payments & Cards,Execution,A. Ramirez,Benign,5,Closed
ALT-901606,2026-05-31 08:48:49,Medium,Loan Origination System,Mortgage & Lending,Persistence,L. Novak,False Positive,125,Closed
ALT-903290,2026-05-31 14:15:22,Medium,Document Management System,Mortgage & Lending,Collection,M. Patel,False Positive,153,Closed
ALT-900024,2026-06-01 08:53:46,Low,Payment Gateway,Payments & Cards,Exfiltration,T. Chen,Benign,176,Closed
ALT-904114,2026-06-01 13:32:28,Medium,Teller Platform,Retail Banking,Defense Evasion,A. Ramirez,Benign,24,Closed
ALT-903375,2026-06-01 20:32:17,Low,Treasury Management System,Commercial Banking,Credential Access,L. Novak,Benign,323,Closed
ALT-901052,2026-06-01 22:09:44,Medium,Online Banking Portal,Digital Banking,Command and Control,M. Patel,Benign,178,Closed
ALT-901702,2026-06-01 23:35:16,Medium,Commercial Loan Platform,Commercial Banking,Credential Access,Unassigned,False Positive,135,Closed
ALT-903994,2026-06-02 05:35:41,Low,Online Banking Portal,Digital Banking,Credential Access,A. Ramirez,False Positive,336,Closed
ALT-903564,2026-06-02 15:14:03,Medium,Wealth Management Platform,Wealth Management,Execution,Unassigned,Benign,85,Closed
ALT-901610,2026-06-02 15:31:58,Low,Payment Gateway,Payments & Cards,Collection,M. Patel,Benign,259,Closed
ALT-900940,2026-06-02 19:17:17,Low,Teller Platform,Retail Banking,Credential Access,A. Ramirez,False Positive,111,Closed
ALT-902737,2026-06-03 05:10:48,High,Endpoint Fleet,Corporate IT & Infrastructure,Collection,S. Okafor,False Positive,40,Closed
ALT-903604,2026-06-03 05:56:15,Medium,Wire Transfer System,Payments & Cards,Impact,T. Chen,False Positive,11,Closed
ALT-903237,2026-06-03 11:18:02,Medium,Teller Platform,Retail Banking,Initial Access,A. Ramirez,False Positive,50,Closed
ALT-902045,2026-06-03 21:58:34,Low,Core Banking System,Retail Banking,Defense Evasion,S. Okafor,Benign,128,Closed
ALT-901660,2026-06-03 23:32:34,Low,Document Management System,Mortgage & Lending,Execution,J. Kowalski,Benign,209,Closed
ALT-901626,2026-06-04 06:20:19,Medium,Trading Platform,Wealth Management,Credential Access,M. Patel,False Positive,150,Closed
ALT-900121,2026-06-04 07:24:11,Low,Document Management System,Mortgage & Lending,Impact,J. Kowalski,Benign,238,Closed
ALT-902572,2026-06-04 12:36:58,Medium,Mobile Banking App,Digital Banking,Privilege Escalation,A. Ramirez,False Positive,141,Closed
ALT-902265,2026-06-04 13:19:39,Medium,Treasury Management System,Commercial Banking,Command and Control,M. Patel,Benign,58,Closed
ALT-903834,2026-06-04 14:18:35,High,Email & Collaboration (O365),Corporate IT & Infrastructure,Credential Access,M. Patel,Benign,48,Closed
ALT-903475,2026-06-04 20:07:18,Low,Commercial Loan Platform,Commercial Banking,Execution,A. Ramirez,Benign,141,Closed
ALT-903476,2026-06-04 21:19:24,Medium,Treasury Management System,Commercial Banking,Command and Control,L. Novak,Benign,83,Closed
ALT-901266,2026-06-04 23:26:18,Medium,Core Banking System,Retail Banking,Command and Control,M. Patel,False Positive,132,Closed
ALT-903556,2026-06-05 07:42:23,Low,Trading Platform,Wealth Management,Discovery,S. Okafor,False Positive,34,Closed
ALT-902803,2026-06-05 12:29:48,Low,Cloud Workloads (AWS),Corporate IT & Infrastructure,Lateral Movement,S. Okafor,True Positive,278,Closed
ALT-901955,2026-06-05 21:25:00,Low,Data Warehouse,Corporate IT & Infrastructure,Defense Evasion,T. Chen,False Positive,111,Closed
ALT-902916,2026-06-05 21:51:13,Low,Loan Origination System,Mortgage & Lending,Exfiltration,J. Kowalski,False Positive,316,Closed
ALT-901775,2026-06-06 00:34:25,Medium,Endpoint Fleet,Corporate IT & Infrastructure,Initial Access,T. Chen,False Positive,66,Closed
ALT-904197,2026-06-06 00:41:15,Medium,ATM Network,Retail Banking,Command and Control,M. Patel,Benign,117,Closed
ALT-901963,2026-06-06 06:31:22,Medium,Treasury Management System,Commercial Banking,Command and Control,S. Okafor,False Positive,55,Closed
ALT-902063,2026-06-06 06:40:25,Low,Wire Transfer System,Payments & Cards,Lateral Movement,L. Novak,False Positive,126,Closed
ALT-901591,2026-06-06 10:56:32,Low,Online Banking Portal,Digital Banking,Command and Control,J. Kowalski,Benign,219,Closed
ALT-901466,2026-06-06 11:21:33,Low,Commercial Loan Platform,Commercial Banking,Persistence,Unassigned,Benign,140,Closed
ALT-902238,2026-06-06 13:08:06,High,Commercial Loan Platform,Commercial Banking,Execution,Unassigned,True Positive,11,Closed
ALT-901858,2026-06-07 02:19:27,Low,Customer API Gateway,Digital Banking,Defense Evasion,Unassigned,False Positive,246,Closed
ALT-902301,2026-06-07 03:02:20,Low,Online Banking Portal,Digital Banking,Execution,S. Okafor,False Positive,187,Closed
ALT-902092,2026-06-07 05:39:26,Critical,Loan Origination System,Mortgage & Lending,Privilege Escalation,J. Kowalski,True Positive,30,Closed
ALT-902514,2026-06-07 09:15:37,Medium,Active Directory,Corporate IT & Infrastructure,Impact,J. Kowalski,False Positive,88,Closed
ALT-903635,2026-06-07 10:42:04,Low,ATM Network,Retail Banking,Privilege Escalation,J. Kowalski,True Positive,304,Closed
ALT-903764,2026-06-07 14:12:50,Low,Loan Origination System,Mortgage & Lending,Collection,L. Novak,False Positive,114,Closed
ALT-903547,2026-06-07 15:22:02,Medium,Card Issuance System,Payments & Cards,Command and Control,L. Novak,Benign,33,Closed
ALT-900914,2026-06-07 19:37:24,High,Online Banking Portal,Digital Banking,Execution,S. Okafor,False Positive,19,Closed
ALT-900687,2026-06-07 20:52:31,Low,Core Banking System,Retail Banking,Lateral Movement,J. Kowalski,Benign,37,Closed
ALT-900305,2026-06-08 04:56:40,Medium,Endpoint Fleet,Corporate IT & Infrastructure,Initial Access,T. Chen,False Positive,159,Closed
ALT-903625,2026-06-08 09:23:22,High,Email & Collaboration (O365),Corporate IT & Infrastructure,Execution,L. Novak,False Positive,16,Closed
ALT-901179,2026-06-08 12:53:12,Medium,Core Banking System,Retail Banking,Discovery,S. Okafor,Benign,108,Closed
ALT-903672,2026-06-08 14:40:50,Low,Document Management System,Mortgage & Lending,Command and Control,J. Kowalski,Benign,137,Closed
ALT-900129,2026-06-08 16:32:12,Medium,Active Directory,Corporate IT & Infrastructure,Credential Access,L. Novak,Benign,29,Closed
ALT-902072,2026-06-08 19:25:31,Low,Customer API Gateway,Digital Banking,Exfiltration,L. Novak,False Positive,256,Closed
ALT-900103,2026-06-09 00:14:40,Medium,Trading Platform,Wealth Management,Credential Access,M. Patel,Benign,126,Closed
ALT-902415,2026-06-09 00:34:43,High,Trading Platform,Wealth Management,Impact,A. Ramirez,False Positive,14,Closed
ALT-900891,2026-06-09 02:53:34,High,Teller Platform,Retail Banking,Credential Access,M. Patel,False Positive,33,Closed
ALT-903055,2026-06-09 05:30:08,Low,Endpoint Fleet,Corporate IT & Infrastructure,Privilege Escalation,A. Ramirez,False Positive,332,Closed
ALT-902868,2026-06-09 05:41:53,Low,Treasury Management System,Commercial Banking,Defense Evasion,S. Okafor,False Positive,306,Closed
ALT-900834,2026-06-09 14:06:01,Low,Active Directory,Corporate IT & Infrastructure,Impact,T. Chen,Benign,95,Closed
ALT-904126,2026-06-09 20:19:09,Medium,Wealth Management Platform,Wealth Management,Credential Access,A. Ramirez,Benign,108,Closed
ALT-904116,2026-06-09 23:07:14,Low,Core Banking System,Retail Banking,Lateral Movement,T. Chen,Benign,291,Closed
ALT-901486,2026-06-10 08:35:06,Medium,Mobile Banking App,Digital Banking,Impact,T. Chen,Benign,95,Closed
ALT-904143,2026-06-10 09:56:54,Low,Data Warehouse,Corporate IT & Infrastructure,Execution,M. Patel,Benign,355,Closed
ALT-900809,2026-06-10 14:37:17,Medium,Active Directory,Corporate IT & Infrastructure,Execution,L. Novak,True Positive,120,Closed
ALT-902491,2026-06-10 15:01:15,Medium,Teller Platform,Retail Banking,Impact,L. Novak,Benign,176,Closed
ALT-900905,2026-06-10 18:12:46,Medium,ATM Network,Retail Banking,Credential Access,Unassigned,Benign,76,Closed
ALT-902429,2026-06-11 02:44:11,Low,Trading Platform,Wealth Management,Defense Evasion,M. Patel,False Positive,287,Closed
ALT-903367,2026-06-11 04:18:35,Low,ATM Network,Retail Banking,Lateral Movement,S. Okafor,Benign,160,Closed
ALT-900275,2026-06-11 04:58:47,Medium,Data Warehouse,Corporate IT & Infrastructure,Collection,A. Ramirez,Benign,43,Closed
ALT-903185,2026-06-11 06:58:32,Low,ATM Network,Retail Banking,Initial Access,M. Patel,False Positive,66,Closed
ALT-900561,2026-06-11 18:18:45,Low,Trading Platform,Wealth Management,Discovery,J. Kowalski,True Positive,140,Closed
ALT-903718,2026-06-11 18:26:23,Low,Document Management System,Mortgage & Lending,Credential Access,L. Novak,False Positive,280,Closed
ALT-902543,2026-06-11 20:05:23,Low,Wire Transfer System,Payments & Cards,Privilege Escalation,S. Okafor,Benign,163,Closed
ALT-902038,2026-06-12 00:11:34,Low,Endpoint Fleet,Corporate IT & Infrastructure,Execution,T. Chen,Benign,134,Closed
ALT-900386,2026-06-12 07:26:47,Low,Email & Collaboration (O365),Corporate IT & Infrastructure,Persistence,M. Patel,Benign,210,Closed
ALT-900122,2026-06-12 09:06:52,High,Online Banking Portal,Digital Banking,Exfiltration,M. Patel,True Positive,7,Closed
ALT-900893,2026-06-12 16:47:26,Medium,Treasury Management System,Commercial Banking,Initial Access,Unassigned,False Positive,137,Closed
ALT-902523,2026-06-12 21:02:26,High,Teller Platform,Retail Banking,Exfiltration,L. Novak,Benign,29,Closed
ALT-900506,2026-06-13 00:26:16,Medium,Cloud Workloads (AWS),Corporate IT & Infrastructure,Collection,A. Ramirez,Benign,95,Closed
ALT-900049,2026-06-13 04:42:33,Medium,Teller Platform,Retail Banking,Defense Evasion,L. Novak,Benign,17,Closed
ALT-902434,2026-06-13 06:51:06,High,Endpoint Fleet,Corporate IT & Infrastructure,Command and Control,J. Kowalski,Benign,9,Closed
ALT-902443,2026-06-13 16:37:00,Medium,Online Banking Portal,Digital Banking,Impact,S. Okafor,False Positive,142,Closed
ALT-901797,2026-06-14 00:09:53,Low,Treasury Management System,Commercial Banking,Defense Evasion,J. Kowalski,Benign,68,Closed
ALT-900204,2026-06-14 00:27:33,Critical,Cloud Workloads (AWS),Corporate IT & Infrastructure,Impact,A. Ramirez,True Positive,19,Closed
ALT-900548,2026-06-14 07:46:30,Medium,Data Warehouse,Corporate IT & Infrastructure,Command and Control,A. Ramirez,Benign,17,Closed
ALT-902962,2026-06-14 09:00:11,Medium,Online Banking Portal,Digital Banking,Impact,M. Patel,Benign,73,Closed
ALT-901387,2026-06-14 09:05:31,High,Payment Gateway,Payments & Cards,Privilege Escalation,T. Chen,False Positive,27,Closed
ALT-900050,2026-06-14 10:04:37,Low,Trading Platform,Wealth Management,Credential Access,A. Ramirez,False Positive,56,Closed
ALT-902871,2026-06-14 17:39:22,Low,Document Management System,Mortgage & Lending,Execution,M. Patel,False Positive,118,Closed
ALT-902997,2026-06-14 20:53:38,High,Data Warehouse,Corporate IT & Infrastructure,Discovery,S. Okafor,Benign,46,Closed
ALT-903664,2026-06-14 21:02:29,Low,Endpoint Fleet,Corporate IT & Infrastructure,Exfiltration,L. Novak,Benign,252,Closed
ALT-903831,2026-06-14 22:55:18,Medium,Data Warehouse,Corporate IT & Infrastructure,Command and Control,S. Okafor,Benign,33,Closed
ALT-903397,2026-06-15 01:52:01,Low,Payment Gateway,Payments & Cards,Privilege Escalation,A. Ramirez,Benign,317,Closed
ALT-900149,2026-06-15 03:11:13,Low,Active Directory,Corporate IT & Infrastructure,Execution,M. Patel,Benign,359,Closed
ALT-902541,2026-06-15 06:10:27,Medium,Wire Transfer System,Payments & Cards,Command and Control,L. Novak,Benign,49,Closed
ALT-900671,2026-06-15 06:41:54,Medium,Customer API Gateway,Digital Banking,Impact,M. Patel,Benign,112,Closed
ALT-902875,2026-06-15 12:57:20,Medium,ATM Network,Retail Banking,Execution,J. Kowalski,False Positive,102,Closed
ALT-903581,2026-06-16 02:53:33,Medium,Trading Platform,Wealth Management,Impact,T. Chen,Benign,168,Closed
ALT-901297,2026-06-16 06:22:50,Low,Data Warehouse,Corporate IT & Infrastructure,Discovery,S. Okafor,True Positive,48,Closed
ALT-901814,2026-06-16 08:37:34,Medium,Teller Platform,Retail Banking,Lateral Movement,A. Ramirez,Benign,116,Closed
ALT-900584,2026-06-16 09:56:16,Medium,Customer API Gateway,Digital Banking,Execution,Unassigned,True Positive,53,Closed
ALT-903328,2026-06-16 17:19:47,Low,Data Warehouse,Corporate IT & Infrastructure,Impact,A. Ramirez,Benign,332,Closed
ALT-903466,2026-06-16 18:20:23,Low,Endpoint Fleet,Corporate IT & Infrastructure,Exfiltration,T. Chen,Benign,211,Closed
ALT-900630,2026-06-16 19:34:59,Low,Commercial Loan Platform,Commercial Banking,Initial Access,L. Novak,Benign,29,Closed
ALT-903730,2026-06-17 02:33:42,High,Wire Transfer System,Payments & Cards,Execution,L. Novak,False Positive,23,Closed
ALT-901744,2026-06-17 12:47:17,High,Wire Transfer System,Payments & Cards,Execution,A. Ramirez,Benign,52,Closed
ALT-900063,2026-06-17 13:35:05,Low,Active Directory,Corporate IT & Infrastructure,Discovery,J. Kowalski,Benign,24,Closed
ALT-900658,2026-06-17 16:05:23,Medium,Mobile Banking App,Digital Banking,Defense Evasion,A. Ramirez,Benign,55,Closed
ALT-900385,2026-06-17 23:45:21,Medium,Loan Origination System,Mortgage & Lending,Persistence,L. Novak,False Positive,155,Closed
ALT-902881,2026-06-18 03:49:10,Medium,Online Banking Portal,Digital Banking,Discovery,Unassigned,False Positive,26,Closed
ALT-903787,2026-06-18 06:00:35,Low,Loan Origination System,Mortgage & Lending,Persistence,T. Chen,True Positive,106,Closed
ALT-902325,2026-06-18 12:45:12,Low,Treasury Management System,Commercial Banking,Discovery,A. Ramirez,True Positive,172,Closed
ALT-901857,2026-06-18 12:57:25,Medium,Cloud Workloads (AWS),Corporate IT & Infrastructure,Discovery,S. Okafor,Benign,79,Closed
ALT-903355,2026-06-18 14:31:53,Low,ATM Network,Retail Banking,Impact,M. Patel,True Positive,360,Closed
ALT-900690,2026-06-18 15:10:43,Critical,Data Warehouse,Corporate IT & Infrastructure,Execution,S. Okafor,False Positive,15,Closed
ALT-901045,2026-06-18 16:53:45,High,Core Banking System,Retail Banking,Credential Access,T. Chen,False Positive,37,Closed
ALT-903324,2026-06-18 17:00:23,Low,Card Issuance System,Payments & Cards,Command and Control,M. Patel,True Positive,110,Closed
ALT-900636,2026-06-18 19:43:21,Critical,Payment Gateway,Payments & Cards,Impact,L. Novak,True Positive,5,Closed
ALT-901081,2026-06-18 23:17:49,Medium,Cloud Workloads (AWS),Corporate IT & Infrastructure,Credential Access,J. Kowalski,Benign,114,Closed
ALT-904101,2026-06-19 02:36:26,Low,Commercial Loan Platform,Commercial Banking,Collection,Unassigned,Benign,57,Closed
ALT-903735,2026-06-19 10:57:19,Medium,Wire Transfer System,Payments & Cards,Collection,Unassigned,False Positive,83,Closed
ALT-900036,2026-06-19 16:39:22,Medium,Payment Gateway,Payments & Cards,Command and Control,T. Chen,False Positive,153,Closed
ALT-901554,2026-06-19 17:23:11,Medium,Card Issuance System,Payments & Cards,Collection,M. Patel,True Positive,68,Closed
ALT-903192,2026-06-19 19:42:39,Low,Trading Platform,Wealth Management,Defense Evasion,T. Chen,False Positive,310,Closed
ALT-902423,2026-06-19 23:10:31,Medium,Mobile Banking App,Digital Banking,Persistence,Unassigned,False Positive,123,Closed
ALT-903712,2026-06-19 23:53:33,Low,Payment Gateway,Payments & Cards,Discovery,M. Patel,Benign,332,Closed
ALT-901378,2026-06-20 06:08:43,Low,Document Management System,Mortgage & Lending,Collection,Unassigned,False Positive,94,Closed
ALT-901912,2026-06-20 09:10:07,Low,Payment Gateway,Payments & Cards,Exfiltration,T. Chen,Benign,269,Closed
ALT-900973,2026-06-20 09:41:39,Medium,Payment Gateway,Payments & Cards,Execution,L. Novak,False Positive,125,Closed
ALT-901804,2026-06-20 10:43:54,Low,Teller Platform,Retail Banking,Command and Control,L. Novak,Benign,338,Closed
ALT-901992,2026-06-20 19:13:25,Medium,Email & Collaboration (O365),Corporate IT & Infrastructure,Exfiltration,Unassigned,Benign,120,Closed
ALT-902251,2026-06-21 03:58:29,Medium,Active Directory,Corporate IT & Infrastructure,Lateral Movement,T. Chen,False Positive,58,Closed
ALT-901475,2026-06-21 10:31:11,Critical,Treasury Management System,Commercial Banking,Lateral Movement,Unassigned,True Positive,12,Closed
ALT-900733,2026-06-21 15:18:50,Low,Commercial Loan Platform,Commercial Banking,Defense Evasion,M. Patel,True Positive,30,Closed
ALT-903068,2026-06-21 19:39:38,Low,Teller Platform,Retail Banking,Exfiltration,J. Kowalski,Benign,239,Closed
ALT-903418,2026-06-21 21:48:21,Low,Card Issuance System,Payments & Cards,Lateral Movement,T. Chen,Benign,162,Closed
ALT-902315,2026-06-22 09:41:36,Medium,Wealth Management Platform,Wealth Management,Impact,M. Patel,Benign,66,Closed
ALT-900832,2026-06-23 04:16:41,Medium,Wealth Management Platform,Wealth Management,Execution,S. Okafor,False Positive,15,Closed
ALT-900579,2026-06-23 16:17:34,Low,Payment Gateway,Payments & Cards,Impact,Unassigned,False Positive,81,Closed
ALT-900882,2026-06-23 18:36:21,Medium,Card Issuance System,Payments & Cards,Impact,M. Patel,Benign,134,Closed
ALT-902601,2026-06-24 05:30:44,Low,Email & Collaboration (O365),Corporate IT & Infrastructure,Command and Control,T. Chen,False Positive,83,Closed
ALT-900785,2026-06-24 11:16:09,Low,Teller Platform,Retail Banking,Lateral Movement,J. Kowalski,False Positive,137,Closed
ALT-901282,2026-06-24 14:21:36,Low,Teller Platform,Retail Banking,Execution,J. Kowalski,Benign,221,Closed
ALT-901674,2026-06-24 18:21:38,Low,Wire Transfer System,Payments & Cards,Impact,T. Chen,True Positive,325,Closed
ALT-902364,2026-06-24 20:16:58,Low,Endpoint Fleet,Corporate IT & Infrastructure,Command and Control,J. Kowalski,Benign,239,Closed
ALT-900186,2026-06-24 22:40:18,Medium,Document Management System,Mortgage & Lending,Credential Access,M. Patel,Benign,32,Closed
ALT-903389,2026-06-25 09:51:21,Low,Customer API Gateway,Digital Banking,Collection,A. Ramirez,False Positive,199,Closed
ALT-901655,2026-06-25 13:22:55,Low,Email & Collaboration (O365),Corporate IT & Infrastructure,Execution,M. Patel,Benign,301,Closed
ALT-901688,2026-06-25 14:58:33,Low,Teller Platform,Retail Banking,Discovery,L. Novak,Benign,303,Closed
ALT-900236,2026-06-25 16:33:46,Medium,Document Management System,Mortgage & Lending,Discovery,Unassigned,Benign,98,Closed
ALT-900479,2026-06-25 20:23:54,Low,Cloud Workloads (AWS),Corporate IT & Infrastructure,Privilege Escalation,A. Ramirez,False Positive,157,Closed
ALT-904159,2026-06-25 23:15:05,Low,Commercial Loan Platform,Commercial Banking,Lateral Movement,L. Novak,False Positive,167,Closed
ALT-903745,2026-06-26 01:46:08,High,Mobile Banking App,Digital Banking,Persistence,M. Patel,Benign,18,Closed
ALT-901088,2026-06-26 01:49:11,Low,Endpoint Fleet,Corporate IT & Infrastructure,Defense Evasion,S. Okafor,True Positive,56,Closed
ALT-903369,2026-06-26 02:40:04,Medium,Customer API Gateway,Digital Banking,Lateral Movement,A. Ramirez,Benign,171,Closed
ALT-903759,2026-06-26 03:44:59,Medium,Customer API Gateway,Digital Banking,Discovery,A. Ramirez,Benign,65,Closed
ALT-901870,2026-06-26 04:54:11,Medium,Mobile Banking App,Digital Banking,Command and Control,J. Kowalski,False Positive,23,Closed
ALT-901868,2026-06-26 11:17:25,Medium,Trading Platform,Wealth Management,Persistence,A. Ramirez,False Positive,124,Closed
ALT-903844,2026-06-26 14:18:00,High,Email & Collaboration (O365),Corporate IT & Infrastructure,Lateral Movement,M. Patel,True Positive,5,Closed
ALT-900396,2026-06-26 18:52:02,Low,Data Warehouse,Corporate IT & Infrastructure,Discovery,L. Novak,False Positive,324,Closed
ALT-902988,2026-06-26 19:50:33,Medium,Treasury Management System,Commercial Banking,Privilege Escalation,S. Okafor,False Positive,18,Closed
ALT-903233,2026-06-26 21:08:15,Low,Payment Gateway,Payments & Cards,Exfiltration,L. Novak,Benign,186,Closed
ALT-903380,2026-06-27 09:56:21,High,Email & Collaboration (O365),Corporate IT & Infrastructure,Discovery,S. Okafor,Benign,31,Closed
ALT-900382,2026-06-27 15:14:44,Low,Card Issuance System,Payments & Cards,Exfiltration,M. Patel,True Positive,99,Closed
ALT-900078,2026-06-27 20:22:46,Low,Customer API Gateway,Digital Banking,Impact,Unassigned,Benign,199,Closed
ALT-901228,2026-06-27 20:58:17,Medium,Payment Gateway,Payments & Cards,Execution,Unassigned,False Positive,48,Closed
ALT-900128,2026-06-27 22:34:44,Medium,Customer API Gateway,Digital Banking,Initial Access,T. Chen,Benign,148,Closed
ALT-903480,2026-06-28 09:58:18,Low,Customer API Gateway,Digital Banking,Lateral Movement,Unassigned,False Positive,133,Closed
ALT-903626,2026-06-28 11:39:49,Medium,Trading Platform,Wealth Management,Credential Access,Unassigned,False Positive,94,Closed
ALT-902741,2026-06-28 14:42:14,Low,Commercial Loan Platform,Commercial Banking,Discovery,L. Novak,Benign,224,Closed
ALT-900614,2026-06-28 15:18:31,Medium,Card Issuance System,Payments & Cards,Discovery,A. Ramirez,False Positive,160,Closed
ALT-900876,2026-06-28 15:45:16,Low,Commercial Loan Platform,Commercial Banking,Defense Evasion,Unassigned,Benign,111,Closed
ALT-903046,2026-06-28 22:36:37,High,Core Banking System,Retail Banking,Privilege Escalation,M. Patel,True Positive,5,Closed
ALT-901607,2026-06-29 13:10:06,Low,Payment Gateway,Payments & Cards,Execution,S. Okafor,Benign,215,Closed
ALT-903619,2026-06-29 16:36:58,Medium,Payment Gateway,Payments & Cards,Execution,J. Kowalski,False Positive,170,Closed
ALT-901331,2026-06-29 23:37:40,High,Wire Transfer System,Payments & Cards,Persistence,M. Patel,True Positive,10,Closed
ALT-901321,2026-06-30 02:35:30,Low,Document Management System,Mortgage & Lending,Command and Control,Unassigned,Benign,282,Closed
ALT-902606,2026-06-30 20:51:55,Medium,Payment Gateway,Payments & Cards,Persistence,J. Kowalski,True Positive,48,Closed
ALT-900562,2026-06-30 21:28:18,Medium,Wealth Management Platform,Wealth Management,Initial Access,T. Chen,Benign,91,Closed
ALT-901896,2026-06-30 22:21:35,Low,ATM Network,Retail Banking,Credential Access,Unassigned,False Positive,345,Closed
ALT-900001,2026-06-30 23:37:30,Medium,Wealth Management Platform,Wealth Management,Defense Evasion,S. Okafor,Benign,19,Closed
ALT-901370,2026-07-01 00:37:48,Medium,Loan Origination System,Mortgage & Lending,Impact,L. Novak,False Positive,114,Closed
ALT-900767,2026-07-02 00:25:57,Low,Loan Origination System,Mortgage & Lending,Collection,M. Patel,Benign,310,Closed
ALT-900880,2026-07-02 02:53:16,Low,Loan Origination System,Mortgage & Lending,Credential Access,A. Ramirez,False Positive,183,Closed
ALT-901314,2026-07-02 06:52:45,Low,Cloud Workloads (AWS),Corporate IT & Infrastructure,Exfiltration,L. Novak,Benign,338,Closed
ALT-902690,2026-07-02 08:06:37,High,Email & Collaboration (O365),Corporate IT & Infrastructure,Defense Evasion,A. Ramirez,False Positive,54,Closed
ALT-902307,2026-07-02 10:33:54,Low,Teller Platform,Retail Banking,Lateral Movement,A. Ramirez,False Positive,354,Closed
ALT-902097,2026-07-02 11:37:45,Low,Core Banking System,Retail Banking,Execution,S. Okafor,False Positive,80,Closed
ALT-900768,2026-07-02 11:41:44,Medium,Payment Gateway,Payments & Cards,Collection,T. Chen,Benign,13,Closed
ALT-902145,2026-07-02 20:39:34,Medium,Core Banking System,Retail Banking,Initial Access,L. Novak,False Positive,80,Closed
ALT-903954,2026-07-03 00:39:19,Low,Cloud Workloads (AWS),Corporate IT & Infrastructure,Persistence,M. Patel,Benign,213,Closed
ALT-902821,2026-07-03 00:39:52,Low,Commercial Loan Platform,Commercial Banking,Privilege Escalation,J. Kowalski,True Positive,20,Closed
ALT-901527,2026-07-03 07:32:04,High,Data Warehouse,Corporate IT & Infrastructure,Privilege Escalation,A. Ramirez,Benign,28,Closed
ALT-904044,2026-07-03 17:10:42,Low,Mobile Banking App,Digital Banking,Lateral Movement,A. Ramirez,False Positive,273,Closed
ALT-900472,2026-07-03 18:18:30,Low,Wire Transfer System,Payments & Cards,Execution,L. Novak,False Positive,232,Closed
ALT-902480,2026-07-03 18:29:19,Medium,Treasury Management System,Commercial Banking,Defense Evasion,Unassigned,True Positive,37,Closed
ALT-903249,2026-07-03 22:22:03,Low,Card Issuance System,Payments & Cards,Persistence,M. Patel,False Positive,144,Closed
ALT-901573,2026-07-03 22:22:26,Critical,Card Issuance System,Payments & Cards,Collection,Unassigned,False Positive,27,Closed
ALT-901647,2026-07-04 08:23:25,Medium,Card Issuance System,Payments & Cards,Defense Evasion,L. Novak,Benign,89,Closed
ALT-901010,2026-07-04 12:57:58,High,Wealth Management Platform,Wealth Management,Lateral Movement,L. Novak,True Positive,59,Closed
ALT-903307,2026-07-04 12:59:22,Medium,Email & Collaboration (O365),Corporate IT & Infrastructure,Initial Access,M. Patel,False Positive,37,Closed
ALT-900042,2026-07-04 14:21:14,Low,Treasury Management System,Commercial Banking,Privilege Escalation,L. Novak,True Positive,314,Closed
ALT-902098,2026-07-04 18:52:18,Low,Commercial Loan Platform,Commercial Banking,Discovery,Unassigned,Benign,238,Closed
ALT-903141,2026-07-04 21:18:14,Medium,Endpoint Fleet,Corporate IT & Infrastructure,Impact,M. Patel,Benign,81,Closed
ALT-901673,2026-07-05 00:58:00,Low,Mobile Banking App,Digital Banking,Collection,Unassigned,False Positive,185,Closed
ALT-901233,2026-07-05 12:04:52,Low,Mobile Banking App,Digital Banking,Command and Control,A. Ramirez,Benign,233,Closed
ALT-902834,2026-07-05 12:31:08,Low,Commercial Loan Platform,Commercial Banking,Execution,L. Novak,False Positive,151,Closed
ALT-901269,2026-07-06 10:06:55,Low,Commercial Loan Platform,Commercial Banking,Command and Control,M. Patel,False Positive,221,Closed
ALT-901312,2026-07-06 11:39:57,Medium,ATM Network,Retail Banking,Impact,Unassigned,Benign,63,Closed
ALT-900006,2026-07-06 16:09:02,Medium,Wire Transfer System,Payments & Cards,Defense Evasion,A. Ramirez,True Positive,15,Closed
ALT-900596,2026-07-06 17:20:45,Low,Cloud Workloads (AWS),Corporate IT & Infrastructure,Credential Access,T. Chen,Benign,262,Closed
ALT-902464,2026-07-06 23:57:37,Low,Customer API Gateway,Digital Banking,Lateral Movement,Unassigned,False Positive,115,Closed
ALT-901918,2026-07-07 03:10:56,High,Treasury Management System,Commercial Banking,Exfiltration,T. Chen,False Positive,18,Closed
ALT-903751,2026-07-07 04:35:59,Medium,Customer API Gateway,Digital Banking,Privilege Escalation,Unassigned,Benign,38,Closed
ALT-900346,2026-07-07 07:12:23,Low,Core Banking System,Retail Banking,Defense Evasion,L. Novak,False Positive,190,Closed
ALT-901439,2026-07-07 11:20:11,Medium,Trading Platform,Wealth Management,Privilege Escalation,M. Patel,False Positive,20,Closed
ALT-902007,2026-07-07 16:49:08,High,Loan Origination System,Mortgage & Lending,Exfiltration,L. Novak,False Positive,55,Closed
ALT-900789,2026-07-07 19:55:48,Medium,Customer API Gateway,Digital Banking,Discovery,S. Okafor,Benign,56,Closed
ALT-901935,2026-07-07 21:06:57,Medium,Loan Origination System,Mortgage & Lending,Collection,S. Okafor,Benign,140,Closed
ALT-903229,2026-07-08 00:37:57,Medium,Core Banking System,Retail Banking,Persistence,T. Chen,False Positive,34,Closed
ALT-901479,2026-07-08 02:19:58,Low,Email & Collaboration (O365),Corporate IT & Infrastructure,Lateral Movement,Unassigned,Benign,66,Closed
ALT-900197,2026-07-08 03:49:48,Low,Customer API Gateway,Digital Banking,Lateral Movement,M. Patel,True Positive,190,Closed
ALT-903039,2026-07-08 05:20:13,High,Data Warehouse,Corporate IT & Infrastructure,Discovery,S. Okafor,True Positive,32,Closed
ALT-900487,2026-07-08 07:05:46,Low,Card Issuance System,Payments & Cards,Lateral Movement,L. Novak,Benign,202,Closed
ALT-902518,2026-07-08 08:07:11,Medium,Payment Gateway,Payments & Cards,Persistence,Unassigned,Benign,63,Closed
ALT-903135,2026-07-08 08:23:39,Medium,Cloud Workloads (AWS),Corporate IT & Infrastructure,Privilege Escalation,M. Patel,False Positive,38,Closed
ALT-901819,2026-07-08 09:23:16,Medium,Commercial Loan Platform,Commercial Banking,Persistence,L. Novak,Benign,103,Closed
ALT-903686,2026-07-08 14:09:31,Medium,Card Issuance System,Payments & Cards,Command and Control,T. Chen,Benign,38,Closed
ALT-903129,2026-07-08 14:13:34,Medium,Online Banking Portal,Digital Banking,Execution,Unassigned,Benign,175,Closed
ALT-901785,2026-07-08 17:38:07,Medium,Active Directory,Corporate IT & Infrastructure,Credential Access,T. Chen,Benign,47,Closed
ALT-903580,2026-07-08 18:53:55,Medium,Treasury Management System,Commercial Banking,Lateral Movement,A. Ramirez,False Positive,40,Closed
ALT-902148,2026-07-08 19:20:37,Low,Wire Transfer System,Payments & Cards,Privilege Escalation,M. Patel,False Positive,276,Closed
ALT-903800,2026-07-08 20:30:08,Low,Online Banking Portal,Digital Banking,Exfiltration,L. Novak,False Positive,79,Closed
ALT-903985,2026-07-08 23:20:16,Low,ATM Network,Retail Banking,Lateral Movement,A. Ramirez,False Positive,35,Closed
ALT-900451,2026-07-09 08:25:43,Low,Mobile Banking App,Digital Banking,Defense Evasion,Unassigned,False Positive,20,Closed
ALT-901494,2026-07-09 10:56:56,Medium,Payment Gateway,Payments & Cards,Persistence,J. Kowalski,False Positive,50,Closed
ALT-902538,2026-07-09 13:44:29,Medium,Endpoint Fleet,Corporate IT & Infrastructure,Persistence,J. Kowalski,Benign,171,Closed
ALT-903110,2026-07-09 14:10:07,Low,Wealth Management Platform,Wealth Management,Lateral Movement,T. Chen,False Positive,72,Closed
ALT-904158,2026-07-09 21:19:32,Medium,Card Issuance System,Payments & Cards,Discovery,S. Okafor,Benign,163,Closed
ALT-902839,2026-07-09 23:32:48,Low,Wire Transfer System,Payments & Cards,Lateral Movement,A. Ramirez,Benign,233,Closed
ALT-901981,2026-07-10 01:34:26,Medium,Mobile Banking App,Digital Banking,Persistence,S. Okafor,Benign,83,Closed
ALT-900697,2026-07-10 06:42:40,Low,Commercial Loan Platform,Commercial Banking,Privilege Escalation,T. Chen,Benign,223,Closed
ALT-901501,2026-07-10 06:53:15,Medium,Data Warehouse,Corporate IT & Infrastructure,Privilege Escalation,Unassigned,False Positive,97,Closed
ALT-901829,2026-07-10 14:49:04,Medium,Wire Transfer System,Payments & Cards,Execution,M. Patel,False Positive,39,Closed
ALT-902765,2026-07-10 21:10:56,Medium,Customer API Gateway,Digital Banking,Execution,S. Okafor,False Positive,177,Closed
ALT-900123,2026-07-11 04:27:58,Low,Online Banking Portal,Digital Banking,Impact,M. Patel,Benign,81,Closed
ALT-902281,2026-07-11 04:37:51,Medium,Card Issuance System,Payments & Cards,Command and Control,Unassigned,False Positive,59,Closed
ALT-900603,2026-07-11 04:55:48,Low,Endpoint Fleet,Corporate IT & Infrastructure,Impact,L. Novak,False Positive,345,Closed
ALT-902800,2026-07-11 11:34:41,Low,Online Banking Portal,Digital Banking,Defense Evasion,S. Okafor,True Positive,353,Closed
ALT-903694,2026-07-11 13:49:52,Medium,Trading Platform,Wealth Management,Discovery,A. Ramirez,Benign,17,Closed
ALT-900969,2026-07-11 14:25:27,High,ATM Network,Retail Banking,Exfiltration,Unassigned,False Positive,31,Closed
ALT-902111,2026-07-11 15:13:24,Low,Cloud Workloads (AWS),Corporate IT & Infrastructure,Defense Evasion,S. Okafor,Benign,260,Closed
ALT-903754,2026-07-11 19:14:54,Medium,Loan Origination System,Mortgage & Lending,Defense Evasion,M. Patel,False Positive,69,Closed
ALT-900898,2026-07-11 21:36:39,Medium,Payment Gateway,Payments & Cards,Credential Access,Unassigned,Benign,31,Closed
ALT-902773,2026-07-12 04:16:04,Low,Loan Origination System,Mortgage & Lending,Initial Access,A. Ramirez,False Positive,60,Closed
ALT-902357,2026-07-12 05:04:17,Low,Core Banking System,Retail Banking,Persistence,T. Chen,False Positive,38,Closed
ALT-901859,2026-07-12 06:43:44,Low,Treasury Management System,Commercial Banking,Initial Access,L. Novak,False Positive,95,Closed
ALT-902865,2026-07-12 09:10:53,High,Active Directory,Corporate IT & Infrastructure,Credential Access,Unassigned,Benign,16,Closed
ALT-900007,2026-07-12 11:18:34,Low,Payment Gateway,Payments & Cards,Defense Evasion,S. Okafor,Benign,91,Closed
ALT-900847,2026-07-12 14:34:25,Low,Online Banking Portal,Digital Banking,Command and Control,T. Chen,Benign,201,Closed
ALT-903195,2026-07-12 15:12:47,Low,Customer API Gateway,Digital Banking,Exfiltration,S. Okafor,Benign,78,Closed
ALT-903651,2026-07-13 02:20:27,Low,Online Banking Portal,Digital Banking,Execution,A. Ramirez,Benign,305,Closed
ALT-902936,2026-07-13 06:01:25,High,Loan Origination System,Mortgage & Lending,Execution,L. Novak,Benign,6,Closed
ALT-901642,2026-07-13 06:21:55,Low,Core Banking System,Retail Banking,Defense Evasion,L. Novak,False Positive,221,Closed
ALT-901549,2026-07-13 07:58:22,Medium,Mobile Banking App,Digital Banking,Persistence,A. Ramirez,False Positive,153,Closed
ALT-902840,2026-07-13 10:34:08,Low,Payment Gateway,Payments & Cards,Command and Control,A. Ramirez,Benign,269,Closed
ALT-900514,2026-07-13 13:13:29,High,Document Management System,Mortgage & Lending,Defense Evasion,J. Kowalski,Benign,26,Closed
ALT-902903,2026-07-13 17:42:15,Low,Wealth Management Platform,Wealth Management,Command and Control,Unassigned,Benign,166,Closed
ALT-902435,2026-07-13 20:47:39,Low,Endpoint Fleet,Corporate IT & Infrastructure,Defense Evasion,M. Patel,Benign,243,Closed
ALT-902873,2026-07-13 21:03:25,Low,Email & Collaboration (O365),Corporate IT & Infrastructure,Impact,T. Chen,False Positive,101,Closed
ALT-902574,2026-07-13 21:53:22,Low,Core Banking System,Retail Banking,Exfiltration,L. Novak,False Positive,57,Closed
ALT-902049,2026-07-13 23:21:02,High,Wealth Management Platform,Wealth Management,Lateral Movement,S. Okafor,Benign,19,Closed
ALT-901190,2026-07-14 02:22:21,Low,Customer API Gateway,Digital Banking,Initial Access,Unassigned,True Positive,265,Closed
ALT-903092,2026-07-14 05:34:11,Medium,Payment Gateway,Payments & Cards,Impact,S. Okafor,Benign,111,Closed
ALT-903639,2026-07-14 07:58:43,Medium,Mobile Banking App,Digital Banking,Privilege Escalation,Unassigned,False Positive,176,Closed
ALT-903202,2026-07-14 14:30:33,Low,Payment Gateway,Payments & Cards,Exfiltration,L. Novak,False Positive,119,Closed
ALT-901596,2026-07-14 18:03:56,Low,Active Directory,Corporate IT & Infrastructure,Collection,L. Novak,False Positive,341,Closed
ALT-902113,2026-07-14 23:18:22,Medium,Active Directory,Corporate IT & Infrastructure,Credential Access,Unassigned,True Positive,127,Closed
ALT-900810,2026-07-15 03:23:48,Low,Endpoint Fleet,Corporate IT & Infrastructure,Impact,T. Chen,False Positive,28,Closed
ALT-903302,2026-07-15 08:41:53,Medium,Cloud Workloads (AWS),Corporate IT & Infrastructure,Privilege Escalation,M. Patel,False Positive,61,Closed
ALT-901115,2026-07-15 15:20:37,Medium,Payment Gateway,Payments & Cards,Command and Control,J. Kowalski,Benign,147,Closed
ALT-902069,2026-07-15 18:41:45,Low,Core Banking System,Retail Banking,Defense Evasion,J. Kowalski,Benign,104,Closed
ALT-900574,2026-07-16 00:30:37,Low,ATM Network,Retail Banking,Credential Access,J. Kowalski,False Positive,262,Closed
ALT-900316,2026-07-16 01:00:51,High,Customer API Gateway,Digital Banking,Lateral Movement,L. Novak,True Positive,7,Closed
ALT-901238,2026-07-16 06:59:06,Medium,Wealth Management Platform,Wealth Management,Command and Control,M. Patel,False Positive,19,Closed
ALT-902271,2026-07-16 13:07:58,Low,Cloud Workloads (AWS),Corporate IT & Infrastructure,Initial Access,M. Patel,False Positive,80,Closed
ALT-902190,2026-07-16 15:37:46,Medium,Active Directory,Corporate IT & Infrastructure,Credential Access,T. Chen,Benign,70,Closed
ALT-901098,2026-07-16 17:14:19,High,Trading Platform,Wealth Management,Persistence,M. Patel,Benign,37,Closed
ALT-901534,2026-07-16 18:09:52,Medium,Wealth Management Platform,Wealth Management,Impact,A. Ramirez,False Positive,137,Closed
ALT-902269,2026-07-17 08:49:26,High,Data Warehouse,Corporate IT & Infrastructure,Execution,J. Kowalski,True Positive,44,Closed
ALT-900226,2026-07-17 14:48:49,Medium,Mobile Banking App,Digital Banking,Execution,J. Kowalski,False Positive,96,Closed
ALT-902241,2026-07-17 14:49:47,Low,Data Warehouse,Corporate IT & Infrastructure,Credential Access,L. Novak,Benign,282,Closed
ALT-904184,2026-07-17 20:26:21,Low,Payment Gateway,Payments & Cards,Credential Access,S. Okafor,False Positive,185,Closed
ALT-903334,2026-07-18 09:02:35,Low,Loan Origination System,Mortgage & Lending,Exfiltration,J. Kowalski,True Positive,196,Closed
ALT-902107,2026-07-18 11:28:47,Medium,Commercial Loan Platform,Commercial Banking,Lateral Movement,T. Chen,False Positive,167,Closed
ALT-900066,2026-07-18 11:46:22,Low,Online Banking Portal,Digital Banking,Execution,Unassigned,False Positive,182,Closed
ALT-903870,2026-07-18 12:50:11,Low,Wire Transfer System,Payments & Cards,Defense Evasion,S. Okafor,False Positive,342,Closed
ALT-900951,2026-07-18 22:45:15,High,Customer API Gateway,Digital Banking,Command and Control,S. Okafor,False Positive,33,Closed
ALT-902782,2026-07-19 04:13:42,Low,Document Management System,Mortgage & Lending,Collection,M. Patel,Benign,138,Closed
ALT-902400,2026-07-19 05:44:13,Low,ATM Network,Retail Banking,Lateral Movement,A. Ramirez,True Positive,214,Closed
ALT-903278,2026-07-19 06:37:27,Low,Data Warehouse,Corporate IT & Infrastructure,Command and Control,M. Patel,Benign,194,Closed
ALT-900835,2026-07-19 09:00:40,High,Card Issuance System,Payments & Cards,Credential Access,S. Okafor,True Positive,29,Closed
ALT-903338,2026-07-19 10:06:05,Low,Wire Transfer System,Payments & Cards,Collection,T. Chen,False Positive,193,Closed
ALT-903282,2026-07-19 10:15:59,Medium,Commercial Loan Platform,Commercial Banking,Lateral Movement,J. Kowalski,False Positive,78,Closed
ALT-902697,2026-07-19 12:10:31,Medium,Commercial Loan Platform,Commercial Banking,Credential Access,A. Ramirez,Benign,55,Closed
ALT-901368,2026-07-20 03:19:48,Medium,Endpoint Fleet,Corporate IT & Infrastructure,Credential Access,L. Novak,Benign,171,Closed
ALT-903993,2026-07-20 06:27:52,Low,Commercial Loan Platform,Commercial Banking,Defense Evasion,Unassigned,False Positive,320,Closed
ALT-903069,2026-07-20 06:48:26,Low,Wire Transfer System,Payments & Cards,Defense Evasion,T. Chen,Benign,315,Closed
ALT-902176,2026-07-20 21:54:33,Medium,Loan Origination System,Mortgage & Lending,Initial Access,S. Okafor,Benign,176,Closed
ALT-900981,2026-07-21 07:42:21,Medium,Treasury Management System,Commercial Banking,Privilege Escalation,M. Patel,Benign,37,Closed
ALT-900672,2026-07-21 09:01:17,Low,Core Banking System,Retail Banking,Defense Evasion,S. Okafor,Benign,123,Closed
ALT-903052,2026-07-21 14:43:49,High,Online Banking Portal,Digital Banking,Exfiltration,M. Patel,True Positive,9,Closed
ALT-901065,2026-07-21 17:40:00,Low,Active Directory,Corporate IT & Infrastructure,Credential Access,T. Chen,Benign,251,Closed
ALT-903407,2026-07-22 13:22:32,High,Commercial Loan Platform,Commercial Banking,Credential Access,L. Novak,Benign,21,Closed
ALT-902577,2026-07-22 16:00:51,Low,ATM Network,Retail Banking,Credential Access,Unassigned,Benign,314,Closed
ALT-900795,2026-07-22 17:16:35,High,Customer API Gateway,Digital Banking,Privilege Escalation,J. Kowalski,False Positive,58,Closed
ALT-900164,2026-07-22 20:37:08,Medium,Document Management System,Mortgage & Lending,Initial Access,A. Ramirez,Benign,173,Closed
ALT-902534,2026-07-22 22:21:37,Low,Payment Gateway,Payments & Cards,Collection,M. Patel,False Positive,330,Closed
ALT-904155,2026-07-23 03:39:03,Medium,Card Issuance System,Payments & Cards,Collection,A. Ramirez,False Positive,48,Closed
ALT-903002,2026-07-23 07:46:44,Low,Document Management System,Mortgage & Lending,Initial Access,S. Okafor,False Positive,305,Closed
ALT-904009,2026-07-23 19:35:26,Low,Email & Collaboration (O365),Corporate IT & Infrastructure,Discovery,A. Ramirez,False Positive,36,Closed
ALT-903803,2026-07-24 00:41:21,High,ATM Network,Retail Banking,Credential Access,Unassigned,False Positive,17,Closed
ALT-903227,2026-07-24 05:15:01,Low,Customer API Gateway,Digital Banking,Privilege Escalation,T. Chen,Benign,206,Closed
ALT-903243,2026-07-24 05:57:23,Medium,Endpoint Fleet,Corporate IT & Infrastructure,Discovery,M. Patel,False Positive,147,Closed
ALT-903048,2026-07-24 10:48:09,Low,Core Banking System,Retail Banking,Command and Control,T. Chen,Benign,290,Closed
ALT-902158,2026-07-24 14:04:22,Low,Commercial Loan Platform,Commercial Banking,Discovery,S. Okafor,False Positive,120,Closed
ALT-902623,2026-07-24 15:36:43,Low,Treasury Management System,Commercial Banking,Lateral Movement,M. Patel,False Positive,78,Closed
ALT-904171,2026-07-24 15:45:43,High,Customer API Gateway,Digital Banking,Exfiltration,Unassigned,Benign,54,Closed
ALT-902085,2026-07-24 15:47:06,Medium,Trading Platform,Wealth Management,Collection,Unassigned,False Positive,107,Closed
ALT-902367,2026-07-24 20:00:51,High,Email & Collaboration (O365),Corporate IT & Infrastructure,Privilege Escalation,T. Chen,False Positive,6,Closed
ALT-903454,2026-07-25 00:06:46,Low,Customer API Gateway,Digital Banking,Initial Access,J. Kowalski,True Positive,35,Closed
ALT-901500,2026-07-25 08:15:13,Low,Mobile Banking App,Digital Banking,Discovery,T. Chen,True Positive,329,Closed
ALT-904115,2026-07-25 08:50:20,Low,Core Banking System,Retail Banking,Exfiltration,T. Chen,False Positive,27,Closed
ALT-903741,2026-07-25 16:37:13,High,Wealth Management Platform,Wealth Management,Exfiltration,Unassigned,True Positive,17,Closed
ALT-902268,2026-07-25 16:41:22,Medium,Commercial Loan Platform,Commercial Banking,Execution,S. Okafor,Benign,177,Closed
ALT-900494,2026-07-25 17:03:55,High,Wire Transfer System,Payments & Cards,Initial Access,M. Patel,Benign,60,Closed
ALT-900536,2026-07-25 20:31:04,Low,Commercial Loan Platform,Commercial Banking,Privilege Escalation,A. Ramirez,Benign,256,Closed
ALT-903203,2026-07-26 01:21:46,High,Trading Platform,Wealth Management,Defense Evasion,A. Ramirez,False Positive,59,Closed
ALT-900901,2026-07-26 04:05:46,Low,Trading Platform,Wealth Management,Persistence,M. Patel,True Positive,222,Closed
ALT-900052,2026-07-26 04:46:44,Low,Online Banking Portal,Digital Banking,Exfiltration,S. Okafor,False Positive,340,Closed
ALT-903774,2026-07-26 10:21:00,Medium,Wire Transfer System,Payments & Cards,Execution,T. Chen,True Positive,128,Closed
ALT-903200,2026-07-27 22:52:02,Medium,Trading Platform,Wealth Management,Privilege Escalation,Unassigned,True Positive,32,Closed
ALT-904140,2026-07-27 23:01:05,Medium,Core Banking System,Retail Banking,Impact,Unassigned,False Positive,71,Closed
ALT-900581,2026-07-27 23:33:30,Low,Document Management System,Mortgage & Lending,Lateral Movement,A. Ramirez,True Positive,337,New
ALT-902878,2026-07-28 04:52:12,High,Document Management System,Mortgage & Lending,Execution,L. Novak,Benign,36,In Progress
ALT-901690,2026-07-28 07:32:16,Medium,Online Banking Portal,Digital Banking,Command and Control,Unassigned,False Positive,107,In Progress
ALT-902854,2026-07-28 11:49:10,Low,Customer API Gateway,Digital Banking,Credential Access,M. Patel,False Positive,81,New
ALT-901316,2026-07-28 13:23:13,Low,Email & Collaboration (O365),Corporate IT & Infrastructure,Collection,S. Okafor,Benign,325,In Progress
ALT-901172,2026-07-28 15:40:40,Low,Payment Gateway,Payments & Cards,Discovery,A. Ramirez,Benign,240,In Progress
ALT-902421,2026-07-28 16:39:50,Medium,Document Management System,Mortgage & Lending,Persistence,L. Novak,Benign,108,New
ALT-901067,2026-07-28 19:13:50,High,Email & Collaboration (O365),Corporate IT & Infrastructure,Privilege Escalation,A. Ramirez,True Positive,41,New
ALT-900716,2026-07-28 22:23:46,Low,ATM Network,Retail Banking,Lateral Movement,L. Novak,Benign,196,Closed
ALT-903464,2026-07-28 22:38:44,Medium,Mobile Banking App,Digital Banking,Lateral Movement,J. Kowalski,Benign,154,New
ALT-902992,2026-07-28 23:25:15,Low,Trading Platform,Wealth Management,Privilege Escalation,L. Novak,Benign,97,New
ALT-900840,2026-07-29 05:43:13,Low,Wire Transfer System,Payments & Cards,Command and Control,A. Ramirez,False Positive,151,In Progress
ALT-900526,2026-07-29 08:03:33,Medium,Customer API Gateway,Digital Banking,Discovery,Unassigned,Benign,161,New
ALT-904079,2026-07-29 09:52:17,Low,Payment Gateway,Payments & Cards,Initial Access,M. Patel,False Positive,133,Closed
ALT-900900,2026-07-30 01:07:35,Low,Teller Platform,Retail Banking,Execution,S. Okafor,False Positive,139,Closed
ALT-901601,2026-07-30 02:01:14,Medium,Card Issuance System,Payments & Cards,Credential Access,A. Ramirez,Benign,18,In Progress
ALT-901721,2026-07-30 13:42:05,Low,Email & Collaboration (O365),Corporate IT & Infrastructure,Defense Evasion,M. Patel,True Positive,346,New
ALT-900936,2026-07-30 20:31:07,Medium,Core Banking System,Retail Banking,Initial Access,T. Chen,False Positive,90,New
ALT-902823,2026-07-30 20:47:47,Medium,Mobile Banking App,Digital Banking,Collection,L. Novak,Benign,149,Closed
ALT-901092,2026-07-30 21:27:34,Low,Trading Platform,Wealth Management,Initial Access,A. Ramirez,False Positive,133,Closed
ALT-902884,2026-07-30 22:09:41,Low,Card Issuance System,Payments & Cards,Credential Access,T. Chen,Benign,257,New
ALT-903288,2026-07-31 04:52:23,Low,Cloud Workloads (AWS),Corporate IT & Infrastructure,Command and Control,J. Kowalski,True Positive,233,New
ALT-903028,2026-07-31 07:38:11,Medium,ATM Network,Retail Banking,Collection,M. Patel,Benign,24,New
ALT-902337,2026-07-31 09:18:29,Low,Card Issuance System,Payments & Cards,Collection,T. Chen,False Positive,343,Closed
ALT-902374,2026-07-31 10:42:48,High,Treasury Management System,Commercial Banking,Persistence,M. Patel,Benign,59,New
ALT-903732,2026-07-31 12:45:24,Medium,Core Banking System,Retail Banking,Execution,S. Okafor,False Positive,13,Closed
ALT-904172,2026-07-31 15:21:31,Medium,Payment Gateway,Payments & Cards,Discovery,S. Okafor,False Positive,74,In Progress
ALT-902952,2026-07-31 17:53:57,Low,Endpoint Fleet,Corporate IT & Infrastructure,Defense Evasion,L. Novak,Benign,343,In Progress
